web_scraper_order,web_scraper_start_url,pagination,name,price,rating,data,image,item_page_title,item_page_link,sku,description,badge,brand_name,product_1_category,title,stock_status,image_1
"1773452701-1","https://www.watsons.com.tr/search/essence?query=essence:most-relevant:masterBrandName:ESSENCE","https://www.watsons.com.tr/search/essence?query=essence:most-relevant:masterBrandName:ESSENCE&currentPage=8","Essence Jel Oje No: 17","69,95 ₺","0","","https://media.watsons.com.tr/medias/sys_master/prd-images/h67/h31/9040550789150/prd-front-1327249_195x195/prd-front-1327249-195x195.png","Essence Jel Oje No: 17   
 69,95 ₺   0","https://www.watsons.com.tr/essence-jel-oje-no-17/p/BP_1327249","","","","","","ESSENCE","",""
"1773452703-2","https://www.watsons.com.tr/search/essence?query=essence:most-relevant:masterBrandName:ESSENCE","https://www.watsons.com.tr/search/essence?query=essence:most-relevant:masterBrandName:ESSENCE&currentPage=8","Essence Jel Oje No: 33","69,95 ₺","0","","https://media.watsons.com.tr/medias/sys_master/prd-images/h84/hb9/9039360917534/prd-front-1327291_195x195/prd-front-1327291-195x195.png","Essence Jel Oje No: 33   
 69,95 ₺   0","https://www.watsons.com.tr/essence-jel-oje-no-33/p/BP_1327291","","","","","","ESSENCE","",""
"1773452706-3","https://www.watsons.com.tr/search/essence?query=essence:most-relevant:masterBrandName:ESSENCE","https://www.watsons.com.tr/search/essence?query=essence:most-relevant:masterBrandName:ESSENCE&currentPage=8","Essence Jel Oje No: 42","69,95 ₺","0","","https://media.watsons.com.tr/medias/sys_master/prd-images/h92/h39/9040562323486/prd-front-1327305_195x195/prd-front-1327305-195x195.png","Essence Jel Oje No: 42   
 69,95 ₺   0","https://www.watsons.com.tr/essence-jel-oje-no-42/p/BP_1327305","","","","","","ESSENCE","",""
"1773452709-4","https://www.watsons.com.tr/search/essence?query=essence:most-relevant:masterBrandName:ESSENCE","https://www.watsons.com.tr/search/essence?query=essence:most-relevant:masterBrandName:ESSENCE&currentPage=8","Essence Jel Oje No: 08","69,95 ₺","3","","https://media.watsons.com.tr/medias/sys_master/prd-images/h1a/h20/9040550264862/prd-front-1327193_195x195/prd-front-1327193-195x195.png","Essence Jel Oje No: 08   
 69,95 ₺   3","https://www.watsons.com.tr/essence-jel-oje-no-08/p/BP_1327193","","","","","","ESSENCE","",""
"1773452711-5","https://www.watsons.com.tr/search/essence?query=essence:most-relevant:masterBrandName:ESSENCE","https://www.watsons.com.tr/search/essence?query=essence:most-relevant:masterBrandName:ESSENCE&currentPage=8","Essence Jel Oje No: 18","69,95 ₺","0","","https://media.watsons.com.tr/medias/sys_master/prd-images/hf8/h83/9040558653470/prd-front-1327256_195x195/prd-front-1327256-195x195.png","Essence Jel Oje No: 18   
 69,95 ₺   0","https://www.watsons.com.tr/essence-jel-oje-no-18/p/BP_1327256","","","","","","ESSENCE","",""
"1773452713-6","https://www.watsons.com.tr/search/essence?query=essence:most-relevant:masterBrandName:ESSENCE","https://www.watsons.com.tr/search/essence?query=essence:most-relevant:masterBrandName:ESSENCE&currentPage=8","Essence Jel Oje No: 46","69,95 ₺","0","","https://media.watsons.com.tr/medias/sys_master/prd-images/hf5/h2f/9040584081438/prd-front-1327319_195x195/prd-front-1327319-195x195.png","Essence Jel Oje No: 46   
 69,95 ₺   0","https://www.watsons.com.tr/essence-jel-oje-no-46/p/BP_1327319","","","","","","ESSENCE","",""
"1773452716-7","https://www.watsons.com.tr/search/essence?query=essence:most-relevant:masterBrandName:ESSENCE","https://www.watsons.com.tr/search/essence?query=essence:most-relevant:masterBrandName:ESSENCE&currentPage=8","Essence Jel Oje No: 12","69,95 ₺","0","","https://media.watsons.com.tr/medias/sys_master/prd-images/ha3/he6/9040549740574/prd-front-1327214_195x195/prd-front-1327214-195x195.png","Essence Jel Oje No: 12   
 69,95 ₺   0","https://www.watsons.com.tr/essence-jel-oje-no-12/p/BP_1327214","","","","","","ESSENCE","",""
"1773452720-8","https://www.watsons.com.tr/search/essence?query=essence:most-relevant:masterBrandName:ESSENCE","https://www.watsons.com.tr/search/essence?query=essence:most-relevant:masterBrandName:ESSENCE&currentPage=8","Essence Jel Oje 77","69,95 ₺","0","","https://media.watsons.com.tr/medias/sys_master/prd-images/h18/h49/12430922743838/prd-front-1446732_195x195/prd-front-1446732-195x195.jpg","Essence Jel Oje 77   
 69,95 ₺   0","https://www.watsons.com.tr/essence-jel-oje-77/p/BP_1446732","1446732","OJE","","ESSENCE","Oje","Essence Jel Oje 77","Stokta Yok","https://media.watsons.com.tr/medias/sys_master/prd-images/h29/h4c/12430922678302/prd-front-1446732_1200x1200/prd-front-1446732-1200x1200.jpg"
"1773452724-9","https://www.watsons.com.tr/search/essence?query=essence:most-relevant:masterBrandName:ESSENCE","https://www.watsons.com.tr/search/essence?query=essence:most-relevant:masterBrandName:ESSENCE&currentPage=8","Essence Gel Oje No: 70","69,95 ₺","2","","https://media.watsons.com.tr/medias/sys_master/prd-images/hba/h2c/11147811880990/prd-front-1405593_195x195/prd-front-1405593-195x195.jpg","Essence Gel Oje No: 70   
 69,95 ₺   2","https://www.watsons.com.tr/essence-gel-oje-no-70/p/BP_1405593","1405593","Essence Gel Oje No: 70","","ESSENCE","Oje","Essence Gel Oje No: 70","Stokta Yok","https://media.watsons.com.tr/medias/sys_master/prd-images/h7b/h2d/11147811815454/prd-front-1405593_1200x1200/prd-front-1405593-1200x1200.jpg"
"1773452728-10","https://www.watsons.com.tr/search/essence?query=essence:most-relevant:masterBrandName:ESSENCE","https://www.watsons.com.tr/search/essence?query=essence:most-relevant:masterBrandName:ESSENCE&currentPage=8","Essence Gel Oje No: 54","69,95 ₺","0","","https://media.watsons.com.tr/medias/sys_master/prd-images/h7a/h07/9326276018206/prd-front-1352407_195x195/prd-front-1352407-195x195.png","Essence Gel Oje No: 54   
 69,95 ₺   0","https://www.watsons.com.tr/essence-gel-oje-no-54/p/BP_1352407","1352407","Essence Gel Oje No: 54","","ESSENCE","Oje","Essence Gel Oje No: 54","Stokta Yok","https://media.watsons.com.tr/medias/sys_master/prd-images/h2f/h43/9326275952670/prd-front-1352407_1200x1200/prd-front-1352407-1200x1200.png"
"1773452731-11","https://www.watsons.com.tr/search/essence?query=essence:most-relevant:masterBrandName:ESSENCE","https://www.watsons.com.tr/search/essence?query=essence:most-relevant:masterBrandName:ESSENCE&currentPage=8","Essence Jel Oje 81","69,95 ₺","0","","https://media.watsons.com.tr/medias/sys_master/prd-images/he0/h0f/12430923268126/prd-front-1446746_195x195/prd-front-1446746-195x195.jpg","Essence Jel Oje 81   
 69,95 ₺   0","https://www.watsons.com.tr/essence-jel-oje-81/p/BP_1446746","1446746","OJE","","ESSENCE","Oje","Essence Jel Oje 81","Stokta Yok","https://media.watsons.com.tr/medias/sys_master/prd-images/h31/h0f/12430923202590/prd-front-1446746_1200x1200/prd-front-1446746-1200x1200.jpg"
"1773452735-12","https://www.watsons.com.tr/search/essence?query=essence:most-relevant:masterBrandName:ESSENCE","https://www.watsons.com.tr/search/essence?query=essence:most-relevant:masterBrandName:ESSENCE&currentPage=8","Essence Tırnak Bakım Yağı","119,90 ₺","1","","https://media.watsons.com.tr/medias/sys_master/prd-images/hf7/h6b/9326262124574/prd-front-1352204_195x195/prd-front-1352204-195x195.png","Essence Tırnak Bakım Yağı   
 119,90 ₺   1","https://www.watsons.com.tr/essence-tirnak-bakim-yagi/p/BP_1352204","1352204","Essence Tırnak Bakım Yağı","","ESSENCE","Tırnak Bakım Ürünleri","Essence Tırnak Bakım Yağı","Stokta Yok","https://media.watsons.com.tr/medias/sys_master/prd-images/h07/h6f/9326262059038/prd-front-1352204_1200x1200/prd-front-1352204-1200x1200.png"
"1773452739-13","https://www.watsons.com.tr/search/essence?query=essence:most-relevant:masterBrandName:ESSENCE","https://www.watsons.com.tr/search/essence?query=essence:most-relevant:masterBrandName:ESSENCE&currentPage=8","Essence Gel Oje No: 53","39,95 ₺","0","","https://media.watsons.com.tr/medias/sys_master/prd-images/h4c/h5b/9326275231774/prd-front-1352400_195x195/prd-front-1352400-195x195.png","Essence Gel Oje No: 53   
 39,95 ₺   0","https://www.watsons.com.tr/essence-gel-oje-no-53/p/BP_1352400","1352400","Essence Gel Oje No: 53","","ESSENCE","Oje","Essence Gel Oje No: 53","Stokta Yok","https://media.watsons.com.tr/medias/sys_master/prd-images/h5d/h5e/9326275166238/prd-front-1352400_1200x1200/prd-front-1352400-1200x1200.png"
"1773452743-14","https://www.watsons.com.tr/search/essence?query=essence:most-relevant:masterBrandName:ESSENCE","https://www.watsons.com.tr/search/essence?query=essence:most-relevant:masterBrandName:ESSENCE&currentPage=8","Essence Love It A Choco' Lot! 3'lü Bileklik 01","276,90 ₺","0","","https://media.watsons.com.tr/medias/sys_master/prd-images/h6a/h8d/13913616089118/prd-front-1487416_195x195/prd-front-1487416-195x195.jpg","Essence Love It A Choco' Lot! 3'lü Bileklik 01   
 276,90 ₺   0","https://www.watsons.com.tr/essence-love-it-a-choco-lot-3lu-bileklik-01/p/BP_1487416","1487416","Essence Love It A Choco' Lot! Üçlü Bileklik 01","","ESSENCE","","Essence Love It A Choco' Lot! 3'lü Bileklik 01","Stokta Yok","https://media.watsons.com.tr/medias/sys_master/prd-images/hbc/h8c/13913616023582/prd-front-1487416_1200x1200/prd-front-1487416-1200x1200.jpg"
"1773452748-15","https://www.watsons.com.tr/search/essence?query=essence:most-relevant:masterBrandName:ESSENCE","https://www.watsons.com.tr/search/essence?query=essence:most-relevant:masterBrandName:ESSENCE&currentPage=7","Essence Love It A Choco' Lot! Dudak Yağı 01","190,90 ₺","0","","https://media.watsons.com.tr/medias/sys_master/prd-images/h98/ha8/13913616875550/prd-front-1487451_195x195/prd-front-1487451-195x195.jpg","Essence Love It A Choco' Lot! Dudak Yağı 01   
 190,90 ₺   0","https://www.watsons.com.tr/essence-love-it-a-choco-lot-dudak-yagi-01/p/BP_1487451","1487451","Essence Love It A Choco' Lot! Dudak Yağı 01","","ESSENCE","Ruj ve Lipstick","Essence Love It A Choco' Lot! Dudak Yağı 01","Stokta Yok","https://media.watsons.com.tr/medias/sys_master/prd-images/hea/ha7/13913616810014/prd-front-1487451_1200x1200/prd-front-1487451-1200x1200.jpg"
"1773452750-16","https://www.watsons.com.tr/search/essence?query=essence:most-relevant:masterBrandName:ESSENCE","https://www.watsons.com.tr/search/essence?query=essence:most-relevant:masterBrandName:ESSENCE&currentPage=7","Essence Love Luck&Dragons Göz Bandı","29,95 ₺","0","","https://media.watsons.com.tr/medias/sys_master/prd-images/h80/h5c/11653367595038/prd-front-1422169_195x195/prd-front-1422169-195x195.jpg","Essence Love Luck&Dragons Göz Bandı   
 29,95 ₺   0","https://www.watsons.com.tr/essence-love-luck-dragons-goz-bandi/p/BP_1422169","1422169","GÖZ BAKIM PEDLERİ","","ESSENCE","","Essence Love Luck&Dragons Göz Bandı","Stokta Yok","https://media.watsons.com.tr/medias/sys_master/prd-images/hbf/h5b/11653367529502/prd-front-1422169_1200x1200/prd-front-1422169-1200x1200.jpg"
"1773452754-17","https://www.watsons.com.tr/search/essence?query=essence:most-relevant:masterBrandName:ESSENCE","https://www.watsons.com.tr/search/essence?query=essence:most-relevant:masterBrandName:ESSENCE&currentPage=7","Essence Eye Sparkle! Likit Göz Kalemi 01","59,95 ₺","0","","https://media.watsons.com.tr/medias/sys_master/prd-images/hb5/he9/12430920908830/prd-front-1446585_195x195/prd-front-1446585-195x195.jpg","Essence Eye Sparkle! Likit Göz Kalemi 01   
 59,95 ₺   0","https://www.watsons.com.tr/essence-eye-sparkle-likit-goz-kalemi-01/p/BP_1446585","1446585","GÖZ KALEM/LINER","","ESSENCE","Eyeliner","Essence Eye Sparkle! Likit Göz Kalemi 01","Stokta Yok","https://media.watsons.com.tr/medias/sys_master/prd-images/hb7/he6/12430920843294/prd-front-1446585_1200x1200/prd-front-1446585-1200x1200.jpg"
"1773452758-18","https://www.watsons.com.tr/search/essence?query=essence:most-relevant:masterBrandName:ESSENCE","https://www.watsons.com.tr/search/essence?query=essence:most-relevant:masterBrandName:ESSENCE&currentPage=7","Essence Fix It Like A Boss Şeffaf Kaş Maskarası","39,95 ₺","0","","https://media.watsons.com.tr/medias/sys_master/prd-images/h1e/hf6/9688483528734/prd-front-1340710_195x195/prd-front-1340710-195x195.jpg","Essence Fix It Like A Boss Şeffaf Kaş Maskarası   
 39,95 ₺   0","https://www.watsons.com.tr/essence-fix-it-like-a-boss-seffaf-kas-maskarasi/p/BP_1340710","1340710","Essence Fix It Like A Boss Şeffaf Kaş Maskarası","Online Özel","ESSENCE","","Essence Fix It Like A Boss Şeffaf Kaş Maskarası","Stokta Yok","https://media.watsons.com.tr/medias/sys_master/prd-images/h20/hf3/9688483463198/prd-front-1340710_1200x1200/prd-front-1340710-1200x1200.jpg"
"1773452761-19","https://www.watsons.com.tr/search/essence?query=essence:most-relevant:masterBrandName:ESSENCE","https://www.watsons.com.tr/search/essence?query=essence:most-relevant:masterBrandName:ESSENCE&currentPage=7","Essence Skin Tint No: 100","79,95 ₺","0","","https://media.watsons.com.tr/medias/sys_master/prd-images/h8e/haa/10992255893534/prd-front-1405488_195x195/prd-front-1405488-195x195.jpg","Essence Skin Tint No: 100   
 79,95 ₺   0","https://www.watsons.com.tr/essence-skin-tint-no-100/p/BP_1405488","1405488","Essence Skin Tint No: 100","","ESSENCE","Fondöten","Essence Skin Tint No: 100","Stokta Yok","https://media.watsons.com.tr/medias/sys_master/prd-images/hcd/ha9/10992255827998/prd-front-1405488_1200x1200/prd-front-1405488-1200x1200.jpg"
"1773452765-20","https://www.watsons.com.tr/search/essence?query=essence:most-relevant:masterBrandName:ESSENCE","https://www.watsons.com.tr/search/essence?query=essence:most-relevant:masterBrandName:ESSENCE&currentPage=7","Essence Stay All Day 16H Fondöten No: 20","59,95 ₺","0","","https://media.watsons.com.tr/medias/sys_master/prd-images/h63/ha4/8905010184222/prd-front-1279152_195x195/prd-front-1279152-195x195.png","Essence Stay All Day 16H Fondöten No: 20   
 59,95 ₺   0","https://www.watsons.com.tr/essence-stay-all-day-16h-fondoten-no-20/p/BP_1279152","1279152","Essence Stay All Day 16H Fondöten No: 20","Online Özel","ESSENCE","Fondöten","Essence Stay All Day 16H Fondöten No: 20","Stokta Yok","https://media.watsons.com.tr/medias/sys_master/prd-images/ha1/ha3/8905010118686/prd-front-1279152_1200x1200/prd-front-1279152-1200x1200.png"
"1773452769-21","https://www.watsons.com.tr/search/essence?query=essence:most-relevant:masterBrandName:ESSENCE","https://www.watsons.com.tr/search/essence?query=essence:most-relevant:masterBrandName:ESSENCE&currentPage=7","Essence Hydro Hero 24H Tinted Cream 20","185,90 ₺","0","","https://media.watsons.com.tr/medias/sys_master/prd-images/h96/hdb/9022969806878/prd-front-1322629_195x195/prd-front-1322629-195x195.png","Essence Hydro Hero 24H Tinted Cream 20   
 185,90 ₺   0","https://www.watsons.com.tr/essence-hydro-hero-24h-tinted-cream-20/p/BP_1322629","1322629","Essence Hydro Hero 24H Tinted Cream 20","","ESSENCE","BB ve CC Krem","Essence Hydro Hero 24H Tinted Cream 20","Stokta Yok","https://media.watsons.com.tr/medias/sys_master/prd-images/h98/hd8/9022969741342/prd-front-1322629_1200x1200/prd-front-1322629-1200x1200.png"
"1773452773-22","https://www.watsons.com.tr/search/essence?query=essence:most-relevant:masterBrandName:ESSENCE","https://www.watsons.com.tr/search/essence?query=essence:most-relevant:masterBrandName:ESSENCE&currentPage=7","Essence Fix & Last Keep It Make-Up Fixing Sprey","177,90 ₺","0","","https://media.watsons.com.tr/medias/sys_master/prd-images/hfa/ha4/12430926675998/prd-front-1446858_195x195/prd-front-1446858-195x195.jpg","Essence Fix & Last Keep It Make-Up Fixing Sprey   
 177,90 ₺   0","https://www.watsons.com.tr/essence-fix-last-keep-it-make-up-fixing-sprey/p/BP_1446858","1446858","MAKYAJ SABİTLEYİCİ SPREY","","ESSENCE","Makyaj Sabitleyici","Essence Fix & Last Keep It Make-Up Fixing Sprey","Stokta Yok","https://media.watsons.com.tr/medias/sys_master/prd-images/ha7/ha5/12430926610462/prd-front-1446858_1200x1200/prd-front-1446858-1200x1200.jpg"
"1773452777-23","https://www.watsons.com.tr/search/essence?query=essence:most-relevant:masterBrandName:ESSENCE","https://www.watsons.com.tr/search/essence?query=essence:most-relevant:masterBrandName:ESSENCE&currentPage=7","Essence The Grow'N'Glow Bakım Yapan Oje","96,95 ₺","0","","https://media.watsons.com.tr/medias/sys_master/prd-images/hd0/hce/9326261338142/prd-front-1352190_195x195/prd-front-1352190-195x195.png","Essence The Grow'N'Glow Bakım Yapan Oje   
 96,95 ₺   0","https://www.watsons.com.tr/essence-the-grownglow-bakim-yapan-oje/p/BP_1352190","1352190","Essence The Grow'N'Glow Bakım Yapan Oje","","ESSENCE","Tırnak Bakım Ürünleri","Essence The Grow'N'Glow Bakım Yapan Oje","Stokta Yok","https://media.watsons.com.tr/medias/sys_master/prd-images/hce/hd1/9326261272606/prd-front-1352190_1200x1200/prd-front-1352190-1200x1200.png"
"1773452782-24","https://www.watsons.com.tr/search/essence?query=essence:most-relevant:masterBrandName:ESSENCE","https://www.watsons.com.tr/search/essence?query=essence:most-relevant:masterBrandName:ESSENCE&currentPage=7","Essence Colour Shield Top Coat","105,90 ₺","3","","https://media.watsons.com.tr/medias/sys_master/prd-images/ha4/h95/9040580411422/prd-front-1327340_195x195/prd-front-1327340-195x195.png","Essence Colour Shield Top Coat   
 105,90 ₺   3","https://www.watsons.com.tr/essence-colour-shield-top-coat/p/BP_1327340","1327340","Essence Colour Shield Top Coat","","ESSENCE","Oje","Essence Colour Shield Top Coat","Stokta Yok","https://media.watsons.com.tr/medias/sys_master/prd-images/h93/h92/9040580345886/prd-front-1327340_1200x1200/prd-front-1327340-1200x1200.png"
"1773452784-25","https://www.watsons.com.tr/search/essence?query=essence:most-relevant:masterBrandName:ESSENCE","https://www.watsons.com.tr/search/essence?query=essence:most-relevant:masterBrandName:ESSENCE&currentPage=7","Essence Cover Stick Kapatıcı 10 Matt Naturelle","119,90 ₺","3","","https://media.watsons.com.tr/medias/sys_master/prd-images/h6f/h09/8906018979870/prd-front-162655_195x195/prd-front-162655-195x195.jpeg","Essence Cover Stick Kapatıcı 10 Matt Naturelle   
 119,90 ₺   3","https://www.watsons.com.tr/essence-cover-stick-kapatici-10-matt-naturelle/p/BP_162655","","","","","","ESSENCE","",""
"1773452788-26","https://www.watsons.com.tr/search/essence?query=essence:most-relevant:masterBrandName:ESSENCE","https://www.watsons.com.tr/search/essence?query=essence:most-relevant:masterBrandName:ESSENCE&currentPage=7","Essence Love It A Choco' Lot! Stick Göz Farı 01","190,90 ₺","0","","https://media.watsons.com.tr/medias/sys_master/prd-images/h72/h34/13913615564830/prd-front-1487402_195x195/prd-front-1487402-195x195.jpg","Essence Love It A Choco' Lot! Stick Göz Farı 01   
 190,90 ₺   0","https://www.watsons.com.tr/essence-love-it-a-choco-lot-stick-goz-fari-01/p/BP_1487402","1487402","Essence Love It A Choco' Lot! Stick Göz Farı 01","","ESSENCE","Far ve Paletler","Essence Love It A Choco' Lot! Stick Göz Farı 01","Stokta Yok","https://media.watsons.com.tr/medias/sys_master/prd-images/h61/h31/13913615499294/prd-front-1487402_1200x1200/prd-front-1487402-1200x1200.jpg"
"1773452792-27","https://www.watsons.com.tr/search/essence?query=essence:most-relevant:masterBrandName:ESSENCE","https://www.watsons.com.tr/search/essence?query=essence:most-relevant:masterBrandName:ESSENCE&currentPage=7","Essence Hacim Arttıran Kirpik Primer","39,95 ₺","9","","https://media.watsons.com.tr/medias/sys_master/prd-images/hf2/ha2/8909341425694/prd-front-166958_195x195/prd-front-166958-195x195.jpeg","Essence Hacim Arttıran Kirpik Primer   
 39,95 ₺   9","https://www.watsons.com.tr/essence-hacim-arttiran-kirpik-primer/p/BP_166958","166958","Essence Hacim Arttıran Kirpik Primer","Online Özel","ESSENCE","Maskara","Essence Hacim Arttıran Kirpik Primer","Stokta Yok","https://media.watsons.com.tr/medias/sys_master/prd-images/hf4/h9f/8909341360158/prd-front-166958_1200x1200/prd-front-166958-1200x1200.jpeg"
"1773452796-28","https://www.watsons.com.tr/search/essence?query=essence:most-relevant:masterBrandName:ESSENCE","https://www.watsons.com.tr/search/essence?query=essence:most-relevant:masterBrandName:ESSENCE&currentPage=7","Essence Love It A Choco' Lot! Dudak Parlatıcısı 01","126,90 ₺","0","","https://media.watsons.com.tr/medias/sys_master/prd-images/h12/hfa/13913617137694/prd-front-1487458_195x195/prd-front-1487458-195x195.jpg","Essence Love It A Choco' Lot! Dudak Parlatıcısı 01   
 126,90 ₺   0","https://www.watsons.com.tr/essence-love-it-a-choco-lot-dudak-parlaticisi-01/p/BP_1487458","1487458","Essence Love It A Choco' Lot! Dudak Parlatıcısı 01","","ESSENCE","Lip Gloss","Essence Love It A Choco' Lot! Dudak Parlatıcısı 01","Stokta Yok","https://media.watsons.com.tr/medias/sys_master/prd-images/h14/hf7/13913617072158/prd-front-1487458_1200x1200/prd-front-1487458-1200x1200.jpg"
"1773452799-29","https://www.watsons.com.tr/search/essence?query=essence:most-relevant:masterBrandName:ESSENCE","https://www.watsons.com.tr/search/essence?query=essence:most-relevant:masterBrandName:ESSENCE&currentPage=7","Essence Stick Fondöten 50","259,90 ₺","3","","https://media.watsons.com.tr/medias/sys_master/prd-images/h87/h7c/12430924316702/prd-front-1446781_195x195/prd-front-1446781-195x195.jpg","Essence Stick Fondöten 50   
 259,90 ₺   3","https://www.watsons.com.tr/essence-stick-fondoten-50/p/BP_1446781","1446781","FONDÖTEN","","ESSENCE","Fondöten","Essence Stick Fondöten 50","Stokta Yok","https://media.watsons.com.tr/medias/sys_master/prd-images/h89/h79/12430924251166/prd-front-1446781_1200x1200/prd-front-1446781-1200x1200.jpg"
"1773452803-30","https://www.watsons.com.tr/search/essence?query=essence:most-relevant:masterBrandName:ESSENCE","https://www.watsons.com.tr/search/essence?query=essence:most-relevant:masterBrandName:ESSENCE&currentPage=7","Essence Camouflage + Matte Kapatıcı 100","177,90 ₺","0","","https://media.watsons.com.tr/medias/sys_master/prd-images/hc2/h7a/13217547550750/prd-front-1465317_195x195/prd-front-1465317-195x195.jpg","Essence Camouflage + Matte Kapatıcı 100   
 177,90 ₺   0","https://www.watsons.com.tr/essence-camouflage-matte-kapatici-100/p/BP_1465317","1465317","KAPATICI","","ESSENCE","Kapatıcılar","Essence Camouflage + Matte Kapatıcı 100","Stokta Yok","https://media.watsons.com.tr/medias/sys_master/prd-images/hd2/h7d/13217547485214/prd-front-1465317_1200x1200/prd-front-1465317-1200x1200.jpg"
"1773452807-31","https://www.watsons.com.tr/search/essence?query=essence:most-relevant:masterBrandName:ESSENCE","https://www.watsons.com.tr/search/essence?query=essence:most-relevant:masterBrandName:ESSENCE&currentPage=7","Essence Dudak Bakımı Şekerli Peeling 02","59,95 ₺","0","","https://media.watsons.com.tr/medias/sys_master/prd-images/hf0/h16/12381101850654/prd-front-1443547_195x195/prd-front-1443547-195x195.jpg","Essence Dudak Bakımı Şekerli Peeling 02   
 59,95 ₺   0","https://www.watsons.com.tr/essence-dudak-bakimi-sekerli-peeling-02/p/BP_1443547","1443547","RUJ","","ESSENCE","Ruj ve Lipstick","Essence Dudak Bakımı Şekerli Peeling 02","Stokta Yok","https://media.watsons.com.tr/medias/sys_master/prd-images/he0/h13/12381101785118/prd-front-1443547_1200x1200/prd-front-1443547-1200x1200.jpg"
"1773452812-32","https://www.watsons.com.tr/search/essence?query=essence:most-relevant:masterBrandName:ESSENCE","https://www.watsons.com.tr/search/essence?query=essence:most-relevant:masterBrandName:ESSENCE&currentPage=7","Essence Dudak Bakımı Jelly Uyku Maskesi 02","59,95 ₺","1","","https://media.watsons.com.tr/medias/sys_master/prd-images/h0f/h0d/12381101588510/prd-front-1443540_195x195/prd-front-1443540-195x195.jpg","Essence Dudak Bakımı Jelly Uyku Maskesi 02   
 59,95 ₺   1","https://www.watsons.com.tr/essence-dudak-bakimi-jelly-uyku-maskesi-02/p/BP_1443540","1443540","MASKE","","ESSENCE","","Essence Dudak Bakımı Jelly Uyku Maskesi 02","Stokta Yok","https://media.watsons.com.tr/medias/sys_master/prd-images/h61/h0c/12381101522974/prd-front-1443540_1200x1200/prd-front-1443540-1200x1200.jpg"
"1773452816-33","https://www.watsons.com.tr/search/essence?query=essence:most-relevant:masterBrandName:ESSENCE","https://www.watsons.com.tr/search/essence?query=essence:most-relevant:masterBrandName:ESSENCE&currentPage=7","Essence Camouflage + Matte Kapatıcı 130","177,90 ₺","0","","https://media.watsons.com.tr/medias/sys_master/prd-images/hf4/h70/13217547812894/prd-front-1465324_195x195/prd-front-1465324-195x195.jpg","Essence Camouflage + Matte Kapatıcı 130   
 177,90 ₺   0","https://www.watsons.com.tr/essence-camouflage-matte-kapatici-130/p/BP_1465324","1465324","KAPATICI","","ESSENCE","Kapatıcılar","Essence Camouflage + Matte Kapatıcı 130","Stokta Yok","https://media.watsons.com.tr/medias/sys_master/prd-images/h04/h74/13217547747358/prd-front-1465324_1200x1200/prd-front-1465324-1200x1200.jpg"
"1773452820-34","https://www.watsons.com.tr/search/essence?query=essence:most-relevant:masterBrandName:ESSENCE","https://www.watsons.com.tr/search/essence?query=essence:most-relevant:masterBrandName:ESSENCE&currentPage=7","Essence Love It A Choco' Lot! Mousse Allık 01","213,90 ₺","0","","https://media.watsons.com.tr/medias/sys_master/prd-images/h6f/hfe/13913617399838/prd-front-1487465_195x195/prd-front-1487465-195x195.jpg","Essence Love It A Choco' Lot! Mousse Allık 01   
 213,90 ₺   0","https://www.watsons.com.tr/essence-love-it-a-choco-lot-mousse-allik-01/p/BP_1487465","1487465","Essence Love It A Choco' Lot! Mousse Allık 01","","ESSENCE","Allık ve Paletler","Essence Love It A Choco' Lot! Mousse Allık 01","Stokta Yok","https://media.watsons.com.tr/medias/sys_master/prd-images/h1d/hff/13913617334302/prd-front-1487465_1200x1200/prd-front-1487465-1200x1200.jpg"
"1773452825-35","https://www.watsons.com.tr/search/essence?query=essence:most-relevant:masterBrandName:ESSENCE","https://www.watsons.com.tr/search/essence?query=essence:most-relevant:masterBrandName:ESSENCE&currentPage=7","Essence Love It A Choco' Lot! Aydınlatıcı Glaze 01","275,90 ₺","0","","https://media.watsons.com.tr/medias/sys_master/prd-images/h1a/ha1/13913616613406/prd-front-1487444_195x195/prd-front-1487444-195x195.jpg","Essence Love It A Choco' Lot! Aydınlatıcı Glaze 01   
 275,90 ₺   0","https://www.watsons.com.tr/essence-love-it-a-choco-lot-aydinlatici-glaze-01/p/BP_1487444","1487444","Essence Love It A Choco' Lot! Aydınlatıcı Glaze 01","","ESSENCE","Highlighter ve Paletler","Essence Love It A Choco' Lot! Aydınlatıcı Glaze 01","Stokta Yok","https://media.watsons.com.tr/medias/sys_master/prd-images/h08/h9e/13913616547870/prd-front-1487444_1200x1200/prd-front-1487444-1200x1200.jpg"
"1773452828-36","https://www.watsons.com.tr/search/essence?query=essence:most-relevant:masterBrandName:ESSENCE","https://www.watsons.com.tr/search/essence?query=essence:most-relevant:masterBrandName:ESSENCE&currentPage=7","Essence The Nail Polish Renk Düzenleyen Kalem","59,95 ₺","0","","https://media.watsons.com.tr/medias/sys_master/prd-images/hef/hc4/9326261600286/prd-front-1352197_195x195/prd-front-1352197-195x195.png","Essence The Nail Polish Renk Düzenleyen Kalem   
 59,95 ₺   0","https://www.watsons.com.tr/essence-the-nail-polish-renk-duzenleyen-kalem/p/BP_1352197","1352197","Essence The Nail Polish Renk Düzenleyen Kalem","","ESSENCE","Tırnak Bakım Ürünleri","Essence The Nail Polish Renk Düzenleyen Kalem","Stokta Yok","https://media.watsons.com.tr/medias/sys_master/prd-images/h00/hc8/9326261534750/prd-front-1352197_1200x1200/prd-front-1352197-1200x1200.png"
"1773452833-37","https://www.watsons.com.tr/search/essence?query=essence:most-relevant:masterBrandName:ESSENCE","https://www.watsons.com.tr/search/essence?query=essence:most-relevant:masterBrandName:ESSENCE&currentPage=7","Essence Baby Got Glow Likit Highlighter 20","79,95 ₺","1","","https://media.watsons.com.tr/medias/sys_master/prd-images/hae/hf0/12430925627422/prd-front-1446823_195x195/prd-front-1446823-195x195.jpg","Essence Baby Got Glow Likit Highlighter 20   
 79,95 ₺   1","https://www.watsons.com.tr/essence-baby-got-glow-likit-highlighter-20/p/BP_1446823","1446823","AYDINLATICI","","ESSENCE","Highlighter ve Paletler","Essence Baby Got Glow Likit Highlighter 20","Stokta Yok","https://media.watsons.com.tr/medias/sys_master/prd-images/haf/hed/12430925561886/prd-front-1446823_1200x1200/prd-front-1446823-1200x1200.jpg"
"1773452837-38","https://www.watsons.com.tr/search/essence?query=essence:most-relevant:masterBrandName:ESSENCE","https://www.watsons.com.tr/search/essence?query=essence:most-relevant:masterBrandName:ESSENCE&currentPage=7","Essence Skin Tint No: 20","230,90 ₺","2","","https://media.watsons.com.tr/medias/sys_master/prd-images/h08/hfc/10992256155678/prd-front-1405495_195x195/prd-front-1405495-195x195.jpg","Essence Skin Tint No: 20   
 230,90 ₺   2","https://www.watsons.com.tr/essence-skin-tint-no-20/p/BP_1405495","1405495","Essence Skin Tint No: 20","","ESSENCE","Fondöten","Essence Skin Tint No: 20","Stokta Yok","https://media.watsons.com.tr/medias/sys_master/prd-images/h0a/hf9/10992256090142/prd-front-1405495_1200x1200/prd-front-1405495-1200x1200.jpg"
"1773452841-39","https://www.watsons.com.tr/search/essence?query=essence:most-relevant:masterBrandName:ESSENCE","https://www.watsons.com.tr/search/essence?query=essence:most-relevant:masterBrandName:ESSENCE&currentPage=7","Essence The Rare Bears Blind Box Dudak Parlatıcı","185,90 ₺","0","","https://media.watsons.com.tr/medias/sys_master/prd-images/h4c/h97/13913616351262/prd-front-1487437_195x195/prd-front-1487437-195x195.jpg","Essence The Rare Bears Blind Box Dudak Parlatıcı   
 185,90 ₺   0","https://www.watsons.com.tr/essence-the-rare-bears-blind-box-dudak-parlatici/p/BP_1487437","1487437","Essence The Rare Bears Blind Box Dudak Parlatıcı","","ESSENCE","Lip Gloss","Essence The Rare Bears Blind Box Dudak Parlatıcı","Stokta Yok","https://media.watsons.com.tr/medias/sys_master/prd-images/h3a/h94/13913616285726/prd-front-1487437_1200x1200/prd-front-1487437-1200x1200.jpg"
"1773452845-40","https://www.watsons.com.tr/search/essence?query=essence:most-relevant:masterBrandName:ESSENCE","https://www.watsons.com.tr/search/essence?query=essence:most-relevant:masterBrandName:ESSENCE&currentPage=7","Essence Lash Princess Takma Kirpik Efektli Maskara Black Brown","238,90 ₺","1","","https://media.watsons.com.tr/medias/sys_master/prd-images/h85/h3a/12430919598110/prd-front-1446536_195x195/prd-front-1446536-195x195.jpg","Essence Lash Princess Takma Kirpik Efektli Maskara Black Brown   
 238,90 ₺   1","https://www.watsons.com.tr/essence-lash-princess-takma-kirpik-efektli-maskara-black-brown/p/BP_1446536","1446536","Essence Lash Princess Takma Kirpik Efektli Maskara Black Brown","","ESSENCE","Maskara","Essence Lash Princess Takma Kirpik Efektli Maskara Black Brown","Stokta Yok","https://media.watsons.com.tr/medias/sys_master/prd-images/h34/h3b/12430919532574/prd-front-1446536_1200x1200/prd-front-1446536-1200x1200.jpg"
"1773452849-41","https://www.watsons.com.tr/search/essence?query=essence:most-relevant:masterBrandName:ESSENCE","https://www.watsons.com.tr/search/essence?query=essence:most-relevant:masterBrandName:ESSENCE&currentPage=7","Essence The Slim Stick Ruj No: 107","19,95 ₺","3","","https://media.watsons.com.tr/medias/sys_master/prd-images/h71/h2c/10992253796382/prd-front-1405404_195x195/prd-front-1405404-195x195.jpg","Essence The Slim Stick Ruj No: 107   
 19,95 ₺   3","https://www.watsons.com.tr/essence-the-slim-stick-ruj-no-107/p/BP_1405404","1405404","Essence The Slim Stick Ruj No: 107","","ESSENCE","Ruj ve Lipstick","Essence The Slim Stick Ruj No: 107","Stokta Yok","https://media.watsons.com.tr/medias/sys_master/prd-images/h1f/h2d/10992253730846/prd-front-1405404_1200x1200/prd-front-1405404-1200x1200.jpg"
"1773452853-42","https://www.watsons.com.tr/search/essence?query=essence:most-relevant:masterBrandName:ESSENCE","https://www.watsons.com.tr/search/essence?query=essence:most-relevant:masterBrandName:ESSENCE&currentPage=7","Essence Line N'Stain! Tattoo Lip Liner 03","149,90 ₺","2","","https://media.watsons.com.tr/medias/sys_master/prd-images/h58/h36/13217544011806/prd-front-1465226_195x195/prd-front-1465226-195x195.jpg","Essence Line N'Stain! Tattoo Lip Liner 03   
 149,90 ₺   2","https://www.watsons.com.tr/essence-line-nstain-tattoo-lip-liner-03/p/BP_1465226","1465226","DUDAK KALEM/LINER","","ESSENCE","Dudak Kalemi","Essence Line N'Stain! Tattoo Lip Liner 03","Stokta Yok","https://media.watsons.com.tr/medias/sys_master/prd-images/h64/h14/13217543946270/prd-front-1465226_1200x1200/prd-front-1465226-1200x1200.jpg"
"1773452857-43","https://www.watsons.com.tr/search/essence?query=essence:most-relevant:masterBrandName:ESSENCE","https://www.watsons.com.tr/search/essence?query=essence:most-relevant:masterBrandName:ESSENCE&currentPage=6","Essence Brighten Up! Banana Pudra No: 20","177,90 ₺","1","","https://media.watsons.com.tr/medias/sys_master/prd-images/h7a/h8d/9678545682462/prd-front-1376669_195x195/prd-front-1376669-195x195.png","Essence Brighten Up! Banana Pudra No: 20   
 177,90 ₺   1","https://www.watsons.com.tr/essence-brighten-up-banana-pudra-no-20/p/BP_1376669","1376669","Essence Brighten Up! Banana Pudra No: 20","","ESSENCE","Pudralar","Essence Brighten Up! Banana Pudra No: 20","Stokta Yok","https://media.watsons.com.tr/medias/sys_master/prd-images/hb8/h8c/9678545616926/prd-front-1376669_1200x1200/prd-front-1376669-1200x1200.png"
"1773452863-44","https://www.watsons.com.tr/search/essence?query=essence:most-relevant:masterBrandName:ESSENCE","https://www.watsons.com.tr/search/essence?query=essence:most-relevant:masterBrandName:ESSENCE&currentPage=6","Essence Love It A Choco' Lot! L.W.L Kahve Maskara","276,90 ₺","0","","https://media.watsons.com.tr/medias/sys_master/prd-images/h40/h3e/13913615826974/prd-front-1487409_195x195/prd-front-1487409-195x195.jpg","Essence Love It A Choco' Lot! L.W.L Kahve Maskara   
 276,90 ₺   0","https://www.watsons.com.tr/essence-love-it-a-choco-lot-lwl-kahve-maskara/p/BP_1487409","1487409","Essence Love It A Choco' Lot! L.W.L Kahve Maskara","","ESSENCE","Maskara","Essence Love It A Choco' Lot! L.W.L Kahve Maskara","Stokta Yok","https://media.watsons.com.tr/medias/sys_master/prd-images/h42/h3b/13913615761438/prd-front-1487409_1200x1200/prd-front-1487409-1200x1200.jpg"
"1773452867-45","https://www.watsons.com.tr/search/essence?query=essence:most-relevant:masterBrandName:ESSENCE","https://www.watsons.com.tr/search/essence?query=essence:most-relevant:masterBrandName:ESSENCE&currentPage=6","Essence Camouflage + Matte Kapatıcı 20","177,90 ₺","0","","https://media.watsons.com.tr/medias/sys_master/prd-images/h9b/h06/13217548861470/prd-front-1465352_195x195/prd-front-1465352-195x195.jpg","Essence Camouflage + Matte Kapatıcı 20   
 177,90 ₺   0","https://www.watsons.com.tr/essence-camouflage-matte-kapatici-20/p/BP_1465352","1465352","KAPATICI","","ESSENCE","Kapatıcılar","Essence Camouflage + Matte Kapatıcı 20","Stokta Yok","https://media.watsons.com.tr/medias/sys_master/prd-images/had/h09/13217548795934/prd-front-1465352_1200x1200/prd-front-1465352-1200x1200.jpg"
"1773452869-46","https://www.watsons.com.tr/search/essence?query=essence:most-relevant:masterBrandName:ESSENCE","https://www.watsons.com.tr/search/essence?query=essence:most-relevant:masterBrandName:ESSENCE&currentPage=6","Essence Lash Princess False Lash Effect Maskara Bordo","234,90 ₺","5","","https://media.watsons.com.tr/medias/sys_master/prd-images/hd6/h8f/13217540079646/prd-front-1465128_195x195/prd-front-1465128-195x195.jpg","Essence Lash Princess False Lash Effect Maskara Bordo   
 234,90 ₺   5","https://www.watsons.com.tr/essence-lash-princess-false-lash-effect-maskara-bordo/p/BP_1465128","1465128","MASKARA","","ESSENCE","Maskara","Essence Lash Princess False Lash Effect Maskara Bordo","Stokta Yok","https://media.watsons.com.tr/medias/sys_master/prd-images/h28/h8f/13217540014110/prd-front-1465128_1200x1200/prd-front-1465128-1200x1200.jpg"
"1773452873-47","https://www.watsons.com.tr/search/essence?query=essence:most-relevant:masterBrandName:ESSENCE","https://www.watsons.com.tr/search/essence?query=essence:most-relevant:masterBrandName:ESSENCE&currentPage=6","Essence Kaş Kaldırıcı & Sabitleyici Jel 01","230,90 ₺","0","","https://media.watsons.com.tr/medias/sys_master/prd-images/h21/hf2/13217541652510/prd-front-1465170_195x195/prd-front-1465170-195x195.jpg","Essence Kaş Kaldırıcı & Sabitleyici Jel 01   
 230,90 ₺   0","https://www.watsons.com.tr/essence-kas-kaldirici-sabitleyici-jel-01/p/BP_1465170","1465170","KAŞ ŞEKİLLENDİRİCİ","","ESSENCE","Kaş Maskarası","Essence Kaş Kaldırıcı & Sabitleyici Jel 01","Stokta Yok","https://media.watsons.com.tr/medias/sys_master/prd-images/h32/hf5/13217541586974/prd-front-1465170_1200x1200/prd-front-1465170-1200x1200.jpg"
"1773452876-48","https://www.watsons.com.tr/search/essence?query=essence:most-relevant:masterBrandName:ESSENCE","https://www.watsons.com.tr/search/essence?query=essence:most-relevant:masterBrandName:ESSENCE&currentPage=6","Essence Jel Oje No: 01","87,50 ₺","0","Sepete Ekle","https://media.watsons.com.tr/medias/sys_master/prd-images/he7/h28/9040575430686/prd-front-1327151_195x195/prd-front-1327151-195x195.png","Essence Jel Oje No: 01   
 87,50 ₺   0","https://www.watsons.com.tr/essence-jel-oje-no-01/p/BP_1327151","","","","","","ESSENCE","",""
"1773452879-49","https://www.watsons.com.tr/search/essence?query=essence:most-relevant:masterBrandName:ESSENCE","https://www.watsons.com.tr/search/essence?query=essence:most-relevant:masterBrandName:ESSENCE&currentPage=6","Essence Jel Oje No: 72","87,50 ₺","0","Sepete Ekle","https://media.watsons.com.tr/medias/sys_master/prd-images/hdd/hed/12381103947806/prd-front-1443603_195x195/prd-front-1443603-195x195.jpg","Essence Jel Oje No: 72   
 87,50 ₺   0","https://www.watsons.com.tr/essence-jel-oje-no-72/p/BP_1443603","1443603","OJE","","ESSENCE","Oje","Essence Jel Oje No: 72","Stokta","https://media.watsons.com.tr/medias/sys_master/prd-images/he0/hea/12381103882270/prd-front-1443603_1200x1200/prd-front-1443603-1200x1200.jpg"
"1773452883-50","https://www.watsons.com.tr/search/essence?query=essence:most-relevant:masterBrandName:ESSENCE","https://www.watsons.com.tr/search/essence?query=essence:most-relevant:masterBrandName:ESSENCE&currentPage=6","Essence Colour It! Metalik Likit Liner 01","195,90 ₺","0","Sepete Ekle","https://media.watsons.com.tr/medias/sys_master/prd-images/hfa/hbb/13217537720350/prd-front-1465065_195x195/prd-front-1465065-195x195.jpg","Essence Colour It! Metalik Likit Liner 01   
 195,90 ₺   0","https://www.watsons.com.tr/essence-colour-it-metalik-likit-liner-01/p/BP_1465065","1465065","GÖZ KALEM/LINER","","ESSENCE","Eyeliner","Essence Colour It! Metalik Likit Liner 01","Stokta","https://media.watsons.com.tr/medias/sys_master/prd-images/he8/hb8/13217537654814/prd-front-1465065_1200x1200/prd-front-1465065-1200x1200.jpg"
"1773452885-51","https://www.watsons.com.tr/search/essence?query=essence:most-relevant:masterBrandName:ESSENCE","https://www.watsons.com.tr/search/essence?query=essence:most-relevant:masterBrandName:ESSENCE&currentPage=6","Essence Jel Oje No: 16","87,50 ₺","1","Sepete Ekle","https://media.watsons.com.tr/medias/sys_master/prd-images/h51/hf7/9039361179678/prd-front-1327242_195x195/prd-front-1327242-195x195.png","Essence Jel Oje No: 16   
 87,50 ₺   1","https://www.watsons.com.tr/essence-jel-oje-no-16/p/BP_1327242","","","","","","ESSENCE","",""
"1773452889-52","https://www.watsons.com.tr/search/essence?query=essence:most-relevant:masterBrandName:ESSENCE","https://www.watsons.com.tr/search/essence?query=essence:most-relevant:masterBrandName:ESSENCE&currentPage=6","Essence Stick Fondöten 190","259,90 ₺","0","Sepete Ekle","https://media.watsons.com.tr/medias/sys_master/prd-images/h8d/ha2/12430898102302/prd-front-1446704_195x195/prd-front-1446704-195x195.jpg","Essence Stick Fondöten 190   
 259,90 ₺   0","https://www.watsons.com.tr/essence-stick-fondoten-190/p/BP_1446704","1446704","FONDÖTEN","","ESSENCE","Fondöten","Essence Stick Fondöten 190","Stokta","https://media.watsons.com.tr/medias/sys_master/prd-images/h7c/h9f/12430898036766/prd-front-1446704_1200x1200/prd-front-1446704-1200x1200.jpg"
"1773452893-53","https://www.watsons.com.tr/search/essence?query=essence:most-relevant:masterBrandName:ESSENCE","https://www.watsons.com.tr/search/essence?query=essence:most-relevant:masterBrandName:ESSENCE&currentPage=6","Essence Stick Fondöten 150","259,90 ₺","0","Sepete Ekle","https://media.watsons.com.tr/medias/sys_master/prd-images/ha5/hb5/12430913568798/prd-front-1446683_195x195/prd-front-1446683-195x195.jpg","Essence Stick Fondöten 150   
 259,90 ₺   0","https://www.watsons.com.tr/essence-stick-fondoten-150/p/BP_1446683","1446683","FONDÖTEN","","ESSENCE","Fondöten","Essence Stick Fondöten 150","Stokta","https://media.watsons.com.tr/medias/sys_master/prd-images/h52/hb6/12430913503262/prd-front-1446683_1200x1200/prd-front-1446683-1200x1200.jpg"
"1773452898-54","https://www.watsons.com.tr/search/essence?query=essence:most-relevant:masterBrandName:ESSENCE","https://www.watsons.com.tr/search/essence?query=essence:most-relevant:masterBrandName:ESSENCE&currentPage=6","Essence Stick Fondöten 170","259,90 ₺","0","Sepete Ekle","https://media.watsons.com.tr/medias/sys_master/prd-images/hc3/hab/12430913830942/prd-front-1446697_195x195/prd-front-1446697-195x195.jpg","Essence Stick Fondöten 170   
 259,90 ₺   0","https://www.watsons.com.tr/essence-stick-fondoten-170/p/BP_1446697","1446697","FONDÖTEN","","ESSENCE","Fondöten","Essence Stick Fondöten 170","Stokta","https://media.watsons.com.tr/medias/sys_master/prd-images/hd4/hae/12430913765406/prd-front-1446697_1200x1200/prd-front-1446697-1200x1200.jpg"
"1773452901-55","https://www.watsons.com.tr/search/essence?query=essence:most-relevant:masterBrandName:ESSENCE","https://www.watsons.com.tr/search/essence?query=essence:most-relevant:masterBrandName:ESSENCE&currentPage=6","Essence Stick Fondöten 160","259,90 ₺","0","Sepete Ekle","https://media.watsons.com.tr/medias/sys_master/prd-images/hf2/hab/12430921957406/prd-front-1446690_195x195/prd-front-1446690-195x195.jpg","Essence Stick Fondöten 160   
 259,90 ₺   0","https://www.watsons.com.tr/essence-stick-fondoten-160/p/BP_1446690","1446690","FONDÖTEN","","ESSENCE","Fondöten","Essence Stick Fondöten 160","Stokta","https://media.watsons.com.tr/medias/sys_master/prd-images/hf0/hae/12430921891870/prd-front-1446690_1200x1200/prd-front-1446690-1200x1200.jpg"
"1773452905-56","https://www.watsons.com.tr/search/essence?query=essence:most-relevant:masterBrandName:ESSENCE","https://www.watsons.com.tr/search/essence?query=essence:most-relevant:masterBrandName:ESSENCE&currentPage=6","Essence Skin Tint No: 40","230,90 ₺","0","Sepete Ekle","https://media.watsons.com.tr/medias/sys_master/prd-images/h29/hfa/10992256417822/prd-front-1405509_195x195/prd-front-1405509-195x195.jpg","Essence Skin Tint No: 40   
 230,90 ₺   0","https://www.watsons.com.tr/essence-skin-tint-no-40/p/BP_1405509","1405509","Essence Skin Tint No: 40","","ESSENCE","Fondöten","Essence Skin Tint No: 40","Stokta","https://media.watsons.com.tr/medias/sys_master/prd-images/h26/hfd/10992256352286/prd-front-1405509_1200x1200/prd-front-1405509-1200x1200.jpg"
"1773452908-57","https://www.watsons.com.tr/search/essence?query=essence:most-relevant:masterBrandName:ESSENCE","https://www.watsons.com.tr/search/essence?query=essence:most-relevant:masterBrandName:ESSENCE&currentPage=6","Essence Jel Oje No: 05","87,50 ₺","0","Sepete Ekle","https://media.watsons.com.tr/medias/sys_master/prd-images/hca/h31/9040546332702/prd-front-1327172_195x195/prd-front-1327172-195x195.png","Essence Jel Oje No: 05   
 87,50 ₺   0","https://www.watsons.com.tr/essence-jel-oje-no-05/p/BP_1327172","","","","","","ESSENCE","",""
"1773452911-58","https://www.watsons.com.tr/search/essence?query=essence:most-relevant:masterBrandName:ESSENCE","https://www.watsons.com.tr/search/essence?query=essence:most-relevant:masterBrandName:ESSENCE&currentPage=6","Essence The Slim Stick Ruj No: 104","177,90 ₺","0","Sepete Ekle","https://media.watsons.com.tr/medias/sys_master/prd-images/he3/h47/10992246980638/prd-front-1405390_195x195/prd-front-1405390-195x195.jpg","Essence The Slim Stick Ruj No: 104   
 177,90 ₺   0","https://www.watsons.com.tr/essence-the-slim-stick-ruj-no-104/p/BP_1405390","1405390","Essence The Slim Stick Ruj No: 104","","ESSENCE","Ruj ve Lipstick","Essence The Slim Stick Ruj No: 104","Stokta","https://media.watsons.com.tr/medias/sys_master/prd-images/h22/h47/10992246915102/prd-front-1405390_1200x1200/prd-front-1405390-1200x1200.jpg"
"1773452915-59","https://www.watsons.com.tr/search/essence?query=essence:most-relevant:masterBrandName:ESSENCE","https://www.watsons.com.tr/search/essence?query=essence:most-relevant:masterBrandName:ESSENCE&currentPage=6","Essence 8H Matte Comfort Dudak Kalemi No: 07","105,90 ₺","0","Sepete Ekle","https://media.watsons.com.tr/medias/sys_master/prd-images/h0e/h8e/9688476975134/prd-front-1340829_195x195/prd-front-1340829-195x195.jpg","Essence 8H Matte Comfort Dudak Kalemi No: 07   
 105,90 ₺   0","https://www.watsons.com.tr/essence-8h-matte-comfort-dudak-kalemi-no-07/p/BP_1340829","1340829","Essence 8H Matte Comfort Dudak Kalemi No: 07","","ESSENCE","Dudak Kalemi","Essence 8H Matte Comfort Dudak Kalemi No: 07","Stokta","https://media.watsons.com.tr/medias/sys_master/prd-images/hcf/h8e/9688476909598/prd-front-1340829_1200x1200/prd-front-1340829-1200x1200.jpg"
"1773452919-60","https://www.watsons.com.tr/search/essence?query=essence:most-relevant:masterBrandName:ESSENCE","https://www.watsons.com.tr/search/essence?query=essence:most-relevant:masterBrandName:ESSENCE&currentPage=6","Essence Stick Fondöten 210","259,90 ₺","0","Sepete Ekle","https://media.watsons.com.tr/medias/sys_master/prd-images/h3f/h21/12430923792414/prd-front-1446767_195x195/prd-front-1446767-195x195.jpg","Essence Stick Fondöten 210   
 259,90 ₺   0","https://www.watsons.com.tr/essence-stick-fondoten-210/p/BP_1446767","1446767","FONDÖTEN","","ESSENCE","Fondöten","Essence Stick Fondöten 210","Stokta","https://media.watsons.com.tr/medias/sys_master/prd-images/h7e/h20/12430923726878/prd-front-1446767_1200x1200/prd-front-1446767-1200x1200.jpg"
"1773452923-61","https://www.watsons.com.tr/search/essence?query=essence:most-relevant:masterBrandName:ESSENCE","https://www.watsons.com.tr/search/essence?query=essence:most-relevant:masterBrandName:ESSENCE&currentPage=6","Essence Brow Powder Kaş Kiti 03","177,90 ₺","0","Sepete Ekle","https://media.watsons.com.tr/medias/sys_master/prd-images/h9a/hce/12430920122398/prd-front-1446564_195x195/prd-front-1446564-195x195.jpg","Essence Brow Powder Kaş Kiti 03   
 177,90 ₺   0","https://www.watsons.com.tr/essence-brow-powder-kas-kiti-03/p/BP_1446564","1446564","KAŞ/KİRPİK MAKYAJI","","ESSENCE","Kaş Kiti","Essence Brow Powder Kaş Kiti 03","Stokta","https://media.watsons.com.tr/medias/sys_master/prd-images/h89/hcb/12430920056862/prd-front-1446564_1200x1200/prd-front-1446564-1200x1200.jpg"
"1773452926-62","https://www.watsons.com.tr/search/essence?query=essence:most-relevant:masterBrandName:ESSENCE","https://www.watsons.com.tr/search/essence?query=essence:most-relevant:masterBrandName:ESSENCE&currentPage=6","Essence Glossy Jelly Mini Oje 02","61,95 ₺","0","Sepete Ekle","https://media.watsons.com.tr/medias/sys_master/prd-images/h20/h42/12430927462430/prd-front-1446879_195x195/prd-front-1446879-195x195.jpg","Essence Glossy Jelly Mini Oje 02   
 61,95 ₺   0","https://www.watsons.com.tr/essence-glossy-jelly-mini-oje-02/p/BP_1446879","1446879","OJE","","ESSENCE","Oje","Essence Glossy Jelly Mini Oje 02","Stokta","https://media.watsons.com.tr/medias/sys_master/prd-images/h31/h45/12430927396894/prd-front-1446879_1200x1200/prd-front-1446879-1200x1200.jpg"
"1773452932-63","https://www.watsons.com.tr/search/essence?query=essence:most-relevant:masterBrandName:ESSENCE","https://www.watsons.com.tr/search/essence?query=essence:most-relevant:masterBrandName:ESSENCE&currentPage=6","Essence Get Big! Lashes Volume Waterproof Maskara","149,90 ₺","3","Sepete Ekle","https://media.watsons.com.tr/medias/sys_master/prd-images/h49/hbe/8906036805662/prd-front-162819_195x195/prd-front-162819-195x195.jpeg","Essence Get Big! Lashes Volume Waterproof Maskara   
 149,90 ₺   3","https://www.watsons.com.tr/essence-get-big-lashes-volume-waterproof-maskara/p/BP_162819","162819","Essence Get Big! Lashes Volume Waterproof Maskara","","ESSENCE","Maskara","Essence Get Big! Lashes Volume Waterproof Maskara","Stokta","https://media.watsons.com.tr/medias/sys_master/prd-images/h4b/hbb/8906036740126/prd-front-162819_1200x1200/prd-front-162819-1200x1200.jpeg"
"1773452934-64","https://www.watsons.com.tr/search/essence?query=essence:most-relevant:masterBrandName:ESSENCE","https://www.watsons.com.tr/search/essence?query=essence:most-relevant:masterBrandName:ESSENCE&currentPage=6","Essence Micro Precise Kaş Kalemi 05","119,90 ₺","1","Sepete Ekle","https://media.watsons.com.tr/medias/sys_master/prd-images/h5e/h79/9022966136862/prd-front-1322461_195x195/prd-front-1322461-195x195.png","Essence Micro Precise Kaş Kalemi 05   
 119,90 ₺   1","https://www.watsons.com.tr/essence-micro-precise-kas-kalemi-05/p/BP_1322461","","","","","","ESSENCE","",""
"1773452941-65","https://www.watsons.com.tr/search/essence?query=essence:most-relevant:masterBrandName:ESSENCE","https://www.watsons.com.tr/search/essence?query=essence:most-relevant:masterBrandName:ESSENCE&currentPage=6","Essence Call Me Queen Dramatic Effect Maskara Waterproof","234,90 ₺","1","Sepete Ekle","https://media.watsons.com.tr/medias/sys_master/prd-images/h6e/h73/12430911471646/prd-front-1446543_195x195/prd-front-1446543-195x195.jpg","Essence Call Me Queen Dramatic Effect Maskara Waterproof   
 234,90 ₺   1","https://www.watsons.com.tr/essence-call-me-queen-dramatic-effect-maskara-waterproof/p/BP_1446543","1446543","MASKARA","","ESSENCE","Maskara","Essence Call Me Queen Dramatic Effect Maskara Waterproof","Stokta","https://media.watsons.com.tr/medias/sys_master/prd-images/had/h72/12430911406110/prd-front-1446543_1200x1200/prd-front-1446543-1200x1200.jpg"
"1773452943-66","https://www.watsons.com.tr/search/essence?query=essence:most-relevant:masterBrandName:ESSENCE","https://www.watsons.com.tr/search/essence?query=essence:most-relevant:masterBrandName:ESSENCE&currentPage=6","Essence Longlasting Göz Kalemi 34","98,50 ₺","0","Sepete Ekle","https://media.watsons.com.tr/medias/sys_master/prd-images/hf6/h76/8972477792286/prd-front-1303155_195x195/prd-front-1303155-195x195.png","Essence Longlasting Göz Kalemi 34   
 98,50 ₺   0","https://www.watsons.com.tr/essence-longlasting-goz-kalemi-34/p/BP_1303155","","","","","","ESSENCE","",""
"1773452947-67","https://www.watsons.com.tr/search/essence?query=essence:most-relevant:masterBrandName:ESSENCE","https://www.watsons.com.tr/search/essence?query=essence:most-relevant:masterBrandName:ESSENCE&currentPage=6","Essence Micro Precise Kaş Kalemi 02","119,90 ₺","0","Sepete Ekle","https://media.watsons.com.tr/medias/sys_master/prd-images/h56/hd2/9022965612574/prd-front-1322440_195x195/prd-front-1322440-195x195.png","Essence Micro Precise Kaş Kalemi 02   
 119,90 ₺   0","https://www.watsons.com.tr/essence-micro-precise-kas-kalemi-02/p/BP_1322440","","","","","","ESSENCE","",""
"1773452952-68","https://www.watsons.com.tr/search/essence?query=essence:most-relevant:masterBrandName:ESSENCE","https://www.watsons.com.tr/search/essence?query=essence:most-relevant:masterBrandName:ESSENCE&currentPage=6","Essence Soft Touch Bouncy Aydınlatıcı 10","177,90 ₺","0","Sepete Ekle","https://media.watsons.com.tr/medias/sys_master/prd-images/h21/h8c/13217547026462/prd-front-1465303_195x195/prd-front-1465303-195x195.jpg","Essence Soft Touch Bouncy Aydınlatıcı 10   
 177,90 ₺   0","https://www.watsons.com.tr/essence-soft-touch-bouncy-aydinlatici-10/p/BP_1465303","1465303","AYDINLATICI","","ESSENCE","Highlighter ve Paletler","Essence Soft Touch Bouncy Aydınlatıcı 10","Stokta","https://media.watsons.com.tr/medias/sys_master/prd-images/hcb/hd6/13217546960926/prd-front-1465303_1200x1200/prd-front-1465303-1200x1200.jpg"
"1773452956-69","https://www.watsons.com.tr/search/essence?query=essence:most-relevant:masterBrandName:ESSENCE","https://www.watsons.com.tr/search/essence?query=essence:most-relevant:masterBrandName:ESSENCE&currentPage=6","Essence Extreme Shine Volume Dudak Parlatıcısı 10","134,90 ₺","0","Sepete Ekle","https://media.watsons.com.tr/medias/sys_master/prd-images/hb2/h53/9326267367454/prd-front-1352295_195x195/prd-front-1352295-195x195.png","Essence Extreme Shine Volume Dudak Parlatıcısı 10   
 134,90 ₺   0","https://www.watsons.com.tr/essence-extreme-shine-volume-dudak-parlaticisi-10/p/BP_1352295","1352295","Essence Extreme Shine Volume Dudak Parlatıcısı 10","","ESSENCE","Lip Gloss","Essence Extreme Shine Volume Dudak Parlatıcısı 10","Stokta","https://media.watsons.com.tr/medias/sys_master/prd-images/h60/h54/9326267301918/prd-front-1352295_1200x1200/prd-front-1352295-1200x1200.png"
"1773452959-70","https://www.watsons.com.tr/search/essence?query=essence:most-relevant:masterBrandName:ESSENCE","https://www.watsons.com.tr/search/essence?query=essence:most-relevant:masterBrandName:ESSENCE&currentPage=6","Essence Glossy Jelly Mini Oje 03","61,95 ₺","0","Sepete Ekle","https://media.watsons.com.tr/medias/sys_master/prd-images/h78/h5a/12430922219550/prd-front-1446711_195x195/prd-front-1446711-195x195.jpg","Essence Glossy Jelly Mini Oje 03   
 61,95 ₺   0","https://www.watsons.com.tr/essence-glossy-jelly-mini-oje-03/p/BP_1446711","1446711","OJE","","ESSENCE","Oje","Essence Glossy Jelly Mini Oje 03","Stokta","https://media.watsons.com.tr/medias/sys_master/prd-images/h75/h5d/12430922154014/prd-front-1446711_1200x1200/prd-front-1446711-1200x1200.jpg"
"1773452963-71","https://www.watsons.com.tr/search/essence?query=essence:most-relevant:masterBrandName:ESSENCE","https://www.watsons.com.tr/search/essence?query=essence:most-relevant:masterBrandName:ESSENCE&currentPage=5","Essence Tırnak Eti Çıkarıcı","119,90 ₺","0","Sepete Ekle","https://media.watsons.com.tr/medias/sys_master/prd-images/heb/h8c/9325843415070/prd-front-1352351_195x195/prd-front-1352351-195x195.png","Essence Tırnak Eti Çıkarıcı   
 119,90 ₺   0","https://www.watsons.com.tr/essence-tirnak-eti-cikarici/p/BP_1352351","1352351","Essence Tırnak Eti Çıkarıcı","","ESSENCE","","Essence Tırnak Eti Çıkarıcı","Stokta","https://media.watsons.com.tr/medias/sys_master/prd-images/hfc/h8f/9325843349534/prd-front-1352351_1200x1200/prd-front-1352351-1200x1200.png"
"1773452967-72","https://www.watsons.com.tr/search/essence?query=essence:most-relevant:masterBrandName:ESSENCE","https://www.watsons.com.tr/search/essence?query=essence:most-relevant:masterBrandName:ESSENCE&currentPage=5","Essence Satin Glow Parlak Ruj 01","177,90 ₺","0","Sepete Ekle","https://media.watsons.com.tr/medias/sys_master/prd-images/he7/h76/13217539555358/prd-front-1465114_195x195/prd-front-1465114-195x195.jpg","Essence Satin Glow Parlak Ruj 01   
 177,90 ₺   0","https://www.watsons.com.tr/essence-satin-glow-parlak-ruj-01/p/BP_1465114","1465114","RUJ","","ESSENCE","Ruj ve Lipstick","Essence Satin Glow Parlak Ruj 01","Stokta","https://media.watsons.com.tr/medias/sys_master/prd-images/hf8/h79/13217539489822/prd-front-1465114_1200x1200/prd-front-1465114-1200x1200.jpg"
"1773452971-73","https://www.watsons.com.tr/search/essence?query=essence:most-relevant:masterBrandName:ESSENCE","https://www.watsons.com.tr/search/essence?query=essence:most-relevant:masterBrandName:ESSENCE&currentPage=5","Essence Hydra Kiss Lip Dudak Tint 02","177,90 ₺","0","Sepete Ekle","https://media.watsons.com.tr/medias/sys_master/prd-images/h33/h88/13217539031070/prd-front-1465100_195x195/prd-front-1465100-195x195.jpg","Essence Hydra Kiss Lip Dudak Tint 02   
 177,90 ₺   0","https://www.watsons.com.tr/essence-hydra-kiss-lip-dudak-tint-02/p/BP_1465100","1465100","LİKİT RUJ","","ESSENCE","Likit Ruj","Essence Hydra Kiss Lip Dudak Tint 02","Stokta","https://media.watsons.com.tr/medias/sys_master/prd-images/hf0/hd2/13217538965534/prd-front-1465100_1200x1200/prd-front-1465100-1200x1200.jpg"
"1773452974-74","https://www.watsons.com.tr/search/essence?query=essence:most-relevant:masterBrandName:ESSENCE","https://www.watsons.com.tr/search/essence?query=essence:most-relevant:masterBrandName:ESSENCE&currentPage=5","Essence Skin Tint No: 30","230,90 ₺","0","Sepete Ekle","https://media.watsons.com.tr/medias/sys_master/prd-images/h52/h40/10992246718494/prd-front-1405502_195x195/prd-front-1405502-195x195.jpg","Essence Skin Tint No: 30   
 230,90 ₺   0","https://www.watsons.com.tr/essence-skin-tint-no-30/p/BP_1405502","1405502","Essence Skin Tint No: 30","","ESSENCE","Fondöten","Essence Skin Tint No: 30","Stokta","https://media.watsons.com.tr/medias/sys_master/prd-images/h53/h3d/10992246652958/prd-front-1405502_1200x1200/prd-front-1405502-1200x1200.jpg"
"1773452978-75","https://www.watsons.com.tr/search/essence?query=essence:most-relevant:masterBrandName:ESSENCE","https://www.watsons.com.tr/search/essence?query=essence:most-relevant:masterBrandName:ESSENCE&currentPage=5","Essence Hydra Kiss Dudak Yağı No: 01","177,90 ₺","0","Sepete Ekle","https://media.watsons.com.tr/medias/sys_master/prd-images/h2a/hc5/9678542012446/prd-front-1376613_195x195/prd-front-1376613-195x195.png","Essence Hydra Kiss Dudak Yağı No: 01   
 177,90 ₺   0","https://www.watsons.com.tr/essence-hydra-kiss-dudak-yagi-no-01/p/BP_1376613","1376613","Essence Hydra Kiss Dudak Yağı No: 01","","ESSENCE","Lip Gloss","Essence Hydra Kiss Dudak Yağı No: 01","Stokta","https://media.watsons.com.tr/medias/sys_master/prd-images/h18/hf0/9678541946910/prd-front-1376613_1200x1200/prd-front-1376613-1200x1200.png"
"1773452982-76","https://www.watsons.com.tr/search/essence?query=essence:most-relevant:masterBrandName:ESSENCE","https://www.watsons.com.tr/search/essence?query=essence:most-relevant:masterBrandName:ESSENCE&currentPage=5","Essence Line It Like A Pro! Göz Kalemi 01","195,90 ₺","0","Sepete Ekle","https://media.watsons.com.tr/medias/sys_master/prd-images/h0d/hc7/12430921170974/prd-front-1446592_195x195/prd-front-1446592-195x195.jpg","Essence Line It Like A Pro! Göz Kalemi 01   
 195,90 ₺   0","https://www.watsons.com.tr/essence-line-it-like-a-pro-goz-kalemi-01/p/BP_1446592","1446592","GÖZ KALEM/LINER","","ESSENCE","Eyeliner","Essence Line It Like A Pro! Göz Kalemi 01","Stokta","https://media.watsons.com.tr/medias/sys_master/prd-images/hce/hc7/12430921105438/prd-front-1446592_1200x1200/prd-front-1446592-1200x1200.jpg"
"1773452985-77","https://www.watsons.com.tr/search/essence?query=essence:most-relevant:masterBrandName:ESSENCE","https://www.watsons.com.tr/search/essence?query=essence:most-relevant:masterBrandName:ESSENCE&currentPage=5","Essence Make Me Brow Kaş Maskarası 07","158,90 ₺","0","Sepete Ekle","https://media.watsons.com.tr/medias/sys_master/prd-images/h18/hb2/13217537458206/prd-front-1465058_195x195/prd-front-1465058-195x195.jpg","Essence Make Me Brow Kaş Maskarası 07   
 158,90 ₺   0","https://www.watsons.com.tr/essence-make-me-brow-kas-maskarasi-07/p/BP_1465058","1465058","KAŞ ŞEKİLLENDİRİCİ","","ESSENCE","Kaş Maskarası","Essence Make Me Brow Kaş Maskarası 07","Stokta","https://media.watsons.com.tr/medias/sys_master/prd-images/h1a/haf/13217537392670/prd-front-1465058_1200x1200/prd-front-1465058-1200x1200.jpg"
"1773452991-78","https://www.watsons.com.tr/search/essence?query=essence:most-relevant:masterBrandName:ESSENCE","https://www.watsons.com.tr/search/essence?query=essence:most-relevant:masterBrandName:ESSENCE&currentPage=5","Essence 8h Mat Dudak Kalemi 19c","105,90 ₺","0","Sepete Ekle","https://media.watsons.com.tr/medias/sys_master/prd-images/h34/h1b/13217543749662/prd-front-1465219_195x195/prd-front-1465219-195x195.jpg","Essence 8h Mat Dudak Kalemi 19c   
 105,90 ₺   0","https://www.watsons.com.tr/essence-8h-mat-dudak-kalemi-19c/p/BP_1465219","1465219","DUDAK KALEM/LINER","","ESSENCE","Dudak Kalemi","Essence 8h Mat Dudak Kalemi 19c","Stokta","https://media.watsons.com.tr/medias/sys_master/prd-images/h32/h1e/13217543684126/prd-front-1465219_1200x1200/prd-front-1465219-1200x1200.jpg"
"1773452994-79","https://www.watsons.com.tr/search/essence?query=essence:most-relevant:masterBrandName:ESSENCE","https://www.watsons.com.tr/search/essence?query=essence:most-relevant:masterBrandName:ESSENCE&currentPage=5","Essence Pearly Potion Multi-Reflective Lip Gloss 01","185,90 ₺","3","Sepete Ekle","https://media.watsons.com.tr/medias/sys_master/prd-images/h94/he7/12430912782366/prd-front-1446641_195x195/prd-front-1446641-195x195.jpg","Essence Pearly Potion Multi-Reflective Lip Gloss 01   
 185,90 ₺   3","https://www.watsons.com.tr/essence-pearly-potion-multi-reflective-lip-gloss-01/p/BP_1446641","1446641","LİKİT RUJ","","ESSENCE","Lip Gloss","Essence Pearly Potion Multi-Reflective Lip Gloss 01","Stokta","https://media.watsons.com.tr/medias/sys_master/prd-images/hd3/he6/12430912716830/prd-front-1446641_1200x1200/prd-front-1446641-1200x1200.jpg"
"1773452998-80","https://www.watsons.com.tr/search/essence?query=essence:most-relevant:masterBrandName:ESSENCE","https://www.watsons.com.tr/search/essence?query=essence:most-relevant:masterBrandName:ESSENCE&currentPage=5","Essence Call Me Queen Dramatic Effect Maskara","234,90 ₺","0","Sepete Ekle","https://media.watsons.com.tr/medias/sys_master/prd-images/h44/hfa/10992264544286/prd-front-1405327_195x195/prd-front-1405327-195x195.jpg","Essence Call Me Queen Dramatic Effect Maskara   
 234,90 ₺   0","https://www.watsons.com.tr/essence-call-me-queen-dramatic-effect-maskara/p/BP_1405327","1405327","Essence Call Me Queen Dramatic Effect Maskara","","ESSENCE","Maskara","Essence Call Me Queen Dramatic Effect Maskara","Stokta","https://media.watsons.com.tr/medias/sys_master/prd-images/h55/hfd/10992264478750/prd-front-1405327_1200x1200/prd-front-1405327-1200x1200.jpg"
"1773453002-81","https://www.watsons.com.tr/search/essence?query=essence:most-relevant:masterBrandName:ESSENCE","https://www.watsons.com.tr/search/essence?query=essence:most-relevant:masterBrandName:ESSENCE&currentPage=5","Essence Stick Fondöten 130","259,90 ₺","0","Sepete Ekle","https://media.watsons.com.tr/medias/sys_master/prd-images/hc0/hb5/12430921695262/prd-front-1446676_195x195/prd-front-1446676-195x195.jpg","Essence Stick Fondöten 130   
 259,90 ₺   0","https://www.watsons.com.tr/essence-stick-fondoten-130/p/BP_1446676","1446676","FONDÖTEN","","ESSENCE","Fondöten","Essence Stick Fondöten 130","Stokta","https://media.watsons.com.tr/medias/sys_master/prd-images/h81/hb6/12430921629726/prd-front-1446676_1200x1200/prd-front-1446676-1200x1200.jpg"
"1773453004-82","https://www.watsons.com.tr/search/essence?query=essence:most-relevant:masterBrandName:ESSENCE","https://www.watsons.com.tr/search/essence?query=essence:most-relevant:masterBrandName:ESSENCE&currentPage=5","Essence 10in1 Nail Repair Strengthening Treatment","177,90 ₺","0","Sepete Ekle","https://media.watsons.com.tr/medias/sys_master/prd-images/hc1/h19/12430923530270/prd-front-1446760_195x195/prd-front-1446760-195x195.jpg","Essence 10in1 Nail Repair Strengthening Treatment   
 177,90 ₺   0","https://www.watsons.com.tr/essence-10in1-nail-repair-strengthening-treatment/p/BP_1446760","1446760","TIRNAK BAKIMI","","ESSENCE","Tırnak Bakım Ürünleri","Essence 10in1 Nail Repair Strengthening Treatment","Stokta","https://media.watsons.com.tr/medias/sys_master/prd-images/haf/h16/12430923464734/prd-front-1446760_1200x1200/prd-front-1446760-1200x1200.jpg"
"1773453008-83","https://www.watsons.com.tr/search/essence?query=essence:most-relevant:masterBrandName:ESSENCE","https://www.watsons.com.tr/search/essence?query=essence:most-relevant:masterBrandName:ESSENCE&currentPage=5","Essence Kajal Göz Kalemi 01","61,95 ₺","0","Sepete Ekle","https://media.watsons.com.tr/medias/sys_master/prd-images/h9f/hdb/12381098967070/prd-front-1443463_195x195/prd-front-1443463-195x195.jpg","Essence Kajal Göz Kalemi 01   
 61,95 ₺   0","https://www.watsons.com.tr/essence-kajal-goz-kalemi-01/p/BP_1443463","1443463","GÖZ KALEM/LINER","","ESSENCE","Göz Kalemi","Essence Kajal Göz Kalemi 01","Stokta","https://media.watsons.com.tr/medias/sys_master/prd-images/h4d/hdc/12381098901534/prd-front-1443463_1200x1200/prd-front-1443463-1200x1200.jpg"
"1773453012-84","https://www.watsons.com.tr/search/essence?query=essence:most-relevant:masterBrandName:ESSENCE","https://www.watsons.com.tr/search/essence?query=essence:most-relevant:masterBrandName:ESSENCE&currentPage=5","Essence Camouflage + Matte Kapatıcı 180","177,90 ₺","0","Sepete Ekle","https://media.watsons.com.tr/medias/sys_master/prd-images/hfb/h17/13217548337182/prd-front-1465338_195x195/prd-front-1465338-195x195.jpg","Essence Camouflage + Matte Kapatıcı 180   
 177,90 ₺   0","https://www.watsons.com.tr/essence-camouflage-matte-kapatici-180/p/BP_1465338","1465338","KAPATICI","","ESSENCE","Kapatıcılar","Essence Camouflage + Matte Kapatıcı 180","Stokta","https://media.watsons.com.tr/medias/sys_master/prd-images/hf9/h1a/13217548271646/prd-front-1465338_1200x1200/prd-front-1465338-1200x1200.jpg"
"1773453015-85","https://www.watsons.com.tr/search/essence?query=essence:most-relevant:masterBrandName:ESSENCE","https://www.watsons.com.tr/search/essence?query=essence:most-relevant:masterBrandName:ESSENCE&currentPage=5","Essence Baby Got Diamond Highlighter Stick","195,90 ₺","2","Sepete Ekle","https://media.watsons.com.tr/medias/sys_master/prd-images/hdf/he6/12430925365278/prd-front-1446816_195x195/prd-front-1446816-195x195.jpg","Essence Baby Got Diamond Highlighter Stick   
 195,90 ₺   2","https://www.watsons.com.tr/essence-baby-got-diamond-highlighter-stick/p/BP_1446816","1446816","AYDINLATICI","","ESSENCE","Highlighter ve Paletler","Essence Baby Got Diamond Highlighter Stick","Stokta","https://media.watsons.com.tr/medias/sys_master/prd-images/hce/he3/12430925299742/prd-front-1446816_1200x1200/prd-front-1446816-1200x1200.jpg"
"1773453019-86","https://www.watsons.com.tr/search/essence?query=essence:most-relevant:masterBrandName:ESSENCE","https://www.watsons.com.tr/search/essence?query=essence:most-relevant:masterBrandName:ESSENCE&currentPage=5","Essence Hydra Kiss Dudak Yağı 06","177,90 ₺","0","Sepete Ekle","https://media.watsons.com.tr/medias/sys_master/prd-images/h3e/hbd/12430921433118/prd-front-1446627_195x195/prd-front-1446627-195x195.jpg","Essence Hydra Kiss Dudak Yağı 06   
 177,90 ₺   0","https://www.watsons.com.tr/essence-hydra-kiss-dudak-yagi-06/p/BP_1446627","1446627","RUJ","","ESSENCE","","Essence Hydra Kiss Dudak Yağı 06","Stokta","https://media.watsons.com.tr/medias/sys_master/prd-images/h4f/hc0/12430921367582/prd-front-1446627_1200x1200/prd-front-1446627-1200x1200.jpg"
"1773453022-87","https://www.watsons.com.tr/search/essence?query=essence:most-relevant:masterBrandName:ESSENCE","https://www.watsons.com.tr/search/essence?query=essence:most-relevant:masterBrandName:ESSENCE&currentPage=5","Essence Micro Precise Kaş Kalemi 04","119,90 ₺","0","Sepete Ekle","https://media.watsons.com.tr/medias/sys_master/prd-images/hd8/hca/9022965874718/prd-front-1322454_195x195/prd-front-1322454-195x195.png","Essence Micro Precise Kaş Kalemi 04   
 119,90 ₺   0","https://www.watsons.com.tr/essence-micro-precise-kas-kalemi-04/p/BP_1322454","","","","","","ESSENCE","",""
"1773453025-88","https://www.watsons.com.tr/search/essence?query=essence:most-relevant:masterBrandName:ESSENCE","https://www.watsons.com.tr/search/essence?query=essence:most-relevant:masterBrandName:ESSENCE&currentPage=5","Essence Brow Powder Kaş Kiti 01","177,90 ₺","0","Sepete Ekle","https://media.watsons.com.tr/medias/sys_master/prd-images/ha4/h30/12430919860254/prd-front-1446550_195x195/prd-front-1446550-195x195.jpg","Essence Brow Powder Kaş Kiti 01   
 177,90 ₺   0","https://www.watsons.com.tr/essence-brow-powder-kas-kiti-01/p/BP_1446550","1446550","KAŞ/KİRPİK MAKYAJI","","ESSENCE","Kaş Kiti","Essence Brow Powder Kaş Kiti 01","Stokta","https://media.watsons.com.tr/medias/sys_master/prd-images/hb5/h33/12430919794718/prd-front-1446550_1200x1200/prd-front-1446550-1200x1200.jpg"
"1773453030-89","https://www.watsons.com.tr/search/essence?query=essence:most-relevant:masterBrandName:ESSENCE","https://www.watsons.com.tr/search/essence?query=essence:most-relevant:masterBrandName:ESSENCE&currentPage=5","Essence 24Ever Ink Liner No: 01","158,90 ₺","1","Sepete Ekle","https://media.watsons.com.tr/medias/sys_master/prd-images/h76/h89/8910752874526/prd-front-173793_195x195/prd-front-173793-195x195.png","Essence 24Ever Ink Liner No: 01   
 158,90 ₺   1","https://www.watsons.com.tr/essence-24ever-ink-liner-no-01/p/BP_173793","173793","Essence 24Ever Ink Liner No: 01","","ESSENCE","Eyeliner","Essence 24Ever Ink Liner No: 01","Stokta","https://media.watsons.com.tr/medias/sys_master/prd-images/hb4/h88/8910752808990/prd-front-173793_1200x1200/prd-front-173793-1200x1200.png"
"1773453034-90","https://www.watsons.com.tr/search/essence?query=essence:most-relevant:masterBrandName:ESSENCE","https://www.watsons.com.tr/search/essence?query=essence:most-relevant:masterBrandName:ESSENCE&currentPage=5","Essence Jelly Grip Ferahlatıcı Aloe Sprey","204,90 ₺","0","Sepete Ekle","https://media.watsons.com.tr/medias/sys_master/prd-images/hde/h4a/13217549123614/prd-front-1465359_195x195/prd-front-1465359-195x195.jpg","Essence Jelly Grip Ferahlatıcı Aloe Sprey   
 204,90 ₺   0","https://www.watsons.com.tr/essence-jelly-grip-ferahlatici-aloe-sprey/p/BP_1465359","1465359","Essence Jelly Grip Ferahlatıcı Aloe Sprey","","ESSENCE","","Essence Jelly Grip Ferahlatıcı Aloe Sprey","Stokta","https://media.watsons.com.tr/medias/sys_master/prd-images/hcd/h47/13217549058078/prd-front-1465359_1200x1200/prd-front-1465359-1200x1200.jpg"
"1773453038-91","https://www.watsons.com.tr/search/essence?query=essence:most-relevant:masterBrandName:ESSENCE","https://www.watsons.com.tr/search/essence?query=essence:most-relevant:masterBrandName:ESSENCE&currentPage=5","Essence Stick Fondöten 120","259,90 ₺","1","Sepete Ekle","https://media.watsons.com.tr/medias/sys_master/prd-images/h14/h51/12430897840158/prd-front-1446669_195x195/prd-front-1446669-195x195.jpg","Essence Stick Fondöten 120   
 259,90 ₺   1","https://www.watsons.com.tr/essence-stick-fondoten-120/p/BP_1446669","1446669","FONDÖTEN","","ESSENCE","Fondöten","Essence Stick Fondöten 120","Stokta","https://media.watsons.com.tr/medias/sys_master/prd-images/h02/h4e/12430897774622/prd-front-1446669_1200x1200/prd-front-1446669-1200x1200.jpg"
"1773453040-92","https://www.watsons.com.tr/search/essence?query=essence:most-relevant:masterBrandName:ESSENCE","https://www.watsons.com.tr/search/essence?query=essence:most-relevant:masterBrandName:ESSENCE&currentPage=5","Essence Makeup & Baking Sünger 01","177,90 ₺","0","Sepete Ekle","https://media.watsons.com.tr/medias/sys_master/prd-images/h02/h86/10992257728542/prd-front-1405579_195x195/prd-front-1405579-195x195.jpg","Essence Makeup & Baking Sünger 01   
 177,90 ₺   0","https://www.watsons.com.tr/essence-makeup-baking-sunger-01/p/BP_1405579","1405579","Essence Makeup & Baking Sünger 01","","ESSENCE","Makyaj Süngerleri ve Aplikatörler","Essence Makeup & Baking Sünger 01","Stokta","https://media.watsons.com.tr/medias/sys_master/prd-images/h00/h89/10992257663006/prd-front-1405579_1200x1200/prd-front-1405579-1200x1200.jpg"
"1773453044-93","https://www.watsons.com.tr/search/essence?query=essence:most-relevant:masterBrandName:ESSENCE","https://www.watsons.com.tr/search/essence?query=essence:most-relevant:masterBrandName:ESSENCE&currentPage=5","Essence Kajal Göz Kalemi No: 30","61,95 ₺","0","Sepete Ekle","https://media.watsons.com.tr/medias/sys_master/prd-images/hf9/h82/8972252479518/prd-front-1279082_195x195/prd-front-1279082-195x195.png","Essence Kajal Göz Kalemi No: 30   
 61,95 ₺   0","https://www.watsons.com.tr/essence-kajal-goz-kalemi-no-30/p/BP_1279082","1279082","Essence Kajal Göz Kalemi No: 30","","ESSENCE","Göz Kalemi","Essence Kajal Göz Kalemi No: 30","Stokta","https://media.watsons.com.tr/medias/sys_master/prd-images/ha8/h83/8972252413982/prd-front-1279082_1200x1200/prd-front-1279082-1200x1200.png"
"1773453048-94","https://www.watsons.com.tr/search/essence?query=essence:most-relevant:masterBrandName:ESSENCE","https://www.watsons.com.tr/search/essence?query=essence:most-relevant:masterBrandName:ESSENCE&currentPage=5","Essence Aqua Jelly Renk Değiştiren Ruj","195,90 ₺","0","Sepete Ekle","https://media.watsons.com.tr/medias/sys_master/prd-images/h0d/heb/13217538244638/prd-front-1465079_195x195/prd-front-1465079-195x195.jpg","Essence Aqua Jelly Renk Değiştiren Ruj   
 195,90 ₺   0","https://www.watsons.com.tr/essence-aqua-jelly-renk-degistiren-ruj/p/BP_1465079","1465079","LİKİT RUJ","","ESSENCE","Likit Ruj","Essence Aqua Jelly Renk Değiştiren Ruj","Stokta","https://media.watsons.com.tr/medias/sys_master/prd-images/h1e/hee/13217538179102/prd-front-1465079_1200x1200/prd-front-1465079-1200x1200.jpg"
"1773453067-95","https://www.watsons.com.tr/search/essence?query=essence:most-relevant:masterBrandName:ESSENCE","https://www.watsons.com.tr/search/essence?query=essence:most-relevant:masterBrandName:ESSENCE&currentPage=5","Essence 8H Matte Comfort Dudak Kalemi 12","105,90 ₺","0","Sepete Ekle","https://media.watsons.com.tr/medias/sys_master/prd-images/h91/h05/12381101326366/prd-front-1443533_195x195/prd-front-1443533-195x195.jpg","Essence 8H Matte Comfort Dudak Kalemi 12   
 105,90 ₺   0","https://www.watsons.com.tr/essence-8h-matte-comfort-dudak-kalemi-12/p/BP_1443533","1443533","DUDAK KALEM/LINER","","ESSENCE","Dudak Kalemi","Essence 8H Matte Comfort Dudak Kalemi 12","Stokta","https://media.watsons.com.tr/medias/sys_master/prd-images/h92/h02/12381101260830/prd-front-1443533_1200x1200/prd-front-1443533-1200x1200.jpg"
"1773453081-96","https://www.watsons.com.tr/search/essence?query=essence:most-relevant:masterBrandName:ESSENCE","https://www.watsons.com.tr/search/essence?query=essence:most-relevant:masterBrandName:ESSENCE&currentPage=5","Essence What a Tint! Dudak & Yanak Renklendirici 10","195,90 ₺","0","Sepete Ekle","https://media.watsons.com.tr/medias/sys_master/prd-images/hf9/hf1/13217546174494/prd-front-1465282_195x195/prd-front-1465282-195x195.jpg","Essence What a Tint! Dudak & Yanak Renklendirici 10   
 195,90 ₺   0","https://www.watsons.com.tr/essence-what-a-tint-dudak-yanak-renklendirici-10/p/BP_1465282","1465282","LİKİT RUJ","","ESSENCE","Likit Ruj","Essence What a Tint! Dudak & Yanak Renklendirici 10","Stokta","https://media.watsons.com.tr/medias/sys_master/prd-images/hbb/hf2/13217546108958/prd-front-1465282_1200x1200/prd-front-1465282-1200x1200.jpg"
"1773453085-97","https://www.watsons.com.tr/search/essence?query=essence:most-relevant:masterBrandName:ESSENCE","https://www.watsons.com.tr/search/essence?query=essence:most-relevant:masterBrandName:ESSENCE&currentPage=5","Essence Lip Swirl Dudak Bakım Maskesi 01","177,90 ₺","0","Sepete Ekle","https://media.watsons.com.tr/medias/sys_master/prd-images/hd6/h3d/13217544273950/prd-front-1465233_195x195/prd-front-1465233-195x195.jpg","Essence Lip Swirl Dudak Bakım Maskesi 01   
 177,90 ₺   0","https://www.watsons.com.tr/essence-lip-swirl-dudak-bakim-maskesi-01/p/BP_1465233","1465233","RUJ","","ESSENCE","Ruj ve Lipstick","Essence Lip Swirl Dudak Bakım Maskesi 01","Stokta","https://media.watsons.com.tr/medias/sys_master/prd-images/h15/h3d/13217544208414/prd-front-1465233_1200x1200/prd-front-1465233-1200x1200.jpg"
"1773453089-98","https://www.watsons.com.tr/search/essence?query=essence:most-relevant:masterBrandName:ESSENCE","https://www.watsons.com.tr/search/essence?query=essence:most-relevant:masterBrandName:ESSENCE&currentPage=5","Essence Make Me Brow Gel Kaş Maskara No: 05","158,90 ₺","0","Sepete Ekle","https://media.watsons.com.tr/medias/sys_master/prd-images/he9/h7b/8910752481310/prd-front-173792_195x195/prd-front-173792-195x195.png","Essence Make Me Brow Gel Kaş Maskara No: 05   
 158,90 ₺   0","https://www.watsons.com.tr/essence-make-me-brow-gel-kas-maskara-no-05/p/BP_173792","173792","Essence Make Me Brow Gel Kaş Maskara No: 05","","ESSENCE","Kaş Maskarası","Essence Make Me Brow Gel Kaş Maskara No: 05","Stokta","https://media.watsons.com.tr/medias/sys_master/prd-images/h27/h7b/8910752415774/prd-front-173792_1200x1200/prd-front-173792-1200x1200.png"
"1773453094-99","https://www.watsons.com.tr/search/essence?query=essence:most-relevant:masterBrandName:ESSENCE","https://www.watsons.com.tr/search/essence?query=essence:most-relevant:masterBrandName:ESSENCE&currentPage=4","Essence Hydra Kiss Lip Dudak Tint 03","177,90 ₺","0","Sepete Ekle","https://media.watsons.com.tr/medias/sys_master/prd-images/hb5/h80/13217539293214/prd-front-1465107_195x195/prd-front-1465107-195x195.jpg","Essence Hydra Kiss Lip Dudak Tint 03   
 177,90 ₺   0","https://www.watsons.com.tr/essence-hydra-kiss-lip-dudak-tint-03/p/BP_1465107","1465107","LİKİT RUJ","","ESSENCE","Likit Ruj","Essence Hydra Kiss Lip Dudak Tint 03","Stokta","https://media.watsons.com.tr/medias/sys_master/prd-images/h76/h81/13217539227678/prd-front-1465107_1200x1200/prd-front-1465107-1200x1200.jpg"
"1773453097-100","https://www.watsons.com.tr/search/essence?query=essence:most-relevant:masterBrandName:ESSENCE","https://www.watsons.com.tr/search/essence?query=essence:most-relevant:masterBrandName:ESSENCE&currentPage=4","Essence Camouflage + Matte Kapatıcı 190","177,90 ₺","0","Sepete Ekle","https://media.watsons.com.tr/medias/sys_master/prd-images/h7c/h10/13217548599326/prd-front-1465345_195x195/prd-front-1465345-195x195.jpg","Essence Camouflage + Matte Kapatıcı 190   
 177,90 ₺   0","https://www.watsons.com.tr/essence-camouflage-matte-kapatici-190/p/BP_1465345","1465345","KAPATICI","","ESSENCE","Kapatıcılar","Essence Camouflage + Matte Kapatıcı 190","Stokta","https://media.watsons.com.tr/medias/sys_master/prd-images/h2b/h11/13217548533790/prd-front-1465345_1200x1200/prd-front-1465345-1200x1200.jpg"
"1773453100-101","https://www.watsons.com.tr/search/essence?query=essence:most-relevant:masterBrandName:ESSENCE","https://www.watsons.com.tr/search/essence?query=essence:most-relevant:masterBrandName:ESSENCE&currentPage=4","Essence Juicy Melon Tinted Lip&Cheek Balm","177,90 ₺","3","Sepete Ekle","https://media.watsons.com.tr/medias/sys_master/prd-images/h46/hb6/12430926151710/prd-front-1446844_195x195/prd-front-1446844-195x195.jpg","Essence Juicy Melon Tinted Lip&Cheek Balm   
 177,90 ₺   3","https://www.watsons.com.tr/essence-juicy-melon-tinted-lip-cheek-balm/p/BP_1446844","1446844","ALLIK","","ESSENCE","Allık ve Paletler","Essence Juicy Melon Tinted Lip&Cheek Balm","Stokta","https://media.watsons.com.tr/medias/sys_master/prd-images/h57/hb9/12430926086174/prd-front-1446844_1200x1200/prd-front-1446844-1200x1200.jpg"
"1773453103-102","https://www.watsons.com.tr/search/essence?query=essence:most-relevant:masterBrandName:ESSENCE","https://www.watsons.com.tr/search/essence?query=essence:most-relevant:masterBrandName:ESSENCE&currentPage=4","Essence Hydra Kiss Dudak Yağı 09","177,90 ₺","0","Sepete Ekle","https://media.watsons.com.tr/medias/sys_master/prd-images/h02/h25/13217543487518/prd-front-1465212_195x195/prd-front-1465212-195x195.jpg","Essence Hydra Kiss Dudak Yağı 09   
 177,90 ₺   0","https://www.watsons.com.tr/essence-hydra-kiss-dudak-yagi-09/p/BP_1465212","1465212","RUJ","","ESSENCE","Ruj ve Lipstick","Essence Hydra Kiss Dudak Yağı 09","Stokta","https://media.watsons.com.tr/medias/sys_master/prd-images/hb1/h25/13217543421982/prd-front-1465212_1200x1200/prd-front-1465212-1200x1200.jpg"
"1773453107-103","https://www.watsons.com.tr/search/essence?query=essence:most-relevant:masterBrandName:ESSENCE","https://www.watsons.com.tr/search/essence?query=essence:most-relevant:masterBrandName:ESSENCE&currentPage=4","Essence Natural Matte Mousse Fondöten No: 01","230,90 ₺","1","Sepete Ekle","https://media.watsons.com.tr/medias/sys_master/prd-images/h1d/h86/10992265855006/prd-front-1405446_195x195/prd-front-1405446-195x195.jpg","Essence Natural Matte Mousse Fondöten No: 01   
 230,90 ₺   1","https://www.watsons.com.tr/essence-natural-matte-mousse-fondoten-no-01/p/BP_1405446","1405446","Essence Natural Matte Mousse Fondöten No: 01","","ESSENCE","Fondöten","Essence Natural Matte Mousse Fondöten No: 01","Stokta","https://media.watsons.com.tr/medias/sys_master/prd-images/h2f/h89/10992265789470/prd-front-1405446_1200x1200/prd-front-1405446-1200x1200.jpg"
"1773453111-104","https://www.watsons.com.tr/search/essence?query=essence:most-relevant:masterBrandName:ESSENCE","https://www.watsons.com.tr/search/essence?query=essence:most-relevant:masterBrandName:ESSENCE&currentPage=4","Essence Soft Touch Butter Bronzer 20","177,90 ₺","0","Sepete Ekle","https://media.watsons.com.tr/medias/sys_master/prd-images/hfd/hb1/13217545584670/prd-front-1465268_195x195/prd-front-1465268-195x195.jpg","Essence Soft Touch Butter Bronzer 20   
 177,90 ₺   0","https://www.watsons.com.tr/essence-soft-touch-butter-bronzer-20/p/BP_1465268","1465268","PUDRA","","ESSENCE","Pudralar","Essence Soft Touch Butter Bronzer 20","Stokta","https://media.watsons.com.tr/medias/sys_master/prd-images/h3c/hb1/13217545519134/prd-front-1465268_1200x1200/prd-front-1465268-1200x1200.jpg"
"1773453115-105","https://www.watsons.com.tr/search/essence?query=essence:most-relevant:masterBrandName:ESSENCE","https://www.watsons.com.tr/search/essence?query=essence:most-relevant:masterBrandName:ESSENCE&currentPage=4","Essence Fairy Pink Oje 04","119,90 ₺","0","Sepete Ekle","https://media.watsons.com.tr/medias/sys_master/prd-images/h2a/h5c/13217549647902/prd-front-1465373_195x195/prd-front-1465373-195x195.jpg","Essence Fairy Pink Oje 04   
 119,90 ₺   0","https://www.watsons.com.tr/essence-fairy-pink-oje-04/p/BP_1465373","1465373","OJE","","ESSENCE","Oje","Essence Fairy Pink Oje 04","Stokta","https://media.watsons.com.tr/medias/sys_master/prd-images/h2c/h59/13217549582366/prd-front-1465373_1200x1200/prd-front-1465373-1200x1200.jpg"
"1773453117-106","https://www.watsons.com.tr/search/essence?query=essence:most-relevant:masterBrandName:ESSENCE","https://www.watsons.com.tr/search/essence?query=essence:most-relevant:masterBrandName:ESSENCE&currentPage=4","Essence Hydra Kiss Dudak Yağı No: 03","177,90 ₺","3","Sepete Ekle","https://media.watsons.com.tr/medias/sys_master/prd-images/hdd/hb3/9678542536734/prd-front-1376620_195x195/prd-front-1376620-195x195.png","Essence Hydra Kiss Dudak Yağı No: 03   
 177,90 ₺   3","https://www.watsons.com.tr/essence-hydra-kiss-dudak-yagi-no-03/p/BP_1376620","1376620","Essence Hydra Kiss Dudak Yağı No: 03","","ESSENCE","Lip Gloss","Essence Hydra Kiss Dudak Yağı No: 03","Stokta","https://media.watsons.com.tr/medias/sys_master/prd-images/hdb/hb6/9678542471198/prd-front-1376620_1200x1200/prd-front-1376620-1200x1200.png"
"1773453121-107","https://www.watsons.com.tr/search/essence?query=essence:most-relevant:masterBrandName:ESSENCE","https://www.watsons.com.tr/search/essence?query=essence:most-relevant:masterBrandName:ESSENCE&currentPage=4","Essence Fairy Shimmer Oje 05","119,90 ₺","0","Sepete Ekle","https://media.watsons.com.tr/medias/sys_master/prd-images/h03/h9d/13217550172190/prd-front-1465387_195x195/prd-front-1465387-195x195.jpg","Essence Fairy Shimmer Oje 05   
 119,90 ₺   0","https://www.watsons.com.tr/essence-fairy-shimmer-oje-05/p/BP_1465387","1465387","OJE","","ESSENCE","Oje","Essence Fairy Shimmer Oje 05","Stokta","https://media.watsons.com.tr/medias/sys_master/prd-images/hc5/h9d/13217550106654/prd-front-1465387_1200x1200/prd-front-1465387-1200x1200.jpg"
"1773453123-108","https://www.watsons.com.tr/search/essence?query=essence:most-relevant:masterBrandName:ESSENCE","https://www.watsons.com.tr/search/essence?query=essence:most-relevant:masterBrandName:ESSENCE&currentPage=4","Essence The Super Peptide Glossy Dudak Bakımı 01","177,90 ₺","0","Sepete Ekle","https://media.watsons.com.tr/medias/sys_master/prd-images/h6a/h68/12381102112798/prd-front-1443554_195x195/prd-front-1443554-195x195.jpg","Essence The Super Peptide Glossy Dudak Bakımı 01   
 177,90 ₺   0","https://www.watsons.com.tr/essence-the-super-peptide-glossy-dudak-bakimi-01/p/BP_1443554","1443554","STICK","","ESSENCE","","Essence The Super Peptide Glossy Dudak Bakımı 01","Stokta","https://media.watsons.com.tr/medias/sys_master/prd-images/h59/h65/12381102047262/prd-front-1443554_1200x1200/prd-front-1443554-1200x1200.jpg"
"1773453126-109","https://www.watsons.com.tr/search/essence?query=essence:most-relevant:masterBrandName:ESSENCE","https://www.watsons.com.tr/search/essence?query=essence:most-relevant:masterBrandName:ESSENCE&currentPage=4","Essence Fairy Rose Oje 03","119,90 ₺","0","Sepete Ekle","https://media.watsons.com.tr/medias/sys_master/prd-images/h0c/h66/13217549910046/prd-front-1465380_195x195/prd-front-1465380-195x195.jpg","Essence Fairy Rose Oje 03   
 119,90 ₺   0","https://www.watsons.com.tr/essence-fairy-rose-oje-03/p/BP_1465380","1465380","OJE","","ESSENCE","Oje","Essence Fairy Rose Oje 03","Stokta","https://media.watsons.com.tr/medias/sys_master/prd-images/hfb/h62/13217549844510/prd-front-1465380_1200x1200/prd-front-1465380-1200x1200.jpg"
"1773453129-110","https://www.watsons.com.tr/search/essence?query=essence:most-relevant:masterBrandName:ESSENCE","https://www.watsons.com.tr/search/essence?query=essence:most-relevant:masterBrandName:ESSENCE&currentPage=4","Essence Jel Oje No: 14","87,50 ₺","3","Sepete Ekle","https://media.watsons.com.tr/medias/sys_master/prd-images/hc3/h8b/9040580149278/prd-front-1327228_195x195/prd-front-1327228-195x195.png","Essence Jel Oje No: 14   
 87,50 ₺   3","https://www.watsons.com.tr/essence-jel-oje-no-14/p/BP_1327228","","","","","","ESSENCE","",""
"1773453133-111","https://www.watsons.com.tr/search/essence?query=essence:most-relevant:masterBrandName:ESSENCE","https://www.watsons.com.tr/search/essence?query=essence:most-relevant:masterBrandName:ESSENCE&currentPage=4","Essence What The Fake Glass Shine Plump Lip Filler 1","185,90 ₺","0","Sepete Ekle","https://media.watsons.com.tr/medias/sys_master/prd-images/hf1/hc6/12430913044510/prd-front-1446648_195x195/prd-front-1446648-195x195.jpg","Essence What The Fake Glass Shine Plump Lip Filler 1   
 185,90 ₺   0","https://www.watsons.com.tr/essence-what-the-fake-glass-shine-plump-lip-filler-1/p/BP_1446648","1446648","LİKİT RUJ","","ESSENCE","Lip Gloss","Essence What The Fake Glass Shine Plump Lip Filler 1","Stokta","https://media.watsons.com.tr/medias/sys_master/prd-images/h51/hee/12430912978974/prd-front-1446648_1200x1200/prd-front-1446648-1200x1200.jpg"
"1773453136-112","https://www.watsons.com.tr/search/essence?query=essence:most-relevant:masterBrandName:ESSENCE","https://www.watsons.com.tr/search/essence?query=essence:most-relevant:masterBrandName:ESSENCE&currentPage=4","Essence Satin Glow Parlak Ruj 03","177,90 ₺","0","Sepete Ekle","https://media.watsons.com.tr/medias/sys_master/prd-images/h79/h85/13217542701086/prd-front-1465191_195x195/prd-front-1465191-195x195.jpg","Essence Satin Glow Parlak Ruj 03   
 177,90 ₺   0","https://www.watsons.com.tr/essence-satin-glow-parlak-ruj-03/p/BP_1465191","1465191","RUJ","","ESSENCE","Ruj ve Lipstick","Essence Satin Glow Parlak Ruj 03","Stokta","https://media.watsons.com.tr/medias/sys_master/prd-images/h8a/h88/13217542635550/prd-front-1465191_1200x1200/prd-front-1465191-1200x1200.jpg"
"1773453139-113","https://www.watsons.com.tr/search/essence?query=essence:most-relevant:masterBrandName:ESSENCE","https://www.watsons.com.tr/search/essence?query=essence:most-relevant:masterBrandName:ESSENCE&currentPage=4","Essence Extreme Shine Volume Dudak Parlatıcısı 101","134,90 ₺","3","Sepete Ekle","https://media.watsons.com.tr/medias/sys_master/prd-images/hf1/h4d/8986976649246/prd-front-1287818_195x195/prd-front-1287818-195x195.png","Essence Extreme Shine Volume Dudak Parlatıcısı 101   
 134,90 ₺   3","https://www.watsons.com.tr/essence-extreme-shine-volume-dudak-parlaticisi-101/p/BP_1287818","1287818","Essence Extreme Shine Volume Dudak Parlatıcısı 101","","ESSENCE","Lip Gloss","Essence Extreme Shine Volume Dudak Parlatıcısı 101","Stokta","https://media.watsons.com.tr/medias/sys_master/prd-images/hef/h50/8986976583710/prd-front-1287818_1200x1200/prd-front-1287818-1200x1200.png"
"1773453141-114","https://www.watsons.com.tr/search/essence?query=essence:most-relevant:masterBrandName:ESSENCE","https://www.watsons.com.tr/search/essence?query=essence:most-relevant:masterBrandName:ESSENCE&currentPage=4","Essence Camouflage + Matte Kapatıcı 160","177,90 ₺","0","Sepete Ekle","https://media.watsons.com.tr/medias/sys_master/prd-images/hc9/h21/13217548075038/prd-front-1465331_195x195/prd-front-1465331-195x195.jpg","Essence Camouflage + Matte Kapatıcı 160   
 177,90 ₺   0","https://www.watsons.com.tr/essence-camouflage-matte-kapatici-160/p/BP_1465331","1465331","KAPATICI","","ESSENCE","Kapatıcılar","Essence Camouflage + Matte Kapatıcı 160","Stokta","https://media.watsons.com.tr/medias/sys_master/prd-images/h8b/h22/13217548009502/prd-front-1465331_1200x1200/prd-front-1465331-1200x1200.jpg"
"1773453145-115","https://www.watsons.com.tr/search/essence?query=essence:most-relevant:masterBrandName:ESSENCE","https://www.watsons.com.tr/search/essence?query=essence:most-relevant:masterBrandName:ESSENCE&currentPage=4","Essence Baby Got Likit Aydınlatıcı No: 10","204,90 ₺","0","Sepete Ekle","https://media.watsons.com.tr/medias/sys_master/prd-images/hc9/he8/10992256942110/prd-front-1405537_195x195/prd-front-1405537-195x195.jpg","Essence Baby Got Likit Aydınlatıcı No: 10   
 204,90 ₺   0","https://www.watsons.com.tr/essence-baby-got-likit-aydinlatici-no-10/p/BP_1405537","1405537","Essence Baby Got Likit Aydınlatıcı No: 10","","ESSENCE","Highlighter ve Paletler","Essence Baby Got Likit Aydınlatıcı No: 10","Stokta","https://media.watsons.com.tr/medias/sys_master/prd-images/hda/heb/10992256876574/prd-front-1405537_1200x1200/prd-front-1405537-1200x1200.jpg"
"1773453148-116","https://www.watsons.com.tr/search/essence?query=essence:most-relevant:masterBrandName:ESSENCE","https://www.watsons.com.tr/search/essence?query=essence:most-relevant:masterBrandName:ESSENCE&currentPage=4","Essence Birthday Fun Mini Oje 05","61,95 ₺","0","Sepete Ekle","https://media.watsons.com.tr/medias/sys_master/prd-images/h9e/h49/12430927200286/prd-front-1446872_195x195/prd-front-1446872-195x195.jpg","Essence Birthday Fun Mini Oje 05   
 61,95 ₺   0","https://www.watsons.com.tr/essence-birthday-fun-mini-oje-05/p/BP_1446872","1446872","OJE","","ESSENCE","Oje","Essence Birthday Fun Mini Oje 05","Stokta","https://media.watsons.com.tr/medias/sys_master/prd-images/haf/h4c/12430927134750/prd-front-1446872_1200x1200/prd-front-1446872-1200x1200.jpg"
"1773453152-117","https://www.watsons.com.tr/search/essence?query=essence:most-relevant:masterBrandName:ESSENCE","https://www.watsons.com.tr/search/essence?query=essence:most-relevant:masterBrandName:ESSENCE&currentPage=4","Essence Mattifying Compact Pudra 02 Soft Beige","177,90 ₺","0","Sepete Ekle","https://media.watsons.com.tr/medias/sys_master/prd-images/h08/h8b/8906009149470/prd-front-162697_195x195/prd-front-162697-195x195.jpeg","Essence Mattifying Compact Pudra 02 Soft Beige   
 177,90 ₺   0","https://www.watsons.com.tr/essence-mattifying-compact-pudra-02-soft-beige/p/BP_162697","162697","Essence Mattifying Compact Pudra 02 Soft Beige","","ESSENCE","Pudralar","Essence Mattifying Compact Pudra 02 Soft Beige","Stokta","https://media.watsons.com.tr/medias/sys_master/prd-images/h06/h8e/8906009083934/prd-front-162697_1200x1200/prd-front-162697-1200x1200.jpeg"
"1773453156-118","https://www.watsons.com.tr/search/essence?query=essence:most-relevant:masterBrandName:ESSENCE","https://www.watsons.com.tr/search/essence?query=essence:most-relevant:masterBrandName:ESSENCE&currentPage=4","Essence Jel Oje No: 71","87,50 ₺","0","Sepete Ekle","https://media.watsons.com.tr/medias/sys_master/prd-images/h0f/he4/12381103685662/prd-front-1443596_195x195/prd-front-1443596-195x195.jpg","Essence Jel Oje No: 71   
 87,50 ₺   0","https://www.watsons.com.tr/essence-jel-oje-no-71/p/BP_1443596","1443596","OJE","","ESSENCE","Oje","Essence Jel Oje No: 71","Stokta","https://media.watsons.com.tr/medias/sys_master/prd-images/h61/he3/12381103620126/prd-front-1443596_1200x1200/prd-front-1443596-1200x1200.jpg"
"1773453160-119","https://www.watsons.com.tr/search/essence?query=essence:most-relevant:masterBrandName:ESSENCE","https://www.watsons.com.tr/search/essence?query=essence:most-relevant:masterBrandName:ESSENCE&currentPage=4","Essence Brow Powder Kaş Kiti 02","177,90 ₺","0","Sepete Ekle","https://media.watsons.com.tr/medias/sys_master/prd-images/h3c/h7d/12430911733790/prd-front-1446557_195x195/prd-front-1446557-195x195.jpg","Essence Brow Powder Kaş Kiti 02   
 177,90 ₺   0","https://www.watsons.com.tr/essence-brow-powder-kas-kiti-02/p/BP_1446557","1446557","KAŞ/KİRPİK MAKYAJI","","ESSENCE","Kaş Kiti","Essence Brow Powder Kaş Kiti 02","Stokta","https://media.watsons.com.tr/medias/sys_master/prd-images/h2b/h7a/12430911668254/prd-front-1446557_1200x1200/prd-front-1446557-1200x1200.jpg"
"1773453163-120","https://www.watsons.com.tr/search/essence?query=essence:most-relevant:masterBrandName:ESSENCE","https://www.watsons.com.tr/search/essence?query=essence:most-relevant:masterBrandName:ESSENCE&currentPage=4","Essence 8H Matte Comfort Dudak Kalemi No: 05","105,90 ₺","0","Sepete Ekle","","Essence 8H Matte Comfort Dudak Kalemi No: 05   
 105,90 ₺   0","https://www.watsons.com.tr/essence-8h-matte-comfort-dudak-kalemi-no-05/p/BP_1340822","1340822","Essence 8H Matte Comfort Dudak Kalemi No: 05","","ESSENCE","Dudak Kalemi","Essence 8H Matte Comfort Dudak Kalemi No: 05","Stokta",""
"1773453167-121","https://www.watsons.com.tr/search/essence?query=essence:most-relevant:masterBrandName:ESSENCE","https://www.watsons.com.tr/search/essence?query=essence:most-relevant:masterBrandName:ESSENCE&currentPage=4","Essence Make Me Brow Gel Kaş Maskara No: 04","158,90 ₺","1","Sepete Ekle","https://media.watsons.com.tr/medias/sys_master/prd-images/h18/h75/8910752284702/prd-front-173790_195x195/prd-front-173790-195x195.png","Essence Make Me Brow Gel Kaş Maskara No: 04   
 158,90 ₺   1","https://www.watsons.com.tr/essence-make-me-brow-gel-kas-maskara-no-04/p/BP_173790","173790","Essence Make Me Brow Gel Kaş Maskara No: 04","","ESSENCE","Kaş Maskarası","Essence Make Me Brow Gel Kaş Maskara No: 04","Stokta","https://media.watsons.com.tr/medias/sys_master/prd-images/h57/h74/8910752219166/prd-front-173790_1200x1200/prd-front-173790-1200x1200.png"
"1773453170-122","https://www.watsons.com.tr/search/essence?query=essence:most-relevant:masterBrandName:ESSENCE","https://www.watsons.com.tr/search/essence?query=essence:most-relevant:masterBrandName:ESSENCE&currentPage=4","Essence Natural Matte Mousse Fondöten No: 04","230,90 ₺","0","Sepete Ekle","https://media.watsons.com.tr/medias/sys_master/prd-images/hb0/h91/10992255107102/prd-front-1405467_195x195/prd-front-1405467-195x195.jpg","Essence Natural Matte Mousse Fondöten No: 04   
 230,90 ₺   0","https://www.watsons.com.tr/essence-natural-matte-mousse-fondoten-no-04/p/BP_1405467","1405467","Essence Natural Matte Mousse Fondöten No: 04","","ESSENCE","Fondöten","Essence Natural Matte Mousse Fondöten No: 04","Stokta","https://media.watsons.com.tr/medias/sys_master/prd-images/hb2/h8e/10992255041566/prd-front-1405467_1200x1200/prd-front-1405467-1200x1200.jpg"
"1773453176-123","https://www.watsons.com.tr/search/essence?query=essence:most-relevant:masterBrandName:ESSENCE","https://www.watsons.com.tr/search/essence?query=essence:most-relevant:masterBrandName:ESSENCE&currentPage=4","Essence Likit Ink Eyeliner","149,90 ₺","1","Sepete Ekle","https://media.watsons.com.tr/medias/sys_master/prd-images/hf6/h95/8906020552734/prd-front-162784_195x195/prd-front-162784-195x195.jpeg","Essence Likit Ink Eyeliner   
 149,90 ₺   1","https://www.watsons.com.tr/essence-likit-ink-eyeliner/p/BP_162784","162784","Essence Likit Ink Eyeliner","","ESSENCE","Eyeliner","Essence Likit Ink Eyeliner","Stokta","https://media.watsons.com.tr/medias/sys_master/prd-images/h07/h99/8906020487198/prd-front-162784_1200x1200/prd-front-162784-1200x1200.jpeg"
"1773453180-124","https://www.watsons.com.tr/search/essence?query=essence:most-relevant:masterBrandName:ESSENCE","https://www.watsons.com.tr/search/essence?query=essence:most-relevant:masterBrandName:ESSENCE&currentPage=4","Essence The Slim Stick Ruj No: 102","177,90 ₺","0","Sepete Ekle","https://media.watsons.com.tr/medias/sys_master/prd-images/hbd/h3d/10992253272094/prd-front-1405376_195x195/prd-front-1405376-195x195.jpg","Essence The Slim Stick Ruj No: 102   
 177,90 ₺   0","https://www.watsons.com.tr/essence-the-slim-stick-ruj-no-102/p/BP_1405376","1405376","Essence The Slim Stick Ruj No: 102","","ESSENCE","Ruj ve Lipstick","Essence The Slim Stick Ruj No: 102","Stokta","https://media.watsons.com.tr/medias/sys_master/prd-images/h7f/h3e/10992253206558/prd-front-1405376_1200x1200/prd-front-1405376-1200x1200.jpg"
"1773453184-125","https://www.watsons.com.tr/search/essence?query=essence:most-relevant:masterBrandName:ESSENCE","https://www.watsons.com.tr/search/essence?query=essence:most-relevant:masterBrandName:ESSENCE&currentPage=4","Essence Extreme Shine Volume Dudak Parlatıcısı 103","134,90 ₺","1","Sepete Ekle","https://media.watsons.com.tr/medias/sys_master/prd-images/h92/h77/8986986348574/prd-front-1322545_195x195/prd-front-1322545-195x195.png","Essence Extreme Shine Volume Dudak Parlatıcısı 103   
 134,90 ₺   1","https://www.watsons.com.tr/essence-extreme-shine-volume-dudak-parlaticisi-103/p/BP_1322545","1322545","Essence Extreme Shine Volume Dudak Parlatıcısı 103","","ESSENCE","Lip Gloss","Essence Extreme Shine Volume Dudak Parlatıcısı 103","Stokta","https://media.watsons.com.tr/medias/sys_master/prd-images/h95/h74/8986986283038/prd-front-1322545_1200x1200/prd-front-1322545-1200x1200.png"
"1773453186-126","https://www.watsons.com.tr/search/essence?query=essence:most-relevant:masterBrandName:ESSENCE","https://www.watsons.com.tr/search/essence?query=essence:most-relevant:masterBrandName:ESSENCE&currentPage=4","Essence I Love Extreme Volume Waterproof Maskara","186,90 ₺","5","Sepete Ekle","https://media.watsons.com.tr/medias/sys_master/prd-images/hb7/h85/9688482349086/prd-front-1340668_195x195/prd-front-1340668-195x195.jpg","Essence I Love Extreme Volume Waterproof Maskara   
 186,90 ₺   5","https://www.watsons.com.tr/essence-i-love-extreme-volume-waterproof-maskara/p/BP_1340668","1340668","Essence I Love Extreme Volume Waterproof Maskara","","ESSENCE","Maskara","Essence I Love Extreme Volume Waterproof Maskara","Stokta","https://media.watsons.com.tr/medias/sys_master/prd-images/hf8/h81/9688482218014/prd-front-1340668_1200x1200/prd-front-1340668-1200x1200.jpg"
"1773453188-127","https://www.watsons.com.tr/search/essence?query=essence:most-relevant:masterBrandName:ESSENCE","https://www.watsons.com.tr/search/essence?query=essence:most-relevant:masterBrandName:ESSENCE&currentPage=3","Essence Soft Touch Duo Far 02","134,90 ₺","0","Sepete Ekle","https://media.watsons.com.tr/medias/sys_master/prd-images/h94/h82/12381099491358/prd-front-1443477_195x195/prd-front-1443477-195x195.jpg","Essence Soft Touch Duo Far 02   
 134,90 ₺   0","https://www.watsons.com.tr/essence-soft-touch-duo-far-02/p/BP_1443477","1443477","GÖZ FARI","","ESSENCE","Far ve Paletler","Essence Soft Touch Duo Far 02","Stokta","https://media.watsons.com.tr/medias/sys_master/prd-images/h55/h83/12381099425822/prd-front-1443477_1200x1200/prd-front-1443477-1200x1200.jpg"
"1773453191-128","https://www.watsons.com.tr/search/essence?query=essence:most-relevant:masterBrandName:ESSENCE","https://www.watsons.com.tr/search/essence?query=essence:most-relevant:masterBrandName:ESSENCE&currentPage=3","Essence Make Me Brow Kaş Maskarası 02 Browny","158,90 ₺","0","Sepete Ekle","https://media.watsons.com.tr/medias/sys_master/prd-images/h9e/hf4/8906008166430/prd-front-162691_195x195/prd-front-162691-195x195.jpeg","Essence Make Me Brow Kaş Maskarası 02 Browny   
 158,90 ₺   0","https://www.watsons.com.tr/essence-make-me-brow-kas-maskarasi-02-browny/p/BP_162691","162691","Essence Make Me Brow Kaş Maskarası 02 Browny","","ESSENCE","Kaş Maskarası","Essence Make Me Brow Kaş Maskarası 02 Browny","Stokta","https://media.watsons.com.tr/medias/sys_master/prd-images/h4d/hf5/8906008100894/prd-front-162691_1200x1200/prd-front-162691-1200x1200.jpeg"
"1773453193-129","https://www.watsons.com.tr/search/essence?query=essence:most-relevant:masterBrandName:ESSENCE","https://www.watsons.com.tr/search/essence?query=essence:most-relevant:masterBrandName:ESSENCE&currentPage=3","Essence Meta Glow Colour Changing Ruj","177,90 ₺","0","Sepete Ekle","https://media.watsons.com.tr/medias/sys_master/prd-images/hc9/h96/10992252747806/prd-front-1405362_195x195/prd-front-1405362-195x195.jpg","Essence Meta Glow Colour Changing Ruj   
 177,90 ₺   0","https://www.watsons.com.tr/essence-meta-glow-colour-changing-ruj/p/BP_1405362","1405362","Essence Meta Glow Colour Changing Ruj","","ESSENCE","Ruj ve Lipstick","Essence Meta Glow Colour Changing Ruj","Stokta","https://media.watsons.com.tr/medias/sys_master/prd-images/hc7/h99/10992252682270/prd-front-1405362_1200x1200/prd-front-1405362-1200x1200.jpg"
"1773453195-130","https://www.watsons.com.tr/search/essence?query=essence:most-relevant:masterBrandName:ESSENCE","https://www.watsons.com.tr/search/essence?query=essence:most-relevant:masterBrandName:ESSENCE&currentPage=3","Essence Krem Far 01","185,90 ₺","0","Sepete Ekle","https://media.watsons.com.tr/medias/sys_master/prd-images/h05/hab/13217540866078/prd-front-1465149_195x195/prd-front-1465149-195x195.jpg","Essence Krem Far 01   
 185,90 ₺   0","https://www.watsons.com.tr/essence-krem-far-01/p/BP_1465149","1465149","GÖZ FARI","","ESSENCE","Far ve Paletler","Essence Krem Far 01","Stokta","https://media.watsons.com.tr/medias/sys_master/prd-images/h56/haa/13217540800542/prd-front-1465149_1200x1200/prd-front-1465149-1200x1200.jpg"
"1773453197-131","https://www.watsons.com.tr/search/essence?query=essence:most-relevant:masterBrandName:ESSENCE","https://www.watsons.com.tr/search/essence?query=essence:most-relevant:masterBrandName:ESSENCE&currentPage=3","Essence The Slim Stick Ruj No: 103","177,90 ₺","1","Sepete Ekle","https://media.watsons.com.tr/medias/sys_master/prd-images/h4c/ha1/10992265068574/prd-front-1405383_195x195/prd-front-1405383-195x195.jpg","Essence The Slim Stick Ruj No: 103   
 177,90 ₺   1","https://www.watsons.com.tr/essence-the-slim-stick-ruj-no-103/p/BP_1405383","1405383","Essence The Slim Stick Ruj No: 103","","ESSENCE","Ruj ve Lipstick","Essence The Slim Stick Ruj No: 103","Stokta","https://media.watsons.com.tr/medias/sys_master/prd-images/hfa/ha1/10992265003038/prd-front-1405383_1200x1200/prd-front-1405383-1200x1200.jpg"
"1773453201-132","https://www.watsons.com.tr/search/essence?query=essence:most-relevant:masterBrandName:ESSENCE","https://www.watsons.com.tr/search/essence?query=essence:most-relevant:masterBrandName:ESSENCE&currentPage=3","Essence Baby Got Bronze Bronzing Stick 40","177,90 ₺","2","Sepete Ekle","https://media.watsons.com.tr/medias/sys_master/prd-images/h94/hf2/12430894694430/prd-front-1446809_195x195/prd-front-1446809-195x195.jpg","Essence Baby Got Bronze Bronzing Stick 40   
 177,90 ₺   2","https://www.watsons.com.tr/essence-baby-got-bronze-bronzing-stick-40/p/BP_1446809","1446809","KONTÜR","","ESSENCE","Kontür ve Paletler","Essence Baby Got Bronze Bronzing Stick 40","Stokta","https://media.watsons.com.tr/medias/sys_master/prd-images/h55/hf3/12430894628894/prd-front-1446809_1200x1200/prd-front-1446809-1200x1200.jpg"
"1773453205-133","https://www.watsons.com.tr/search/essence?query=essence:most-relevant:masterBrandName:ESSENCE","https://www.watsons.com.tr/search/essence?query=essence:most-relevant:masterBrandName:ESSENCE&currentPage=3","Essence Mattifying Compact Pudra 11 Pastel Beige","177,90 ₺","0","Sepete Ekle","https://media.watsons.com.tr/medias/sys_master/prd-images/haa/h76/8906009739294/prd-front-162701_195x195/prd-front-162701-195x195.jpeg","Essence Mattifying Compact Pudra 11 Pastel Beige   
 177,90 ₺   0","https://www.watsons.com.tr/essence-mattifying-compact-pudra-11-pastel-beige/p/BP_162701","162701","Essence Mattifying Compact Pudra 11 Pastel Beige","","ESSENCE","Pudralar","Essence Mattifying Compact Pudra 11 Pastel Beige","Stokta","https://media.watsons.com.tr/medias/sys_master/prd-images/ha8/h79/8906009673758/prd-front-162701_1200x1200/prd-front-162701-1200x1200.jpeg"
"1773453208-134","https://www.watsons.com.tr/search/essence?query=essence:most-relevant:masterBrandName:ESSENCE","https://www.watsons.com.tr/search/essence?query=essence:most-relevant:masterBrandName:ESSENCE&currentPage=3","Essence Natural Matte Mousse Fondöten No: 02","230,90 ₺","1","Sepete Ekle","https://media.watsons.com.tr/medias/sys_master/prd-images/h68/h36/10992254582814/prd-front-1405453_195x195/prd-front-1405453-195x195.jpg","Essence Natural Matte Mousse Fondöten No: 02   
 230,90 ₺   1","https://www.watsons.com.tr/essence-natural-matte-mousse-fondoten-no-02/p/BP_1405453","1405453","Essence Natural Matte Mousse Fondöten No: 02","","ESSENCE","Fondöten","Essence Natural Matte Mousse Fondöten No: 02","Stokta","https://media.watsons.com.tr/medias/sys_master/prd-images/ha7/h35/10992254517278/prd-front-1405453_1200x1200/prd-front-1405453-1200x1200.jpg"
"1773453212-135","https://www.watsons.com.tr/search/essence?query=essence:most-relevant:masterBrandName:ESSENCE","https://www.watsons.com.tr/search/essence?query=essence:most-relevant:masterBrandName:ESSENCE&currentPage=3","Essence The False Lash Extreme Volume&Curl Maskara","158,90 ₺","3","Sepete Ekle","https://media.watsons.com.tr/medias/sys_master/prd-images/hc5/h70/8906038771742/prd-front-162853_195x195/prd-front-162853-195x195.jpeg","Essence The False Lash Extreme Volume&Curl Maskara   
 158,90 ₺   3","https://www.watsons.com.tr/essence-the-false-lash-extreme-volume-curl-maskara/p/BP_162853","162853","Essence The False Lash Extreme Volume&Curl Maskara","","ESSENCE","Maskara","Essence The False Lash Extreme Volume&Curl Maskara","Stokta","https://media.watsons.com.tr/medias/sys_master/prd-images/h86/h71/8906038706206/prd-front-162853_1200x1200/prd-front-162853-1200x1200.jpeg"
"1773453217-136","https://www.watsons.com.tr/search/essence?query=essence:most-relevant:masterBrandName:ESSENCE","https://www.watsons.com.tr/search/essence?query=essence:most-relevant:masterBrandName:ESSENCE&currentPage=3","Essence Baby Got Glow Stick Aydınlatıcı 10","195,90 ₺","0","Sepete Ekle","https://media.watsons.com.tr/medias/sys_master/prd-images/hcb/hbb/13217545846814/prd-front-1465275_195x195/prd-front-1465275-195x195.jpg","Essence Baby Got Glow Stick Aydınlatıcı 10   
 195,90 ₺   0","https://www.watsons.com.tr/essence-baby-got-glow-stick-aydinlatici-10/p/BP_1465275","1465275","AYDINLATICI","","ESSENCE","Highlighter ve Paletler","Essence Baby Got Glow Stick Aydınlatıcı 10","Stokta","https://media.watsons.com.tr/medias/sys_master/prd-images/hcd/hb8/13217545781278/prd-front-1465275_1200x1200/prd-front-1465275-1200x1200.jpg"
"1773453221-137","https://www.watsons.com.tr/search/essence?query=essence:most-relevant:masterBrandName:ESSENCE","https://www.watsons.com.tr/search/essence?query=essence:most-relevant:masterBrandName:ESSENCE&currentPage=3","Essence Juicy Nail Tırnak Yağı 01","185,90 ₺","0","Sepete Ekle","https://media.watsons.com.tr/medias/sys_master/prd-images/h35/h93/13217550434334/prd-front-1465394_195x195/prd-front-1465394-195x195.jpg","Essence Juicy Nail Tırnak Yağı 01   
 185,90 ₺   0","https://www.watsons.com.tr/essence-juicy-nail-tirnak-yagi-01/p/BP_1465394","1465394","TIRNAK BAKIMI","","ESSENCE","Tırnak Bakım Ürünleri","Essence Juicy Nail Tırnak Yağı 01","Stokta","https://media.watsons.com.tr/medias/sys_master/prd-images/h47/h96/13217550368798/prd-front-1465394_1200x1200/prd-front-1465394-1200x1200.jpg"
"1773453225-138","https://www.watsons.com.tr/search/essence?query=essence:most-relevant:masterBrandName:ESSENCE","https://www.watsons.com.tr/search/essence?query=essence:most-relevant:masterBrandName:ESSENCE&currentPage=3","Essence Soft Touch Duo Far 01","134,90 ₺","7","Sepete Ekle","https://media.watsons.com.tr/medias/sys_master/prd-images/h25/h8a/12381099229214/prd-front-1443470_195x195/prd-front-1443470-195x195.jpg","Essence Soft Touch Duo Far 01   
 134,90 ₺   7","https://www.watsons.com.tr/essence-soft-touch-duo-far-01/p/BP_1443470","1443470","GÖZ FARI","","ESSENCE","Far ve Paletler","Essence Soft Touch Duo Far 01","Stokta","https://media.watsons.com.tr/medias/sys_master/prd-images/h24/h8d/12381099163678/prd-front-1443470_1200x1200/prd-front-1443470-1200x1200.jpg"
"1773453229-139","https://www.watsons.com.tr/search/essence?query=essence:most-relevant:masterBrandName:ESSENCE","https://www.watsons.com.tr/search/essence?query=essence:most-relevant:masterBrandName:ESSENCE&currentPage=3","Essence What The Fake! Takma Kirpik 02","177,90 ₺","0","Sepete Ekle","https://media.watsons.com.tr/medias/sys_master/prd-images/he7/hdf/12430920646686/prd-front-1446578_195x195/prd-front-1446578-195x195.jpg","Essence What The Fake! Takma Kirpik 02   
 177,90 ₺   0","https://www.watsons.com.tr/essence-what-the-fake-takma-kirpik-02/p/BP_1446578","1446578","MASKARA","","ESSENCE","Maskara","Essence What The Fake! Takma Kirpik 02","Stokta","https://media.watsons.com.tr/medias/sys_master/prd-images/he9/hdc/12430920581150/prd-front-1446578_1200x1200/prd-front-1446578-1200x1200.jpg"
"1773453233-140","https://www.watsons.com.tr/search/essence?query=essence:most-relevant:masterBrandName:ESSENCE","https://www.watsons.com.tr/search/essence?query=essence:most-relevant:masterBrandName:ESSENCE&currentPage=3","Essence Maximum Definition Volume Maskara","158,90 ₺","4","Sepete Ekle","https://media.watsons.com.tr/medias/sys_master/prd-images/h66/h7e/8906038378526/prd-front-162833_195x195/prd-front-162833-195x195.jpeg","Essence Maximum Definition Volume Maskara   
 158,90 ₺   4","https://www.watsons.com.tr/essence-maximum-definition-volume-maskara/p/BP_162833","162833","Essence Maximum Definition Volume Maskara","","ESSENCE","Maskara","Essence Maximum Definition Volume Maskara","Stokta","https://media.watsons.com.tr/medias/sys_master/prd-images/h14/h7f/8906038312990/prd-front-162833_1200x1200/prd-front-162833-1200x1200.jpeg"
"1773453237-141","https://www.watsons.com.tr/search/essence?query=essence:most-relevant:masterBrandName:ESSENCE","https://www.watsons.com.tr/search/essence?query=essence:most-relevant:masterBrandName:ESSENCE&currentPage=3","Essence Waterproof Eyeliner","158,90 ₺","3","Sepete Ekle","https://media.watsons.com.tr/medias/sys_master/prd-images/h1d/h9a/8906015047710/prd-front-162726_195x195/prd-front-162726-195x195.jpeg","Essence Waterproof Eyeliner   
 158,90 ₺   3","https://www.watsons.com.tr/essence-waterproof-eyeliner/p/BP_162726","162726","Essence Waterproof Eyeliner","","ESSENCE","Eyeliner","Essence Waterproof Eyeliner","Stokta","https://media.watsons.com.tr/medias/sys_master/prd-images/h73/h4f/8906014982174/prd-front-162726_1200x1200/prd-front-162726-1200x1200.jpeg"
"1773453241-142","https://www.watsons.com.tr/search/essence?query=essence:most-relevant:masterBrandName:ESSENCE","https://www.watsons.com.tr/search/essence?query=essence:most-relevant:masterBrandName:ESSENCE&currentPage=3","Essence Soft Touch Bouncy Aydınlatıcı 20","177,90 ₺","0","Sepete Ekle","https://media.watsons.com.tr/medias/sys_master/prd-images/ha3/h84/13217547288606/prd-front-1465310_195x195/prd-front-1465310-195x195.jpg","Essence Soft Touch Bouncy Aydınlatıcı 20   
 177,90 ₺   0","https://www.watsons.com.tr/essence-soft-touch-bouncy-aydinlatici-20/p/BP_1465310","1465310","AYDINLATICI","","ESSENCE","Highlighter ve Paletler","Essence Soft Touch Bouncy Aydınlatıcı 20","Stokta","https://media.watsons.com.tr/medias/sys_master/prd-images/h51/h85/13217547223070/prd-front-1465310_1200x1200/prd-front-1465310-1200x1200.jpg"
"1773453243-143","https://www.watsons.com.tr/search/essence?query=essence:most-relevant:masterBrandName:ESSENCE","https://www.watsons.com.tr/search/essence?query=essence:most-relevant:masterBrandName:ESSENCE&currentPage=3","Essence All Eyes On Me Waterproof Maskara","119,90 ₺","2","Sepete Ekle","https://media.watsons.com.tr/medias/sys_master/prd-images/ha8/hf8/8906024288286/prd-front-162806_195x195/prd-front-162806-195x195.jpeg","Essence All Eyes On Me Waterproof Maskara   
 119,90 ₺   2","https://www.watsons.com.tr/essence-all-eyes-on-me-waterproof-maskara/p/BP_162806","162806","Essence All Eyes On Me Waterproof Maskara","","ESSENCE","Maskara","Essence All Eyes On Me Waterproof Maskara","Stokta","https://media.watsons.com.tr/medias/sys_master/prd-images/h56/hf9/8906024222750/prd-front-162806_1200x1200/prd-front-162806-1200x1200.jpeg"
"1773453245-144","https://www.watsons.com.tr/search/essence?query=essence:most-relevant:masterBrandName:ESSENCE","https://www.watsons.com.tr/search/essence?query=essence:most-relevant:masterBrandName:ESSENCE&currentPage=3","Essence Jel Oje No: 06","87,50 ₺","2","Sepete Ekle","https://media.watsons.com.tr/medias/sys_master/prd-images/h4f/h7d/9206249357342/prd-front-1327179_195x195/prd-front-1327179-195x195.png","Essence Jel Oje No: 06   
 87,50 ₺   2","https://www.watsons.com.tr/essence-jel-oje-no-06/p/BP_1327179","","","","","","ESSENCE","",""
"1773453249-145","https://www.watsons.com.tr/search/essence?query=essence:most-relevant:masterBrandName:ESSENCE","https://www.watsons.com.tr/search/essence?query=essence:most-relevant:masterBrandName:ESSENCE&currentPage=3","Essence Silky Blur Poreless Primer","230,90 ₺","3","Sepete Ekle","https://media.watsons.com.tr/medias/sys_master/prd-images/h05/h84/12430924578846/prd-front-1446788_195x195/prd-front-1446788-195x195.jpg","Essence Silky Blur Poreless Primer   
 230,90 ₺   3","https://www.watsons.com.tr/essence-silky-blur-poreless-primer/p/BP_1446788","1446788","BAZ","","ESSENCE","Makyaj Bazı","Essence Silky Blur Poreless Primer","Stokta","https://media.watsons.com.tr/medias/sys_master/prd-images/h58/h83/12430924513310/prd-front-1446788_1200x1200/prd-front-1446788-1200x1200.jpg"
"1773453254-146","https://www.watsons.com.tr/search/essence?query=essence:most-relevant:masterBrandName:ESSENCE","https://www.watsons.com.tr/search/essence?query=essence:most-relevant:masterBrandName:ESSENCE&currentPage=3","Essence Brow Lifting Gel Set","230,90 ₺","0","Sepete Ekle","https://media.watsons.com.tr/medias/sys_master/prd-images/h76/hf0/10992264806430/prd-front-1405348_195x195/prd-front-1405348-195x195.jpg","Essence Brow Lifting Gel Set   
 230,90 ₺   0","https://www.watsons.com.tr/essence-brow-lifting-gel-set/p/BP_1405348","1405348","Essence Brow Lifting Gel Set","","ESSENCE","Kaş Jeli","Essence Brow Lifting Gel Set","Stokta","https://media.watsons.com.tr/medias/sys_master/prd-images/h74/hf3/10992264740894/prd-front-1405348_1200x1200/prd-front-1405348-1200x1200.jpg"
"1773453257-147","https://www.watsons.com.tr/search/essence?query=essence:most-relevant:masterBrandName:ESSENCE","https://www.watsons.com.tr/search/essence?query=essence:most-relevant:masterBrandName:ESSENCE&currentPage=3","Essence Bouncy Plump Nemlendirici & Işıltılı Yüz Spreyi","204,90 ₺","0","Sepete Ekle","https://media.watsons.com.tr/medias/sys_master/prd-images/h5c/h52/13217549385758/prd-front-1465366_195x195/prd-front-1465366-195x195.jpg","Essence Bouncy Plump Nemlendirici & Işıltılı Yüz Spreyi   
 204,90 ₺   0","https://www.watsons.com.tr/essence-bouncy-plump-nemlendirici-isiltili-yuz-spreyi/p/BP_1465366","1465366","MAKYAJ SABİTLEYİCİ SPREY","","ESSENCE","","Essence Bouncy Plump Nemlendirici & Işıltılı Yüz Spreyi","Stokta","https://media.watsons.com.tr/medias/sys_master/prd-images/hae/h51/13217549320222/prd-front-1465366_1200x1200/prd-front-1465366-1200x1200.jpg"
"1773453261-148","https://www.watsons.com.tr/search/essence?query=essence:most-relevant:masterBrandName:ESSENCE","https://www.watsons.com.tr/search/essence?query=essence:most-relevant:masterBrandName:ESSENCE&currentPage=3","Essence Natural Matte Mousse Fondöten No: 13","230,90 ₺","1","Sepete Ekle","https://media.watsons.com.tr/medias/sys_master/prd-images/h2f/h99/10992255369246/prd-front-1405474_195x195/prd-front-1405474-195x195.jpg","Essence Natural Matte Mousse Fondöten No: 13   
 230,90 ₺   1","https://www.watsons.com.tr/essence-natural-matte-mousse-fondoten-no-13/p/BP_1405474","1405474","Essence Natural Matte Mousse Fondöten No: 13","","ESSENCE","Fondöten","Essence Natural Matte Mousse Fondöten No: 13","Stokta","https://media.watsons.com.tr/medias/sys_master/prd-images/h80/h98/10992255303710/prd-front-1405474_1200x1200/prd-front-1405474-1200x1200.jpg"
"1773453265-149","https://www.watsons.com.tr/search/essence?query=essence:most-relevant:masterBrandName:ESSENCE","https://www.watsons.com.tr/search/essence?query=essence:most-relevant:masterBrandName:ESSENCE&currentPage=3","Essence Lash Princess Volume Maskara","234,90 ₺","2","Sepete Ekle","https://media.watsons.com.tr/medias/sys_master/prd-images/hb0/he4/8972374507550/prd-front-1303148_195x195/prd-front-1303148-195x195.png","Essence Lash Princess Volume Maskara   
 234,90 ₺   2","https://www.watsons.com.tr/essence-lash-princess-volume-maskara/p/BP_1303148","1303148","Essence Lash Princess Volume Maskara","","ESSENCE","Maskara","Essence Lash Princess Volume Maskara","Stokta","https://media.watsons.com.tr/medias/sys_master/prd-images/hae/he7/8972374442014/prd-front-1303148_1200x1200/prd-front-1303148-1200x1200.png"
"1773453269-150","https://www.watsons.com.tr/search/essence?query=essence:most-relevant:masterBrandName:ESSENCE","https://www.watsons.com.tr/search/essence?query=essence:most-relevant:masterBrandName:ESSENCE&currentPage=3","Essence Micro Precise Kaş Kalemi 03","119,90 ₺","2","Sepete Ekle","https://media.watsons.com.tr/medias/sys_master/prd-images/h70/h7b/9022937235486/prd-front-1322447_195x195/prd-front-1322447-195x195.png","Essence Micro Precise Kaş Kalemi 03   
 119,90 ₺   2","https://www.watsons.com.tr/essence-micro-precise-kas-kalemi-03/p/BP_1322447","1322447","Essence Micro Precise Kaş Kalemi 03","","ESSENCE","Kaş Kalemi","Essence Micro Precise Kaş Kalemi 03","Stokta","https://media.watsons.com.tr/medias/sys_master/prd-images/h81/h7e/9022937169950/prd-front-1322447_1200x1200/prd-front-1322447-1200x1200.png"
"1773453273-151","https://www.watsons.com.tr/search/essence?query=essence:most-relevant:masterBrandName:ESSENCE","https://www.watsons.com.tr/search/essence?query=essence:most-relevant:masterBrandName:ESSENCE&currentPage=3","Essence Hydra Kiss Lip Dudak Tint 01","177,90 ₺","1","Sepete Ekle","https://media.watsons.com.tr/medias/sys_master/prd-images/hc1/hd9/13217538768926/prd-front-1465093_195x195/prd-front-1465093-195x195.jpg","Essence Hydra Kiss Lip Dudak Tint 01   
 177,90 ₺   1","https://www.watsons.com.tr/essence-hydra-kiss-lip-dudak-tint-01/p/BP_1465093","1465093","LİKİT RUJ","","ESSENCE","Likit Ruj","Essence Hydra Kiss Lip Dudak Tint 01","Stokta","https://media.watsons.com.tr/medias/sys_master/prd-images/h6f/hda/13217538703390/prd-front-1465093_1200x1200/prd-front-1465093-1200x1200.jpg"
"1773453277-152","https://www.watsons.com.tr/search/essence?query=essence:most-relevant:masterBrandName:ESSENCE","https://www.watsons.com.tr/search/essence?query=essence:most-relevant:masterBrandName:ESSENCE&currentPage=3","Essence Get Big! Lashes Volume Maskara","149,90 ₺","0","Sepete Ekle","https://media.watsons.com.tr/medias/sys_master/prd-images/h79/hb7/8906036609054/prd-front-162818_195x195/prd-front-162818-195x195.jpeg","Essence Get Big! Lashes Volume Maskara   
 149,90 ₺   0","https://www.watsons.com.tr/essence-get-big-lashes-volume-maskara/p/BP_162818","162818","Essence Get Big! Lashes Volume Maskara","","ESSENCE","Maskara","Essence Get Big! Lashes Volume Maskara","Stokta","https://media.watsons.com.tr/medias/sys_master/prd-images/h7a/hb4/8906036543518/prd-front-162818_1200x1200/prd-front-162818-1200x1200.jpeg"
"1773453281-153","https://www.watsons.com.tr/search/essence?query=essence:most-relevant:masterBrandName:ESSENCE","https://www.watsons.com.tr/search/essence?query=essence:most-relevant:masterBrandName:ESSENCE&currentPage=3","Essence Super Peptide Parlak Dudak Bakım Ürünü 02","177,90 ₺","0","Sepete Ekle","https://media.watsons.com.tr/medias/sys_master/prd-images/ha5/h47/13217544536094/prd-front-1465240_195x195/prd-front-1465240-195x195.jpg","Essence Super Peptide Parlak Dudak Bakım Ürünü 02   
 177,90 ₺   0","https://www.watsons.com.tr/essence-super-peptide-parlak-dudak-bakim-urunu-02/p/BP_1465240","1465240","RUJ","","ESSENCE","Ruj ve Lipstick","Essence Super Peptide Parlak Dudak Bakım Ürünü 02","Stokta","https://media.watsons.com.tr/medias/sys_master/prd-images/ha7/h44/13217544470558/prd-front-1465240_1200x1200/prd-front-1465240-1200x1200.jpg"
"1773453284-154","https://www.watsons.com.tr/search/essence?query=essence:most-relevant:masterBrandName:ESSENCE","https://www.watsons.com.tr/search/essence?query=essence:most-relevant:masterBrandName:ESSENCE&currentPage=3","Essence Soft Touch Butter Bronzer 10","177,90 ₺","0","Sepete Ekle","https://media.watsons.com.tr/medias/sys_master/prd-images/h7e/haa/13217545322526/prd-front-1465261_195x195/prd-front-1465261-195x195.jpg","Essence Soft Touch Butter Bronzer 10   
 177,90 ₺   0","https://www.watsons.com.tr/essence-soft-touch-butter-bronzer-10/p/BP_1465261","1465261","PUDRA","","ESSENCE","Pudralar","Essence Soft Touch Butter Bronzer 10","Stokta","https://media.watsons.com.tr/medias/sys_master/prd-images/h6d/ha7/13217545256990/prd-front-1465261_1200x1200/prd-front-1465261-1200x1200.jpg"
"1773453290-155","https://www.watsons.com.tr/search/essence?query=essence:most-relevant:masterBrandName:ESSENCE","https://www.watsons.com.tr/search/essence?query=essence:most-relevant:masterBrandName:ESSENCE&currentPage=2","Essence Cover Stick Kapatıcı 20 Matt Sand","119,90 ₺","1","Sepete Ekle","https://media.watsons.com.tr/medias/sys_master/prd-images/hdc/h4b/8906019373086/prd-front-162656_195x195/prd-front-162656-195x195.jpeg","Essence Cover Stick Kapatıcı 20 Matt Sand   
 119,90 ₺   1","https://www.watsons.com.tr/essence-cover-stick-kapatici-20-matt-sand/p/BP_162656","162656","Essence Cover Stick Kapatıcı 20 Matt Sand","","ESSENCE","Kapatıcılar","Essence Cover Stick Kapatıcı 20 Matt Sand","Stokta","https://media.watsons.com.tr/medias/sys_master/prd-images/h1b/h4b/8906019307550/prd-front-162656_1200x1200/prd-front-162656-1200x1200.jpeg"
"1773453294-156","https://www.watsons.com.tr/search/essence?query=essence:most-relevant:masterBrandName:ESSENCE","https://www.watsons.com.tr/search/essence?query=essence:most-relevant:masterBrandName:ESSENCE&currentPage=2","Essence Kajal Göz Kalemi No: 29","61,95 ₺","3","Sepete Ekle","https://media.watsons.com.tr/medias/sys_master/prd-images/h63/hb3/8972634292254/prd-front-1279075_195x195/prd-front-1279075-195x195.png","Essence Kajal Göz Kalemi No: 29   
 61,95 ₺   3","https://www.watsons.com.tr/essence-kajal-goz-kalemi-no-29/p/BP_1279075","1279075","Essence Kajal Göz Kalemi No: 29","","ESSENCE","Göz Kalemi","Essence Kajal Göz Kalemi No: 29","Stokta","https://media.watsons.com.tr/medias/sys_master/prd-images/h25/hb4/8972634226718/prd-front-1279075_1200x1200/prd-front-1279075-1200x1200.png"
"1773453296-157","https://www.watsons.com.tr/search/essence?query=essence:most-relevant:masterBrandName:ESSENCE","https://www.watsons.com.tr/search/essence?query=essence:most-relevant:masterBrandName:ESSENCE&currentPage=2","Essence Soft Touch Far No: 6","119,90 ₺","0","Sepete Ekle","https://media.watsons.com.tr/medias/sys_master/prd-images/h9c/hdb/8972730695710/prd-front-1303225_195x195/prd-front-1303225-195x195.png","Essence Soft Touch Far No: 6   
 119,90 ₺   0","https://www.watsons.com.tr/essence-soft-touch-far-no-6/p/BP_1303225","","","","","","ESSENCE","",""
"1773453299-158","https://www.watsons.com.tr/search/essence?query=essence:most-relevant:masterBrandName:ESSENCE","https://www.watsons.com.tr/search/essence?query=essence:most-relevant:masterBrandName:ESSENCE&currentPage=2","Essence Baby Got Likit Allık No: 30","204,90 ₺","0","Sepete Ekle","https://media.watsons.com.tr/medias/sys_master/prd-images/h24/hfc/10992248029214/prd-front-1405530_195x195/prd-front-1405530-195x195.jpg","Essence Baby Got Likit Allık No: 30   
 204,90 ₺   0","https://www.watsons.com.tr/essence-baby-got-likit-allik-no-30/p/BP_1405530","1405530","Essence Baby Got Likit Allık No: 30","","ESSENCE","Allık ve Paletler","Essence Baby Got Likit Allık No: 30","Stokta","https://media.watsons.com.tr/medias/sys_master/prd-images/h7a/hb1/10992247963678/prd-front-1405530_1200x1200/prd-front-1405530-1200x1200.jpg"
"1773453302-159","https://www.watsons.com.tr/search/essence?query=essence:most-relevant:masterBrandName:ESSENCE","https://www.watsons.com.tr/search/essence?query=essence:most-relevant:masterBrandName:ESSENCE&currentPage=2","Essence Mattifying Compact Pudra 04 Perfect Beige","177,90 ₺","0","Sepete Ekle","https://media.watsons.com.tr/medias/sys_master/prd-images/h37/h84/8906009346078/prd-front-162698_195x195/prd-front-162698-195x195.jpeg","Essence Mattifying Compact Pudra 04 Perfect Beige   
 177,90 ₺   0","https://www.watsons.com.tr/essence-mattifying-compact-pudra-04-perfect-beige/p/BP_162698","162698","Essence Mattifying Compact Pudra 04 Perfect Beige","","ESSENCE","Pudralar","Essence Mattifying Compact Pudra 04 Perfect Beige","Stokta","https://media.watsons.com.tr/medias/sys_master/prd-images/h35/h87/8906009280542/prd-front-162698_1200x1200/prd-front-162698-1200x1200.jpeg"
"1773453306-160","https://www.watsons.com.tr/search/essence?query=essence:most-relevant:masterBrandName:ESSENCE","https://www.watsons.com.tr/search/essence?query=essence:most-relevant:masterBrandName:ESSENCE&currentPage=2","Essence Extra Long-Lastıng Eyeliner No: 10","149,90 ₺","2","Sepete Ekle","https://media.watsons.com.tr/medias/sys_master/prd-images/h6f/hf0/9678538342430/prd-front-1376760_195x195/prd-front-1376760-195x195.png","Essence Extra Long-Lastıng Eyeliner No: 10   
 149,90 ₺   2","https://www.watsons.com.tr/essence-extra-long-lasting-eyeliner-no-10/p/BP_1376760","1376760","Essence Extra Long-Lastıng Eyeliner No: 10","","ESSENCE","Eyeliner","Essence Extra Long-Lastıng Eyeliner No: 10","Stokta","https://media.watsons.com.tr/medias/sys_master/prd-images/h5e/hed/9678538276894/prd-front-1376760_1200x1200/prd-front-1376760-1200x1200.png"
"1773453310-161","https://www.watsons.com.tr/search/essence?query=essence:most-relevant:masterBrandName:ESSENCE","https://www.watsons.com.tr/search/essence?query=essence:most-relevant:masterBrandName:ESSENCE&currentPage=2","Essence All Eyes On Me Maskara Soft Black","119,90 ₺","6","Sepete Ekle","https://media.watsons.com.tr/medias/sys_master/prd-images/h65/hff/8906024091678/prd-front-162805_195x195/prd-front-162805-195x195.jpeg","Essence All Eyes On Me Maskara Soft Black   
 119,90 ₺   6","https://www.watsons.com.tr/essence-all-eyes-on-me-maskara-soft-black/p/BP_162805","162805","Essence All Eyes On Me Maskara Soft Black","","ESSENCE","Maskara","Essence All Eyes On Me Maskara Soft Black","Stokta","https://media.watsons.com.tr/medias/sys_master/prd-images/hd9/hff/8906024026142/prd-front-162805_1200x1200/prd-front-162805-1200x1200.jpeg"
"1773453314-162","https://www.watsons.com.tr/search/essence?query=essence:most-relevant:masterBrandName:ESSENCE","https://www.watsons.com.tr/search/essence?query=essence:most-relevant:masterBrandName:ESSENCE&currentPage=2","Essence Baby Got Allık 50","177,90 ₺","0","Sepete Ekle","https://media.watsons.com.tr/medias/sys_master/prd-images/h91/hdc/12381103423518/prd-front-1443589_195x195/prd-front-1443589-195x195.jpg","Essence Baby Got Allık 50   
 177,90 ₺   0","https://www.watsons.com.tr/essence-baby-got-allik-50/p/BP_1443589","1443589","ALLIK","","ESSENCE","Allık ve Paletler","Essence Baby Got Allık 50","Stokta","https://media.watsons.com.tr/medias/sys_master/prd-images/h7f/hd9/12381103357982/prd-front-1443589_1200x1200/prd-front-1443589-1200x1200.jpg"
"1773453317-163","https://www.watsons.com.tr/search/essence?query=essence:most-relevant:masterBrandName:ESSENCE","https://www.watsons.com.tr/search/essence?query=essence:most-relevant:masterBrandName:ESSENCE&currentPage=2","Essence Colour Grip Base Coat","105,90 ₺","0","Sepete Ekle","https://media.watsons.com.tr/medias/sys_master/prd-images/hc9/h84/9040579362846/prd-front-1327333_195x195/prd-front-1327333-195x195.png","Essence Colour Grip Base Coat   
 105,90 ₺   0","https://www.watsons.com.tr/essence-colour-grip-base-coat/p/BP_1327333","1327333","Essence Colour Grip Base Coat","","ESSENCE","Oje","Essence Colour Grip Base Coat","Stokta","https://media.watsons.com.tr/medias/sys_master/prd-images/hd9/h87/9040579297310/prd-front-1327333_1200x1200/prd-front-1327333-1200x1200.png"
"1773453319-164","https://www.watsons.com.tr/search/essence?query=essence:most-relevant:masterBrandName:ESSENCE","https://www.watsons.com.tr/search/essence?query=essence:most-relevant:masterBrandName:ESSENCE&currentPage=2","Essence Juicy Berry Tinted Lip&Cheek Balm","177,90 ₺","2","Sepete Ekle","https://media.watsons.com.tr/medias/sys_master/prd-images/h2c/hf8/12430925889566/prd-front-1446837_195x195/prd-front-1446837-195x195.jpg","Essence Juicy Berry Tinted Lip&Cheek Balm   
 177,90 ₺   2","https://www.watsons.com.tr/essence-juicy-berry-tinted-lip-cheek-balm/p/BP_1446837","1446837","ALLIK","","ESSENCE","Allık ve Paletler","Essence Juicy Berry Tinted Lip&Cheek Balm","Stokta","https://media.watsons.com.tr/medias/sys_master/prd-images/h7e/hf7/12430925824030/prd-front-1446837_1200x1200/prd-front-1446837-1200x1200.jpg"
"1773453324-165","https://www.watsons.com.tr/search/essence?query=essence:most-relevant:masterBrandName:ESSENCE","https://www.watsons.com.tr/search/essence?query=essence:most-relevant:masterBrandName:ESSENCE&currentPage=2","Essence Soft Touch İkili Far 04","134,90 ₺","0","Sepete Ekle","https://media.watsons.com.tr/medias/sys_master/prd-images/hef/hfb/13217541390366/prd-front-1465163_195x195/prd-front-1465163-195x195.jpg","Essence Soft Touch İkili Far 04   
 134,90 ₺   0","https://www.watsons.com.tr/essence-soft-touch-ikili-far-04/p/BP_1465163","1465163","GÖZ FARI","","ESSENCE","Far ve Paletler","Essence Soft Touch İkili Far 04","Stokta","https://media.watsons.com.tr/medias/sys_master/prd-images/hb1/hfc/13217541324830/prd-front-1465163_1200x1200/prd-front-1465163-1200x1200.jpg"
"1773453328-166","https://www.watsons.com.tr/search/essence?query=essence:most-relevant:masterBrandName:ESSENCE","https://www.watsons.com.tr/search/essence?query=essence:most-relevant:masterBrandName:ESSENCE&currentPage=2","Essence Baby Got Bronze Likit Bronzer 20","204,90 ₺","0","Sepete Ekle","https://media.watsons.com.tr/medias/sys_master/prd-images/h61/hdf/12430925103134/prd-front-1446802_195x195/prd-front-1446802-195x195.jpg","Essence Baby Got Bronze Likit Bronzer 20   
 204,90 ₺   0","https://www.watsons.com.tr/essence-baby-got-bronze-likit-bronzer-20/p/BP_1446802","1446802","KONTÜR","","ESSENCE","Kontür ve Paletler","Essence Baby Got Bronze Likit Bronzer 20","Stokta","https://media.watsons.com.tr/medias/sys_master/prd-images/h50/hdc/12430925037598/prd-front-1446802_1200x1200/prd-front-1446802-1200x1200.jpg"
"1773453332-167","https://www.watsons.com.tr/search/essence?query=essence:most-relevant:masterBrandName:ESSENCE","https://www.watsons.com.tr/search/essence?query=essence:most-relevant:masterBrandName:ESSENCE&currentPage=2","Essence Mattifying Compact Pudra 10 Light Beige","177,90 ₺","0","Sepete Ekle","https://media.watsons.com.tr/medias/sys_master/prd-images/h67/h7d/8906009542686/prd-front-162699_195x195/prd-front-162699-195x195.jpeg","Essence Mattifying Compact Pudra 10 Light Beige   
 177,90 ₺   0","https://www.watsons.com.tr/essence-mattifying-compact-pudra-10-light-beige/p/BP_162699","162699","Essence Mattifying Compact Pudra 10 Light Beige","","ESSENCE","Pudralar","Essence Mattifying Compact Pudra 10 Light Beige","Stokta","https://media.watsons.com.tr/medias/sys_master/prd-images/h78/h80/8906009477150/prd-front-162699_1200x1200/prd-front-162699-1200x1200.jpeg"
"1773453335-168","https://www.watsons.com.tr/search/essence?query=essence:most-relevant:masterBrandName:ESSENCE","https://www.watsons.com.tr/search/essence?query=essence:most-relevant:masterBrandName:ESSENCE&currentPage=2","Essence Maximum Definition Waterproof Maskara","158,90 ₺","3","Sepete Ekle","https://media.watsons.com.tr/medias/sys_master/prd-images/hdd/hb6/8910746189854/prd-front-173825_195x195/prd-front-173825-195x195.png","Essence Maximum Definition Waterproof Maskara   
 158,90 ₺   3","https://www.watsons.com.tr/essence-maximum-definition-waterproof-maskara/p/BP_173825","173825","Essence Maximum Definition Waterproof Maskara","","ESSENCE","Maskara","Essence Maximum Definition Waterproof Maskara","Stokta","https://media.watsons.com.tr/medias/sys_master/prd-images/h8a/hb7/8910746124318/prd-front-173825_1200x1200/prd-front-173825-1200x1200.png"
"1773453338-169","https://www.watsons.com.tr/search/essence?query=essence:most-relevant:masterBrandName:ESSENCE","https://www.watsons.com.tr/search/essence?query=essence:most-relevant:masterBrandName:ESSENCE&currentPage=2","Essence Satin Glow Parlak Ruj 02","177,90 ₺","2","Sepete Ekle","https://media.watsons.com.tr/medias/sys_master/prd-images/hc0/h95/13217542275102/prd-front-1465184_195x195/prd-front-1465184-195x195.jpg","Essence Satin Glow Parlak Ruj 02   
 177,90 ₺   2","https://www.watsons.com.tr/essence-satin-glow-parlak-ruj-02/p/BP_1465184","1465184","RUJ","","ESSENCE","Ruj ve Lipstick","Essence Satin Glow Parlak Ruj 02","Stokta","https://media.watsons.com.tr/medias/sys_master/prd-images/h29/h99/13217542176798/prd-front-1465184_1200x1200/prd-front-1465184-1200x1200.jpg"
"1773453342-170","https://www.watsons.com.tr/search/essence?query=essence:most-relevant:masterBrandName:ESSENCE","https://www.watsons.com.tr/search/essence?query=essence:most-relevant:masterBrandName:ESSENCE&currentPage=2","Essence What The Fake! Takma Kirpik 01","177,90 ₺","2","Sepete Ekle","https://media.watsons.com.tr/medias/sys_master/prd-images/h19/hd6/12430920384542/prd-front-1446571_195x195/prd-front-1446571-195x195.jpg","Essence What The Fake! Takma Kirpik 01   
 177,90 ₺   2","https://www.watsons.com.tr/essence-what-the-fake-takma-kirpik-01/p/BP_1446571","1446571","MASKARA","","ESSENCE","Maskara","Essence What The Fake! Takma Kirpik 01","Stokta","https://media.watsons.com.tr/medias/sys_master/prd-images/h58/hd5/12430920319006/prd-front-1446571_1200x1200/prd-front-1446571-1200x1200.jpg"
"1773453348-171","https://www.watsons.com.tr/search/essence?query=essence:most-relevant:masterBrandName:ESSENCE","https://www.watsons.com.tr/search/essence?query=essence:most-relevant:masterBrandName:ESSENCE&currentPage=2","Essence Soft & Precise Dudak Kalemi No: 302","61,95 ₺","0","Sepete Ekle","https://media.watsons.com.tr/medias/sys_master/prd-images/hca/hac/9678539128862/prd-front-1376802_195x195/prd-front-1376802-195x195.png","Essence Soft & Precise Dudak Kalemi No: 302   
 61,95 ₺   0","https://www.watsons.com.tr/essence-soft-precise-dudak-kalemi-no-302/p/BP_1376802","1376802","Essence Soft & Precise Dudak Kalemi No: 302","","ESSENCE","Dudak Kalemi","Essence Soft & Precise Dudak Kalemi No: 302","Stokta","https://media.watsons.com.tr/medias/sys_master/prd-images/hc7/haf/9678539063326/prd-front-1376802_1200x1200/prd-front-1376802-1200x1200.png"
"1773453352-172","https://www.watsons.com.tr/search/essence?query=essence:most-relevant:masterBrandName:ESSENCE","https://www.watsons.com.tr/search/essence?query=essence:most-relevant:masterBrandName:ESSENCE&currentPage=2","Essence Jelly Grip Far Bazı","177,90 ₺","0","Sepete Ekle","https://media.watsons.com.tr/medias/sys_master/prd-images/h53/he8/13217541914654/prd-front-1465177_195x195/prd-front-1465177-195x195.jpg","Essence Jelly Grip Far Bazı   
 177,90 ₺   0","https://www.watsons.com.tr/essence-jelly-grip-far-bazi/p/BP_1465177","1465177","BAZ","","ESSENCE","","Essence Jelly Grip Far Bazı","Stokta","https://media.watsons.com.tr/medias/sys_master/prd-images/h64/heb/13217541849118/prd-front-1465177_1200x1200/prd-front-1465177-1200x1200.jpg"
"1773453357-173","https://www.watsons.com.tr/search/essence?query=essence:most-relevant:masterBrandName:ESSENCE","https://www.watsons.com.tr/search/essence?query=essence:most-relevant:masterBrandName:ESSENCE&currentPage=2","Essence Longlasting Göz Kalemi 35","98,50 ₺","1","Sepete Ekle","https://media.watsons.com.tr/medias/sys_master/prd-images/h60/h15/8972550078494/prd-front-1303162_195x195/prd-front-1303162-195x195.png","Essence Longlasting Göz Kalemi 35   
 98,50 ₺   1","https://www.watsons.com.tr/essence-longlasting-goz-kalemi-35/p/BP_1303162","1303162","Essence Longlasting Göz Kalemi 35","","ESSENCE","Göz Kalemi","Essence Longlasting Göz Kalemi 35","Stokta","https://media.watsons.com.tr/medias/sys_master/prd-images/hb1/h14/8972550012958/prd-front-1303162_1200x1200/prd-front-1303162-1200x1200.png"
"1773453359-174","https://www.watsons.com.tr/search/essence?query=essence:most-relevant:masterBrandName:ESSENCE","https://www.watsons.com.tr/search/essence?query=essence:most-relevant:masterBrandName:ESSENCE&currentPage=2","Essence Baby Got Likit Allık No: 10","204,90 ₺","0","Sepete Ekle","https://media.watsons.com.tr/medias/sys_master/prd-images/h1a/h3e/11147811356702/prd-front-1405523_195x195/prd-front-1405523-195x195.jpg","Essence Baby Got Likit Allık No: 10   
 204,90 ₺   0","https://www.watsons.com.tr/essence-baby-got-likit-allik-no-10/p/BP_1405523","1405523","Essence Baby Got Likit Allık No: 10","","ESSENCE","Allık ve Paletler","Essence Baby Got Likit Allık No: 10","Stokta","https://media.watsons.com.tr/medias/sys_master/prd-images/h18/h41/11147811291166/prd-front-1405523_1200x1200/prd-front-1405523-1200x1200.jpg"
"1773453363-175","https://www.watsons.com.tr/search/essence?query=essence:most-relevant:masterBrandName:ESSENCE","https://www.watsons.com.tr/search/essence?query=essence:most-relevant:masterBrandName:ESSENCE&currentPage=2","Essence Drop Of Sunshine Bronzlaştırıcı Damla","230,90 ₺","1","Sepete Ekle","https://media.watsons.com.tr/medias/sys_master/prd-images/hb7/h79/12381102637086/prd-front-1443568_195x195/prd-front-1443568-195x195.jpg","Essence Drop Of Sunshine Bronzlaştırıcı Damla   
 230,90 ₺   1","https://www.watsons.com.tr/essence-drop-of-sunshine-bronzlastirici-damla/p/BP_1443568","1443568","KONTÜR","","ESSENCE","Kontür ve Paletler","Essence Drop Of Sunshine Bronzlaştırıcı Damla","Stokta","https://media.watsons.com.tr/medias/sys_master/prd-images/hb9/h76/12381102571550/prd-front-1443568_1200x1200/prd-front-1443568-1200x1200.jpg"
"1773453367-176","https://www.watsons.com.tr/search/essence?query=essence:most-relevant:masterBrandName:ESSENCE","https://www.watsons.com.tr/search/essence?query=essence:most-relevant:masterBrandName:ESSENCE&currentPage=2","Essence Lip Swirl Şekerli Dudak Peeling 01","177,90 ₺","0","Sepete Ekle","https://media.watsons.com.tr/medias/sys_master/prd-images/h18/h6d/13217539817502/prd-front-1465121_195x195/prd-front-1465121-195x195.jpg","Essence Lip Swirl Şekerli Dudak Peeling 01   
 177,90 ₺   0","https://www.watsons.com.tr/essence-lip-swirl-sekerli-dudak-peeling-01/p/BP_1465121","1465121","RUJ","","ESSENCE","Ruj ve Lipstick","Essence Lip Swirl Şekerli Dudak Peeling 01","Stokta","https://media.watsons.com.tr/medias/sys_master/prd-images/h17/h70/13217539751966/prd-front-1465121_1200x1200/prd-front-1465121-1200x1200.jpg"
"1773453369-177","https://www.watsons.com.tr/search/essence?query=essence:most-relevant:masterBrandName:ESSENCE","https://www.watsons.com.tr/search/essence?query=essence:most-relevant:masterBrandName:ESSENCE&currentPage=2","Essence Jel Oje No: 07","87,50 ₺","3","Sepete Ekle","https://media.watsons.com.tr/medias/sys_master/prd-images/hbc/ha5/9040543973406/prd-front-1327186_195x195/prd-front-1327186-195x195.png","Essence Jel Oje No: 07   
 87,50 ₺   3","https://www.watsons.com.tr/essence-jel-oje-no-07/p/BP_1327186","","","","","","ESSENCE","",""
"1773453371-178","https://www.watsons.com.tr/search/essence?query=essence:most-relevant:masterBrandName:ESSENCE","https://www.watsons.com.tr/search/essence?query=essence:most-relevant:masterBrandName:ESSENCE&currentPage=2","Essence Soft Touch Göz Farı No: 07","119,90 ₺","0","Sepete Ekle","https://media.watsons.com.tr/medias/sys_master/prd-images/h46/h90/9688482676766/prd-front-1340696_195x195/prd-front-1340696-195x195.jpg","Essence Soft Touch Göz Farı No: 07   
 119,90 ₺   0","https://www.watsons.com.tr/essence-soft-touch-goz-fari-no-07/p/BP_1340696","1340696","Essence Soft Touch Göz Farı No: 07","","ESSENCE","Far ve Paletler","Essence Soft Touch Göz Farı No: 07","Stokta","https://media.watsons.com.tr/medias/sys_master/prd-images/h98/h8f/9688482611230/prd-front-1340696_1200x1200/prd-front-1340696-1200x1200.jpg"
"1773453375-179","https://www.watsons.com.tr/search/essence?query=essence:most-relevant:masterBrandName:ESSENCE","https://www.watsons.com.tr/search/essence?query=essence:most-relevant:masterBrandName:ESSENCE&currentPage=2","Essence Fix It Like A Pro Transparan Kaş Sabitleme Jeli","177,90 ₺","4","Sepete Ekle","https://media.watsons.com.tr/medias/sys_master/prd-images/h95/h6e/12381100015646/prd-front-1443491_195x195/prd-front-1443491-195x195.jpg","Essence Fix It Like A Pro Transparan Kaş Sabitleme Jeli   
 177,90 ₺   4","https://www.watsons.com.tr/essence-fix-it-like-a-pro-transparan-kas-sabitleme-jeli/p/BP_1443491","1443491","KAŞ ŞEKİLLENDİRİCİ","","ESSENCE","Kaş Maskarası","Essence Fix It Like A Pro Transparan Kaş Sabitleme Jeli","Stokta","https://media.watsons.com.tr/medias/sys_master/prd-images/hf5/h71/12381099950110/prd-front-1443491_1200x1200/prd-front-1443491-1200x1200.jpg"
"1773453377-180","https://www.watsons.com.tr/search/essence?query=essence:most-relevant:masterBrandName:ESSENCE","https://www.watsons.com.tr/search/essence?query=essence:most-relevant:masterBrandName:ESSENCE&currentPage=2","Essence Quick Wing! Stamp Eyeliner 01","195,90 ₺","2","Sepete Ekle","https://media.watsons.com.tr/medias/sys_master/prd-images/h48/h5d/12381100539934/prd-front-1443505_195x195/prd-front-1443505-195x195.jpg","Essence Quick Wing! Stamp Eyeliner 01   
 195,90 ₺   2","https://www.watsons.com.tr/essence-quick-wing-stamp-eyeliner-01/p/BP_1443505","1443505","GÖZ KALEM/LINER","","ESSENCE","Eyeliner","Essence Quick Wing! Stamp Eyeliner 01","Stokta","https://media.watsons.com.tr/medias/sys_master/prd-images/h46/h60/12381100474398/prd-front-1443505_1200x1200/prd-front-1443505-1200x1200.jpg"
"1773453381-181","https://www.watsons.com.tr/search/essence?query=essence:most-relevant:masterBrandName:ESSENCE","https://www.watsons.com.tr/search/essence?query=essence:most-relevant:masterBrandName:ESSENCE&currentPage=2","Essence Hydra Kiss Dudak Yağı 08","177,90 ₺","3","Sepete Ekle","https://media.watsons.com.tr/medias/sys_master/prd-images/h32/h47/12430897578014/prd-front-1446634_195x195/prd-front-1446634-195x195.jpg","Essence Hydra Kiss Dudak Yağı 08   
 177,90 ₺   3","https://www.watsons.com.tr/essence-hydra-kiss-dudak-yagi-08/p/BP_1446634","1446634","RUJ","","ESSENCE","","Essence Hydra Kiss Dudak Yağı 08","Stokta","https://media.watsons.com.tr/medias/sys_master/prd-images/h84/h46/12430897512478/prd-front-1446634_1200x1200/prd-front-1446634-1200x1200.jpg"
"1773453383-182","https://www.watsons.com.tr/search/essence?query=essence:most-relevant:masterBrandName:ESSENCE","https://www.watsons.com.tr/search/essence?query=essence:most-relevant:masterBrandName:ESSENCE&currentPage=2","Essence Soft Touch Far No: 3","119,90 ₺","0","Sepete Ekle","https://media.watsons.com.tr/medias/sys_master/prd-images/hb3/hdc/8972510232606/prd-front-1303204_195x195/prd-front-1303204-195x195.png","Essence Soft Touch Far No: 3   
 119,90 ₺   0","https://www.watsons.com.tr/essence-soft-touch-far-no-3/p/BP_1303204","","","","","","ESSENCE","",""
"1773453387-183","https://www.watsons.com.tr/search/essence?query=essence:most-relevant:masterBrandName:ESSENCE","https://www.watsons.com.tr/search/essence?query=essence:most-relevant:masterBrandName:ESSENCE&currentPage=1","Essence Natural Matte Mousse Fondöten No: 03","230,90 ₺","0","Sepete Ekle","https://media.watsons.com.tr/medias/sys_master/prd-images/h36/h40/10992254844958/prd-front-1405460_195x195/prd-front-1405460-195x195.jpg","Essence Natural Matte Mousse Fondöten No: 03   
 230,90 ₺   0","https://www.watsons.com.tr/essence-natural-matte-mousse-fondoten-no-03/p/BP_1405460","1405460","Essence Natural Matte Mousse Fondöten No: 03","","ESSENCE","Fondöten","Essence Natural Matte Mousse Fondöten No: 03","Stokta","https://media.watsons.com.tr/medias/sys_master/prd-images/h25/h3d/10992254779422/prd-front-1405460_1200x1200/prd-front-1405460-1200x1200.jpg"
"1773453391-184","https://www.watsons.com.tr/search/essence?query=essence:most-relevant:masterBrandName:ESSENCE","https://www.watsons.com.tr/search/essence?query=essence:most-relevant:masterBrandName:ESSENCE&currentPage=1","Essence Spot Squad Pimple Patches","119,90 ₺","3","Sepete Ekle","https://media.watsons.com.tr/medias/sys_master/prd-images/h2b/h9b/12430926938142/prd-front-1446865_195x195/prd-front-1446865-195x195.jpg","Essence Spot Squad Pimple Patches   
 119,90 ₺   3","https://www.watsons.com.tr/essence-spot-squad-pimple-patches/p/BP_1446865","1446865","YÜZ BAKIM PED/PATCH","","ESSENCE","Temizleyici Yüz Bantları","Essence Spot Squad Pimple Patches","Stokta","https://media.watsons.com.tr/medias/sys_master/prd-images/h29/h9e/12430926872606/prd-front-1446865_1200x1200/prd-front-1446865-1200x1200.jpg"
"1773453396-185","https://www.watsons.com.tr/search/essence?query=essence:most-relevant:masterBrandName:ESSENCE","https://www.watsons.com.tr/search/essence?query=essence:most-relevant:masterBrandName:ESSENCE&currentPage=1","Essence Lashes To Impress Takma Kirpik No: 03","149,90 ₺","2","Sepete Ekle","https://media.watsons.com.tr/medias/sys_master/prd-images/h55/h92/8910516420638/prd-front-173574_195x195/prd-front-173574-195x195.png","Essence Lashes To Impress Takma Kirpik No: 03   
 149,90 ₺   2","https://www.watsons.com.tr/essence-lashes-to-impress-takma-kirpik-no-03/p/BP_173574","173574","Essence Lashes To Impress Takma Kirpik No: 03","","ESSENCE","Takma Kirpik","Essence Lashes To Impress Takma Kirpik No: 03","Stokta","https://media.watsons.com.tr/medias/sys_master/prd-images/h45/h8f/8910516355102/prd-front-173574_1200x1200/prd-front-173574-1200x1200.png"
"1773453400-186","https://www.watsons.com.tr/search/essence?query=essence:most-relevant:masterBrandName:ESSENCE","https://www.watsons.com.tr/search/essence?query=essence:most-relevant:masterBrandName:ESSENCE&currentPage=1","Essence Soft & Precise Dudak Kalemi No: 303","61,95 ₺","2","Sepete Ekle","https://media.watsons.com.tr/medias/sys_master/prd-images/h5b/he9/9678541750302/prd-front-1376599_195x195/prd-front-1376599-195x195.png","Essence Soft & Precise Dudak Kalemi No: 303   
 61,95 ₺   2","https://www.watsons.com.tr/essence-soft-precise-dudak-kalemi-no-303/p/BP_1376599","1376599","Essence Soft & Precise Dudak Kalemi No: 303","","ESSENCE","Dudak Kalemi","Essence Soft & Precise Dudak Kalemi No: 303","Stokta","https://media.watsons.com.tr/medias/sys_master/prd-images/h4a/he6/9678541684766/prd-front-1376599_1200x1200/prd-front-1376599-1200x1200.png"
"1773453404-187","https://www.watsons.com.tr/search/essence?query=essence:most-relevant:masterBrandName:ESSENCE","https://www.watsons.com.tr/search/essence?query=essence:most-relevant:masterBrandName:ESSENCE&currentPage=1","Essence Lashes To Impress Takma Kirpik","149,90 ₺","1","Sepete Ekle","https://media.watsons.com.tr/medias/sys_master/prd-images/hff/hb8/8972671057950/prd-front-1303239_195x195/prd-front-1303239-195x195.png","Essence Lashes To Impress Takma Kirpik   
 149,90 ₺   1","https://www.watsons.com.tr/essence-lashes-to-impress-takma-kirpik/p/BP_1303239","1303239","Essence Lashes To Impress Takma Kirpik","","ESSENCE","Takma Kirpik","Essence Lashes To Impress Takma Kirpik","Stokta","https://media.watsons.com.tr/medias/sys_master/prd-images/h57/hfc/8972670992414/prd-front-1303239_1200x1200/prd-front-1303239-1200x1200.png"
"1773453407-188","https://www.watsons.com.tr/search/essence?query=essence:most-relevant:masterBrandName:ESSENCE","https://www.watsons.com.tr/search/essence?query=essence:most-relevant:masterBrandName:ESSENCE&currentPage=1","Essence Lash Princess False Effect Maskara","234,90 ₺","3","Sepete Ekle","https://media.watsons.com.tr/medias/sys_master/prd-images/h8c/ha3/8909673365534/prd-front-168654_195x195/prd-front-168654-195x195.png","Essence Lash Princess False Effect Maskara   
 234,90 ₺   3","https://www.watsons.com.tr/essence-lash-princess-false-effect-maskara/p/BP_168654","168654","Essence Lash Princess False Effect Maskara","","ESSENCE","Maskara","Essence Lash Princess False Effect Maskara","Stokta","https://media.watsons.com.tr/medias/sys_master/prd-images/h9d/ha6/8909673299998/prd-front-168654_1200x1200/prd-front-168654-1200x1200.png"
"1773453410-189","https://www.watsons.com.tr/search/essence?query=essence:most-relevant:masterBrandName:ESSENCE","https://www.watsons.com.tr/search/essence?query=essence:most-relevant:masterBrandName:ESSENCE&currentPage=1","Essence Bouncy Plump Pürüzsüzleştirici Makyaj Bazı","230,90 ₺","0","Sepete Ekle","https://media.watsons.com.tr/medias/sys_master/prd-images/hb0/ha0/13217545060382/prd-front-1465254_195x195/prd-front-1465254-195x195.jpg","Essence Bouncy Plump Pürüzsüzleştirici Makyaj Bazı   
 230,90 ₺   0","https://www.watsons.com.tr/essence-bouncy-plump-puruzsuzlestirici-makyaj-bazi/p/BP_1465254","1465254","Essence Bouncy Plump Pürüzsüzleştirici Makyaj Bazı","","ESSENCE","","Essence Bouncy Plump Pürüzsüzleştirici Makyaj Bazı","Stokta","https://media.watsons.com.tr/medias/sys_master/prd-images/hf3/h55/13217544994846/prd-front-1465254_1200x1200/prd-front-1465254-1200x1200.jpg"
"1773453413-190","https://www.watsons.com.tr/search/essence?query=essence:most-relevant:masterBrandName:ESSENCE","https://www.watsons.com.tr/search/essence?query=essence:most-relevant:masterBrandName:ESSENCE&currentPage=1","Essence Waterproof Dipliner No: 01","158,90 ₺","0","Sepete Ekle","https://media.watsons.com.tr/medias/sys_master/prd-images/h01/h5b/9678551187486/prd-front-1376753_195x195/prd-front-1376753-195x195.png","Essence Waterproof Dipliner No: 01   
 158,90 ₺   0","https://www.watsons.com.tr/essence-waterproof-dipliner-no-01/p/BP_1376753","1376753","Essence Waterproof Dipliner No: 01","","ESSENCE","Eyeliner","Essence Waterproof Dipliner No: 01","Stokta","https://media.watsons.com.tr/medias/sys_master/prd-images/haf/h5b/9678551121950/prd-front-1376753_1200x1200/prd-front-1376753-1200x1200.png"
"1773453415-191","https://www.watsons.com.tr/search/essence?query=essence:most-relevant:masterBrandName:ESSENCE","https://www.watsons.com.tr/search/essence?query=essence:most-relevant:masterBrandName:ESSENCE&currentPage=1","Essence Jelly Grip Undereye Primer Stick","195,90 ₺","1","Sepete Ekle","https://media.watsons.com.tr/medias/sys_master/prd-images/h16/h67/12381100277790/prd-front-1443498_195x195/prd-front-1443498-195x195.jpg","Essence Jelly Grip Undereye Primer Stick   
 195,90 ₺   1","https://www.watsons.com.tr/essence-jelly-grip-undereye-primer-stick/p/BP_1443498","1443498","BAZ","","ESSENCE","Makyaj Bazı","Essence Jelly Grip Undereye Primer Stick","Stokta","https://media.watsons.com.tr/medias/sys_master/prd-images/hc4/h67/12381100212254/prd-front-1443498_1200x1200/prd-front-1443498-1200x1200.jpg"
"1773453419-192","https://www.watsons.com.tr/search/essence?query=essence:most-relevant:masterBrandName:ESSENCE","https://www.watsons.com.tr/search/essence?query=essence:most-relevant:masterBrandName:ESSENCE&currentPage=1","Essence Baby Got Bronzing Stick No: 10","177,90 ₺","2","Sepete Ekle","https://media.watsons.com.tr/medias/sys_master/prd-images/haa/hf2/10992256679966/prd-front-1405516_195x195/prd-front-1405516-195x195.jpg","Essence Baby Got Bronzing Stick No: 10   
 177,90 ₺   2","https://www.watsons.com.tr/essence-baby-got-bronzing-stick-no-10/p/BP_1405516","1405516","Essence Baby Got Bronzing Stick No: 10","","ESSENCE","Kontür ve Paletler","Essence Baby Got Bronzing Stick No: 10","Stokta","https://media.watsons.com.tr/medias/sys_master/prd-images/h58/hf3/10992256614430/prd-front-1405516_1200x1200/prd-front-1405516-1200x1200.jpg"
"1773453423-193","https://www.watsons.com.tr/search/essence?query=essence:most-relevant:masterBrandName:ESSENCE","https://www.watsons.com.tr/search/essence?query=essence:most-relevant:masterBrandName:ESSENCE&currentPage=1","Essence 8H Matte Comfort Dudak Kalemi No: 04","105,90 ₺","1","Sepete Ekle","https://media.watsons.com.tr/medias/sys_master/prd-images/h8d/h95/9688476712990/prd-front-1340815_195x195/prd-front-1340815-195x195.jpg","Essence 8H Matte Comfort Dudak Kalemi No: 04   
 105,90 ₺   1","https://www.watsons.com.tr/essence-8h-matte-comfort-dudak-kalemi-no-04/p/BP_1340815","1340815","Essence 8H Matte Comfort Dudak Kalemi No: 04","","ESSENCE","Dudak Kalemi","Essence 8H Matte Comfort Dudak Kalemi No: 04","Stokta","https://media.watsons.com.tr/medias/sys_master/prd-images/h9d/h98/9688476647454/prd-front-1340815_1200x1200/prd-front-1340815-1200x1200.jpg"
"1773453427-194","https://www.watsons.com.tr/search/essence?query=essence:most-relevant:masterBrandName:ESSENCE","https://www.watsons.com.tr/search/essence?query=essence:most-relevant:masterBrandName:ESSENCE&currentPage=1","Essence Kaş Kirpik Jeli Maskara","119,90 ₺","30","Sepete Ekle","https://media.watsons.com.tr/medias/sys_master/prd-images/he5/hbc/8906007969822/prd-front-162687_195x195/prd-front-162687-195x195.jpeg","Essence Kaş Kirpik Jeli Maskara   
 119,90 ₺   30","https://www.watsons.com.tr/essence-kas-kirpik-jeli-maskara/p/BP_162687","162687","Essence Kaş Kirpik Jeli Maskara","","ESSENCE","Kaş Maskarası","Essence Kaş Kirpik Jeli Maskara","Stokta","https://media.watsons.com.tr/medias/sys_master/prd-images/h37/hbc/8906007904286/prd-front-162687_1200x1200/prd-front-162687-1200x1200.jpeg"
"1773453429-195","https://www.watsons.com.tr/search/essence?query=essence:most-relevant:masterBrandName:ESSENCE","https://www.watsons.com.tr/search/essence?query=essence:most-relevant:masterBrandName:ESSENCE&currentPage=1","Essence Fix & Last 18H Make-Up Fixing Sprey","204,90 ₺","4","Sepete Ekle","https://media.watsons.com.tr/medias/sys_master/prd-images/h78/hac/12430926413854/prd-front-1446851_195x195/prd-front-1446851-195x195.jpg","Essence Fix & Last 18H Make-Up Fixing Sprey   
 204,90 ₺   4","https://www.watsons.com.tr/essence-fix-last-18h-make-up-fixing-sprey/p/BP_1446851","1446851","MAKYAJ SABİTLEYİCİ SPREY","","ESSENCE","Makyaj Sabitleyici","Essence Fix & Last 18H Make-Up Fixing Sprey","Stokta","https://media.watsons.com.tr/medias/sys_master/prd-images/h89/haf/12430926348318/prd-front-1446851_1200x1200/prd-front-1446851-1200x1200.jpg"
"1773453433-196","https://www.watsons.com.tr/search/essence?query=essence:most-relevant:masterBrandName:ESSENCE","https://www.watsons.com.tr/search/essence?query=essence:most-relevant:masterBrandName:ESSENCE&currentPage=1","Essence Lash Princess Maskara Bazı Extra Length & Volume","195,90 ₺","1","Sepete Ekle","https://media.watsons.com.tr/medias/sys_master/prd-images/hdc/h6b/12430911209502/prd-front-1446529_195x195/prd-front-1446529-195x195.jpg","Essence Lash Princess Maskara Bazı Extra Length & Volume   
 195,90 ₺   1","https://www.watsons.com.tr/essence-lash-princess-maskara-bazi-extra-length-volume/p/BP_1446529","1446529","BAZ","","ESSENCE","Makyaj Bazı","Essence Lash Princess Maskara Bazı Extra Length & Volume","Stokta","https://media.watsons.com.tr/medias/sys_master/prd-images/hde/h68/12430911143966/prd-front-1446529_1200x1200/prd-front-1446529-1200x1200.jpg"
"1773453454-197","https://www.watsons.com.tr/search/essence?query=essence:most-relevant:masterBrandName:ESSENCE","https://www.watsons.com.tr/search/essence?query=essence:most-relevant:masterBrandName:ESSENCE&currentPage=1","Essence Drop Of Sunshine Highlighting Drops","230,90 ₺","3","Sepete Ekle","https://media.watsons.com.tr/medias/sys_master/prd-images/h58/hbb/12430898888734/prd-front-1446830_195x195/prd-front-1446830-195x195.jpg","Essence Drop Of Sunshine Highlighting Drops   
 230,90 ₺   3","https://www.watsons.com.tr/essence-drop-of-sunshine-highlighting-drops/p/BP_1446830","1446830","AYDINLATICI","","ESSENCE","Highlighter ve Paletler","Essence Drop Of Sunshine Highlighting Drops","Stokta","https://media.watsons.com.tr/medias/sys_master/prd-images/haa/hba/12430898823198/prd-front-1446830_1200x1200/prd-front-1446830-1200x1200.jpg"
"1773453475-198","https://www.watsons.com.tr/search/essence?query=essence:most-relevant:masterBrandName:ESSENCE","https://www.watsons.com.tr/search/essence?query=essence:most-relevant:masterBrandName:ESSENCE&currentPage=1","Essence Ekstra Kalıcı Eyeliner 020","149,90 ₺","0","Sepete Ekle","https://media.watsons.com.tr/medias/sys_master/prd-images/h78/hc3/13217537982494/prd-front-1465072_195x195/prd-front-1465072-195x195.jpg","Essence Ekstra Kalıcı Eyeliner 020   
 149,90 ₺   0","https://www.watsons.com.tr/essence-ekstra-kalici-eyeliner-020/p/BP_1465072","1465072","GÖZ KALEM/LINER","","ESSENCE","Eyeliner","Essence Ekstra Kalıcı Eyeliner 020","Stokta","https://media.watsons.com.tr/medias/sys_master/prd-images/hb6/hc2/13217537916958/prd-front-1465072_1200x1200/prd-front-1465072-1200x1200.jpg"
"1773453497-199","https://www.watsons.com.tr/search/essence?query=essence:most-relevant:masterBrandName:ESSENCE","https://www.watsons.com.tr/search/essence?query=essence:most-relevant:masterBrandName:ESSENCE&currentPage=1","Essence Soft Touch Bouncy Allık 20","149,90 ₺","0","Sepete Ekle","https://media.watsons.com.tr/medias/sys_master/prd-images/h9b/hdd/13217546764318/prd-front-1465296_195x195/prd-front-1465296-195x195.jpg","Essence Soft Touch Bouncy Allık 20   
 149,90 ₺   0","https://www.watsons.com.tr/essence-soft-touch-bouncy-allik-20/p/BP_1465296","1465296","ALLIK","","ESSENCE","Allık ve Paletler","Essence Soft Touch Bouncy Allık 20","Stokta","https://media.watsons.com.tr/medias/sys_master/prd-images/hac/he0/13217546698782/prd-front-1465296_1200x1200/prd-front-1465296-1200x1200.jpg"
"1773453517-200","https://www.watsons.com.tr/search/essence?query=essence:most-relevant:masterBrandName:ESSENCE","https://www.watsons.com.tr/search/essence?query=essence:most-relevant:masterBrandName:ESSENCE&currentPage=1","Essence Longlasting Göz Kalemi 02 Hot Chocolate","98,50 ₺","3","Sepete Ekle","https://media.watsons.com.tr/medias/sys_master/prd-images/hbd/ha7/8906015440926/prd-front-162737_195x195/prd-front-162737-195x195.jpeg","Essence Longlasting Göz Kalemi 02 Hot Chocolate   
 98,50 ₺   3","https://www.watsons.com.tr/essence-longlasting-goz-kalemi-02-hot-chocolate/p/BP_162737","162737","Essence Longlasting Göz Kalemi 02 Hot Chocolate","","ESSENCE","Göz Kalemi","Essence Longlasting Göz Kalemi 02 Hot Chocolate","Stokta","https://media.watsons.com.tr/medias/sys_master/prd-images/hac/ha4/8906015375390/prd-front-162737_1200x1200/prd-front-162737-1200x1200.jpeg"
"1773453538-201","https://www.watsons.com.tr/search/essence?query=essence:most-relevant:masterBrandName:ESSENCE","https://www.watsons.com.tr/search/essence?query=essence:most-relevant:masterBrandName:ESSENCE&currentPage=1","Essence Jel Oje 79","87,50 ₺","2","Sepete Ekle","https://media.watsons.com.tr/medias/sys_master/prd-images/h61/h08/12430923005982/prd-front-1446739_195x195/prd-front-1446739-195x195.jpg","Essence Jel Oje 79   
 87,50 ₺   2","https://www.watsons.com.tr/essence-jel-oje-79/p/BP_1446739","1446739","OJE","","ESSENCE","Oje","Essence Jel Oje 79","Stokta","https://media.watsons.com.tr/medias/sys_master/prd-images/h48/h42/12430922940446/prd-front-1446739_1200x1200/prd-front-1446739-1200x1200.jpg"
"1773453559-202","https://www.watsons.com.tr/search/essence?query=essence:most-relevant:masterBrandName:ESSENCE","https://www.watsons.com.tr/search/essence?query=essence:most-relevant:masterBrandName:ESSENCE&currentPage=1","Essence Line N' Stain! Tattoo Dudak Kalemi 02","149,90 ₺","7","Sepete Ekle","https://media.watsons.com.tr/medias/sys_master/prd-images/h12/hfa/12430894432286/prd-front-1446662_195x195/prd-front-1446662-195x195.jpg","Essence Line N' Stain! Tattoo Dudak Kalemi 02   
 149,90 ₺   7","https://www.watsons.com.tr/essence-line-n-stain-tattoo-dudak-kalemi-02/p/BP_1446662","1446662","DUDAK KALEM/LINER","","ESSENCE","Dudak Kalemi","Essence Line N' Stain! Tattoo Dudak Kalemi 02","Stokta","https://media.watsons.com.tr/medias/sys_master/prd-images/h23/hfd/12430894366750/prd-front-1446662_1200x1200/prd-front-1446662-1200x1200.jpg"
"1773453580-203","https://www.watsons.com.tr/search/essence?query=essence:most-relevant:masterBrandName:ESSENCE","https://www.watsons.com.tr/search/essence?query=essence:most-relevant:masterBrandName:ESSENCE&currentPage=1","Essence 8H Matte Comfort Dudak Kalemi 10","105,90 ₺","2","Sepete Ekle","https://media.watsons.com.tr/medias/sys_master/prd-images/h4c/h99/12381052829726/prd-front-1443519_195x195/prd-front-1443519-195x195.jpg","Essence 8H Matte Comfort Dudak Kalemi 10   
 105,90 ₺   2","https://www.watsons.com.tr/essence-8h-matte-comfort-dudak-kalemi-10/p/BP_1443519","1443519","DUDAK KALEM/LINER","","ESSENCE","Dudak Kalemi","Essence 8H Matte Comfort Dudak Kalemi 10","Stokta","https://media.watsons.com.tr/medias/sys_master/prd-images/h49/h9c/12381052764190/prd-front-1443519_1200x1200/prd-front-1443519-1200x1200.jpg"
"1773453600-204","https://www.watsons.com.tr/search/essence?query=essence:most-relevant:masterBrandName:ESSENCE","https://www.watsons.com.tr/search/essence?query=essence:most-relevant:masterBrandName:ESSENCE&currentPage=1","Essence The Extreme Tırnak Sertleştirici","134,90 ₺","0","Sepete Ekle","https://media.watsons.com.tr/medias/sys_master/prd-images/h36/hd8/9326260813854/prd-front-1352183_195x195/prd-front-1352183-195x195.png","Essence The Extreme Tırnak Sertleştirici   
 134,90 ₺   0","https://www.watsons.com.tr/essence-the-extreme-tirnak-sertlestirici/p/BP_1352183","1352183","Essence The Extreme Tırnak Sertleştirici","","ESSENCE","Tırnak Bakım Ürünleri","Essence The Extreme Tırnak Sertleştirici","Stokta","https://media.watsons.com.tr/medias/sys_master/prd-images/h25/hd5/9326260748318/prd-front-1352183_1200x1200/prd-front-1352183-1200x1200.png"
"1773453622-205","https://www.watsons.com.tr/search/essence?query=essence:most-relevant:masterBrandName:ESSENCE","https://www.watsons.com.tr/search/essence?query=essence:most-relevant:masterBrandName:ESSENCE&currentPage=1","Essence Without Limits Waterproof Extra Uzunluk & Hacim Veren Maskara","234,90 ₺","0","Sepete Ekle","https://media.watsons.com.tr/medias/sys_master/prd-images/h86/ha3/13217540603934/prd-front-1465142_195x195/prd-front-1465142-195x195.jpg","Essence Without Limits Waterproof Extra Uzunluk & Hacim Veren Maskara   
 234,90 ₺   0","https://www.watsons.com.tr/essence-without-limits-waterproof-extra-uzunluk-hacim-veren-maskara/p/BP_1465142","1465142","MASKARA","","ESSENCE","Maskara","Essence Without Limits Waterproof Extra Uzunluk & Hacim Veren Maskara","Stokta","https://media.watsons.com.tr/medias/sys_master/prd-images/h75/ha0/13217540538398/prd-front-1465142_1200x1200/prd-front-1465142-1200x1200.jpg"
"1773453645-206","https://www.watsons.com.tr/search/essence?query=essence:most-relevant:masterBrandName:ESSENCE","https://www.watsons.com.tr/search/essence?query=essence:most-relevant:masterBrandName:ESSENCE&currentPage=1","Essence Birthday Bomb Shiny Lip Gloss 01","87,50 ₺","9","Sepete Ekle","https://media.watsons.com.tr/medias/sys_master/prd-images/h16/he0/12430912520222/prd-front-1446620_195x195/prd-front-1446620-195x195.jpg","Essence Birthday Bomb Shiny Lip Gloss 01   
 87,50 ₺   9","https://www.watsons.com.tr/essence-birthday-bomb-shiny-lip-gloss-01/p/BP_1446620","1446620","LİKİT RUJ","","ESSENCE","Lip Gloss","Essence Birthday Bomb Shiny Lip Gloss 01","Stokta","https://media.watsons.com.tr/medias/sys_master/prd-images/h04/hdd/12430912454686/prd-front-1446620_1200x1200/prd-front-1446620-1200x1200.jpg"
"1773453666-207","https://www.watsons.com.tr/search/essence?query=essence:most-relevant:masterBrandName:ESSENCE","https://www.watsons.com.tr/search/essence?query=essence:most-relevant:masterBrandName:ESSENCE&currentPage=1","Essence I Love Extreme Volume Waterproof Maskara","186,90 ₺","17","Sepete Ekle","https://media.watsons.com.tr/medias/sys_master/prd-images/hfd/he7/8906037395486/prd-front-162824_195x195/prd-front-162824-195x195.jpeg","Essence I Love Extreme Volume Waterproof Maskara   
 186,90 ₺   17","https://www.watsons.com.tr/essence-i-love-extreme-volume-waterproof-maskara/p/BP_162824","162824","Essence I Love Extreme Volume Waterproof Maskara","","ESSENCE","Maskara","Essence I Love Extreme Volume Waterproof Maskara","Stokta","https://media.watsons.com.tr/medias/sys_master/prd-images/hbe/he8/8906037329950/prd-front-162824_1200x1200/prd-front-162824-1200x1200.jpeg"
"1773453686-208","https://www.watsons.com.tr/search/essence?query=essence:most-relevant:masterBrandName:ESSENCE","https://www.watsons.com.tr/search/essence?query=essence:most-relevant:masterBrandName:ESSENCE&currentPage=1","Essence İkili Kalemtıraş","61,95 ₺","2","Sepete Ekle","https://media.watsons.com.tr/medias/sys_master/prd-images/h03/hbe/9284487577630/prd-front-162635_195x195/prd-front-162635-195x195.png","Essence İkili Kalemtıraş   
 61,95 ₺   2","https://www.watsons.com.tr/essence-ikili-kalemtiras/p/BP_162635","162635","Essence İkili Kalemtıraş","","ESSENCE","Makaslar ve Usturalar","Essence İkili Kalemtıraş","Stokta","https://media.watsons.com.tr/medias/sys_master/prd-images/h55/hbd/9284487512094/prd-front-162635_1200x1200/prd-front-162635-1200x1200.png"
"1773453709-209","https://www.watsons.com.tr/search/essence?query=essence:most-relevant:masterBrandName:ESSENCE","https://www.watsons.com.tr/search/essence?query=essence:most-relevant:masterBrandName:ESSENCE&currentPage=1","Essence 8H Matte Comfort Dudak Kalemi No: 01","105,90 ₺","3","Sepete Ekle","https://media.watsons.com.tr/medias/sys_master/prd-images/hf8/h2f/9688486412318/prd-front-1340801_195x195/prd-front-1340801-195x195.jpg","Essence 8H Matte Comfort Dudak Kalemi No: 01   
 105,90 ₺   3","https://www.watsons.com.tr/essence-8h-matte-comfort-dudak-kalemi-no-01/p/BP_1340801","1340801","Essence 8H Matte Comfort Dudak Kalemi No: 01","","ESSENCE","Dudak Kalemi","Essence 8H Matte Comfort Dudak Kalemi No: 01","Stokta","https://media.watsons.com.tr/medias/sys_master/prd-images/he6/h2c/9688486346782/prd-front-1340801_1200x1200/prd-front-1340801-1200x1200.jpg"
"1773453731-210","https://www.watsons.com.tr/search/essence?query=essence:most-relevant:masterBrandName:ESSENCE","https://www.watsons.com.tr/search/essence?query=essence:most-relevant:masterBrandName:ESSENCE&currentPage=1","Essence Get Big! Lashes Volume Curl Maskara","149,90 ₺","2","Sepete Ekle","https://media.watsons.com.tr/medias/sys_master/prd-images/h67/h25/8906026254366/prd-front-162817_195x195/prd-front-162817-195x195.png","Essence Get Big! Lashes Volume Curl Maskara   
 149,90 ₺   2","https://www.watsons.com.tr/essence-get-big-lashes-volume-curl-maskara/p/BP_162817","162817","Essence Get Big! Lashes Volume Curl Maskara","","ESSENCE","Maskara","Essence Get Big! Lashes Volume Curl Maskara","Stokta","https://media.watsons.com.tr/medias/sys_master/prd-images/h78/h28/8906026188830/prd-front-162817_1200x1200/prd-front-162817-1200x1200.png"
"1773453753-211","https://www.watsons.com.tr/search/essence?query=essence:most-relevant:masterBrandName:ESSENCE","","Essence 8H Matte Comfort Dudak Kalemi 11","105,90 ₺","2","Sepete Ekle","https://media.watsons.com.tr/medias/sys_master/prd-images/h3c/h04/12381101064222/prd-front-1443526_195x195/prd-front-1443526-195x195.jpg","Essence 8H Matte Comfort Dudak Kalemi 11   
 105,90 ₺   2","https://www.watsons.com.tr/essence-8h-matte-comfort-dudak-kalemi-11/p/BP_1443526","1443526","DUDAK KALEM/LINER","","ESSENCE","Dudak Kalemi","Essence 8H Matte Comfort Dudak Kalemi 11","Stokta","https://media.watsons.com.tr/medias/sys_master/prd-images/hf9/h4e/12381100998686/prd-front-1443526_1200x1200/prd-front-1443526-1200x1200.jpg"
"1773453770-212","https://www.watsons.com.tr/search/essence?query=essence:most-relevant:masterBrandName:ESSENCE","","Essence What A Tint! Lip & Cheek Tint 01","195,90 ₺","4","Sepete Ekle","https://media.watsons.com.tr/medias/sys_master/prd-images/hc2/hd2/12381103161374/prd-front-1443582_195x195/prd-front-1443582-195x195.jpg","Essence What A Tint! Lip & Cheek Tint 01   
 195,90 ₺   4","https://www.watsons.com.tr/essence-what-a-tint-lip-cheek-tint-01/p/BP_1443582","1443582","ALLIK","","ESSENCE","Allık ve Paletler","Essence What A Tint! Lip & Cheek Tint 01","Stokta","https://media.watsons.com.tr/medias/sys_master/prd-images/hb1/hcf/12381103095838/prd-front-1443582_1200x1200/prd-front-1443582-1200x1200.jpg"
"1773453794-213","https://www.watsons.com.tr/search/essence?query=essence:most-relevant:masterBrandName:ESSENCE","","Essence Soft Touch Bouncy Allık 10","149,90 ₺","1","Sepete Ekle","https://media.watsons.com.tr/medias/sys_master/prd-images/h19/he5/13217546502174/prd-front-1465289_195x195/prd-front-1465289-195x195.jpg","Essence Soft Touch Bouncy Allık 10   
 149,90 ₺   1","https://www.watsons.com.tr/essence-soft-touch-bouncy-allik-10/p/BP_1465289","1465289","ALLIK","","ESSENCE","Allık ve Paletler","Essence Soft Touch Bouncy Allık 10","Stokta","https://media.watsons.com.tr/medias/sys_master/prd-images/h2b/he8/13217546436638/prd-front-1465289_1200x1200/prd-front-1465289-1200x1200.jpg"
"1773453814-214","https://www.watsons.com.tr/search/essence?query=essence:most-relevant:masterBrandName:ESSENCE","","Essence French Takma Tırnak No: 02","59,95 ₺","0","Sepete Ekle","https://media.watsons.com.tr/medias/sys_master/prd-images/ha3/hb9/9913224855582/prd-front-1378671_195x195/prd-front-1378671-195x195.jpg","Essence French Takma Tırnak No: 02   
 59,95 ₺   0","https://www.watsons.com.tr/essence-french-takma-tirnak-no-02/p/BP_1378671","1378671","Essence French Takma Tırnak No: 02","","ESSENCE","Takma Tırnak","Essence French Takma Tırnak No: 02","Stokta","https://media.watsons.com.tr/medias/sys_master/prd-images/ha5/hb6/9913224790046/prd-front-1378671_1200x1200/prd-front-1378671-1200x1200.jpg"
"1773453832-215","https://www.watsons.com.tr/search/essence?query=essence:most-relevant:masterBrandName:ESSENCE","","Essence Nude Edition Far Paleti","230,90 ₺","1","Sepete Ekle","https://media.watsons.com.tr/medias/sys_master/prd-images/hfe/h2c/8910565113886/prd-front-173802_195x195/prd-front-173802-195x195.png","Essence Nude Edition Far Paleti   
 230,90 ₺   1","https://www.watsons.com.tr/essence-nude-edition-far-paleti/p/BP_173802","173802","Essence Nude Edition Far Paleti","","ESSENCE","Far ve Paletler","Essence Nude Edition Far Paleti","Stokta","https://media.watsons.com.tr/medias/sys_master/prd-images/hee/h29/8910565048350/prd-front-173802_1200x1200/prd-front-173802-1200x1200.png"
"1773453852-216","https://www.watsons.com.tr/search/essence?query=essence:most-relevant:masterBrandName:ESSENCE","","Essence Kirpik Yapıştırıcısı","158,90 ₺","1","Sepete Ekle","https://media.watsons.com.tr/medias/sys_master/prd-images/h46/heb/8972507086878/prd-front-1303260_195x195/prd-front-1303260-195x195.png","Essence Kirpik Yapıştırıcısı   
 158,90 ₺   1","https://www.watsons.com.tr/essence-kirpik-yapistiricisi/p/BP_1303260","1303260","Essence Kirpik Yapıştırıcısı","","ESSENCE","Kaş Jeli","Essence Kirpik Yapıştırıcısı","Stokta","https://media.watsons.com.tr/medias/sys_master/prd-images/h98/hea/8972507021342/prd-front-1303260_1200x1200/prd-front-1303260-1200x1200.png"
"1773453873-217","https://www.watsons.com.tr/search/essence?query=essence:most-relevant:masterBrandName:ESSENCE","","Essence Extreme Shine Volume Dudak Parlatıcısı 02","134,90 ₺","4","Sepete Ekle","https://media.watsons.com.tr/medias/sys_master/prd-images/h3c/ha9/9688476188702/prd-front-1340787_195x195/prd-front-1340787-195x195.jpg","Essence Extreme Shine Volume Dudak Parlatıcısı 02   
 134,90 ₺   4","https://www.watsons.com.tr/essence-extreme-shine-volume-dudak-parlaticisi-02/p/BP_1340787","1340787","Essence Extreme Shine Volume Dudak Parlatıcısı 02","","ESSENCE","Lip Gloss","Essence Extreme Shine Volume Dudak Parlatıcısı 02","Stokta","https://media.watsons.com.tr/medias/sys_master/prd-images/hea/ha9/9688476123166/prd-front-1340787_1200x1200/prd-front-1340787-1200x1200.jpg"
"1773453893-218","https://www.watsons.com.tr/search/essence?query=essence:most-relevant:masterBrandName:ESSENCE","","Essence Chili Bomb Parlak Lip Gloss 01","87,95 ₺","0","Sepete Ekle","https://media.watsons.com.tr/medias/sys_master/prd-images/hfa/h7d/13217542963230/prd-front-1465198_195x195/prd-front-1465198-195x195.jpg","Essence Chili Bomb Parlak Lip Gloss 01   
 87,95 ₺   0","https://www.watsons.com.tr/essence-chili-bomb-parlak-lip-gloss-01/p/BP_1465198","1465198","LİKİT RUJ","","ESSENCE","Lip Gloss","Essence Chili Bomb Parlak Lip Gloss 01","Stokta","https://media.watsons.com.tr/medias/sys_master/prd-images/h0c/h81/13217542897694/prd-front-1465198_1200x1200/prd-front-1465198-1200x1200.jpg"
"1773453911-219","https://www.watsons.com.tr/search/essence?query=essence:most-relevant:masterBrandName:ESSENCE","","Essence Longlasting Göz Kalemi 01 Black Fever","98,50 ₺","7","Sepete Ekle","https://media.watsons.com.tr/medias/sys_master/prd-images/hed/ha0/8906015244318/prd-front-162736_195x195/prd-front-162736-195x195.jpeg","Essence Longlasting Göz Kalemi 01 Black Fever   
 98,50 ₺   7","https://www.watsons.com.tr/essence-longlasting-goz-kalemi-01-black-fever/p/BP_162736","162736","Essence Longlasting Göz Kalemi 01 Black Fever","","ESSENCE","Göz Kalemi","Essence Longlasting Göz Kalemi 01 Black Fever","Stokta","https://media.watsons.com.tr/medias/sys_master/prd-images/hdc/h9d/8906015178782/prd-front-162736_1200x1200/prd-front-162736-1200x1200.jpeg"
"1773453934-220","https://www.watsons.com.tr/search/essence?query=essence:most-relevant:masterBrandName:ESSENCE","","Essence Likit Waterproof Eyeliner","158,90 ₺","7","Sepete Ekle","https://media.watsons.com.tr/medias/sys_master/prd-images/he2/he8/9166455537694/prd-front-162785_195x195/prd-front-162785-195x195.jpg","Essence Likit Waterproof Eyeliner   
 158,90 ₺   7","https://www.watsons.com.tr/essence-likit-waterproof-eyeliner/p/BP_162785","162785","Essence Likit Waterproof Eyeliner","","ESSENCE","Eyeliner","Essence Likit Waterproof Eyeliner","Stokta","https://media.watsons.com.tr/medias/sys_master/prd-images/he4/he5/9166455472158/prd-front-162785_1200x1200/prd-front-162785-1200x1200.jpg"
"1773453956-221","https://www.watsons.com.tr/search/essence?query=essence:most-relevant:masterBrandName:ESSENCE","","Essence Liner Tiny Tip No: 01","158,90 ₺","0","Sepete Ekle","https://media.watsons.com.tr/medias/sys_master/prd-images/haf/h71/8904394801182/prd-front-1252699_195x195/prd-front-1252699-195x195.png","Essence Liner Tiny Tip No: 01   
 158,90 ₺   0","https://www.watsons.com.tr/essence-liner-tiny-tip-no-01/p/BP_1252699","1252699","Essence Liner Tiny Tip No: 01","","ESSENCE","Eyeliner","Essence Liner Tiny Tip No: 01","Stokta","https://media.watsons.com.tr/medias/sys_master/prd-images/h9e/h6e/8904394735646/prd-front-1252699_1200x1200/prd-front-1252699-1200x1200.png"
"1773453977-222","https://www.watsons.com.tr/search/essence?query=essence:most-relevant:masterBrandName:ESSENCE","","Essence Krem Far 03","185,90 ₺","0","Sepete Ekle","https://media.watsons.com.tr/medias/sys_master/prd-images/h7e/hfc/13217541128222/prd-front-1465156_195x195/prd-front-1465156-195x195.jpg","Essence Krem Far 03   
 185,90 ₺   0","https://www.watsons.com.tr/essence-krem-far-03/p/BP_1465156","1465156","GÖZ FARI","","ESSENCE","Far ve Paletler","Essence Krem Far 03","Stokta","https://media.watsons.com.tr/medias/sys_master/prd-images/h80/hf9/13217541062686/prd-front-1465156_1200x1200/prd-front-1465156-1200x1200.jpg"
"1773453998-223","https://www.watsons.com.tr/search/essence?query=essence:most-relevant:masterBrandName:ESSENCE","","Essence Extreme Last Top Coat 01","149,90 ₺","0","Sepete Ekle","https://media.watsons.com.tr/medias/sys_master/prd-images/h16/hb9/12381104472094/prd-front-1443617_195x195/prd-front-1443617-195x195.jpg","Essence Extreme Last Top Coat 01   
 149,90 ₺   0","https://www.watsons.com.tr/essence-extreme-last-top-coat-01/p/BP_1443617","1443617","OJE","","ESSENCE","Oje","Essence Extreme Last Top Coat 01","Stokta","https://media.watsons.com.tr/medias/sys_master/prd-images/hd7/hb9/12381104406558/prd-front-1443617_1200x1200/prd-front-1443617-1200x1200.jpg"
"1773454017-224","https://www.watsons.com.tr/search/essence?query=essence:most-relevant:masterBrandName:ESSENCE","","Essence Rose Edition Far Paleti","230,90 ₺","5","Sepete Ekle","https://media.watsons.com.tr/medias/sys_master/prd-images/h8c/h3a/8910565507102/prd-front-173804_195x195/prd-front-173804-195x195.png","Essence Rose Edition Far Paleti   
 230,90 ₺   5","https://www.watsons.com.tr/essence-rose-edition-far-paleti/p/BP_173804","173804","Essence Rose Edition Far Paleti","","ESSENCE","Far ve Paletler","Essence Rose Edition Far Paleti","Stokta","https://media.watsons.com.tr/medias/sys_master/prd-images/h8e/h37/8910565441566/prd-front-173804_1200x1200/prd-front-173804-1200x1200.png"
"1773454037-225","https://www.watsons.com.tr/search/essence?query=essence:most-relevant:masterBrandName:ESSENCE","","Essence I Love Extreme Volume Maskara","186,90 ₺","2","Sepete Ekle","https://media.watsons.com.tr/medias/sys_master/prd-images/hcd/hee/8906037198878/prd-front-162823_195x195/prd-front-162823-195x195.jpeg","Essence I Love Extreme Volume Maskara   
 186,90 ₺   2","https://www.watsons.com.tr/essence-i-love-extreme-volume-maskara/p/BP_162823","162823","Essence I Love Extreme Volume Maskara","","ESSENCE","Maskara","Essence I Love Extreme Volume Maskara","Stokta","https://media.watsons.com.tr/medias/sys_master/prd-images/h7b/hef/8906037133342/prd-front-162823_1200x1200/prd-front-162823-1200x1200.jpeg"
"1773454058-226","https://www.watsons.com.tr/search/essence?query=essence:most-relevant:masterBrandName:ESSENCE","","Essence Super Peptide Parlak Dudak Bakım Ürünü 03","177,90 ₺","2","Sepete Ekle","https://media.watsons.com.tr/medias/sys_master/prd-images/h23/h4f/13217544798238/prd-front-1465247_195x195/prd-front-1465247-195x195.jpg","Essence Super Peptide Parlak Dudak Bakım Ürünü 03   
 177,90 ₺   2","https://www.watsons.com.tr/essence-super-peptide-parlak-dudak-bakim-urunu-03/p/BP_1465247","1465247","RUJ","","ESSENCE","Ruj ve Lipstick","Essence Super Peptide Parlak Dudak Bakım Ürünü 03","Stokta","https://media.watsons.com.tr/medias/sys_master/prd-images/h75/h4e/13217544732702/prd-front-1465247_1200x1200/prd-front-1465247-1200x1200.jpg"
"1773454079-227","https://www.watsons.com.tr/search/essence?query=essence:most-relevant:masterBrandName:ESSENCE","","Essence Extreme Shine Volume Dudak Parlatıcısı 102","134,90 ₺","3","Sepete Ekle","https://media.watsons.com.tr/medias/sys_master/prd-images/h5b/h9f/9688476450846/prd-front-1340794_195x195/prd-front-1340794-195x195.jpg","Essence Extreme Shine Volume Dudak Parlatıcısı 102   
 134,90 ₺   3","https://www.watsons.com.tr/essence-extreme-shine-volume-dudak-parlaticisi-102/p/BP_1340794","1340794","Essence Extreme Shine Volume Dudak Parlatıcısı 102","","ESSENCE","Lip Gloss","Essence Extreme Shine Volume Dudak Parlatıcısı 102","Stokta","https://media.watsons.com.tr/medias/sys_master/prd-images/h6b/ha2/9688476385310/prd-front-1340794_1200x1200/prd-front-1340794-1200x1200.jpg"
"1773454101-228","https://www.watsons.com.tr/search/essence?query=essence:most-relevant:masterBrandName:ESSENCE","","Essence Choco Bomb Parlak Lip Gloss 01","81,95 ₺","2","Sepete Ekle","https://media.watsons.com.tr/medias/sys_master/prd-images/h81/h2c/13217543225374/prd-front-1465205_195x195/prd-front-1465205-195x195.jpg","Essence Choco Bomb Parlak Lip Gloss 01   
 81,95 ₺   2","https://www.watsons.com.tr/essence-choco-bomb-parlak-lip-gloss-01/p/BP_1465205","1465205","LİKİT RUJ","","ESSENCE","Lip Gloss","Essence Choco Bomb Parlak Lip Gloss 01","Stokta","https://media.watsons.com.tr/medias/sys_master/prd-images/h92/h2f/13217543159838/prd-front-1465205_1200x1200/prd-front-1465205-1200x1200.jpg"
"1773454123-229","https://www.watsons.com.tr/search/essence?query=essence:most-relevant:masterBrandName:ESSENCE","","Essence Lash Princess Sculpted Maskara","234,90 ₺","18","Sepete Ekle","https://media.watsons.com.tr/medias/sys_master/prd-images/h6f/hda/8906037788702/prd-front-162830_195x195/prd-front-162830-195x195.jpeg","Essence Lash Princess Sculpted Maskara   
 234,90 ₺   18","https://www.watsons.com.tr/essence-lash-princess-sculpted-maskara/p/BP_162830","162830","Essence Lash Princess Sculpted Maskara","","ESSENCE","Maskara","Essence Lash Princess Sculpted Maskara","Stokta","https://media.watsons.com.tr/medias/sys_master/prd-images/h1d/hdb/8906037723166/prd-front-162830_1200x1200/prd-front-162830-1200x1200.jpeg"
"1773454144-230","https://www.watsons.com.tr/search/essence?query=essence:most-relevant:masterBrandName:ESSENCE","","Essence Bright Eyes! Gözaltı Stick Kapatıcı No: 01","195,90 ₺","5","Sepete Ekle","https://media.watsons.com.tr/medias/sys_master/prd-images/hf9/hb3/9678550663198/prd-front-1376746_195x195/prd-front-1376746-195x195.png","Essence Bright Eyes! Gözaltı Stick Kapatıcı No: 01   
 195,90 ₺   5","https://www.watsons.com.tr/essence-bright-eyes-gozalti-stick-kapatici-no-01/p/BP_1376746","1376746","Essence Bright Eyes! Gözaltı Stick Kapatıcı No: 01","","ESSENCE","Kapatıcılar","Essence Bright Eyes! Gözaltı Stick Kapatıcı No: 01","Stokta","https://media.watsons.com.tr/medias/sys_master/prd-images/h0a/hb7/9678550597662/prd-front-1376746_1200x1200/prd-front-1376746-1200x1200.png"
"1773454165-231","https://www.watsons.com.tr/search/essence?query=essence:most-relevant:masterBrandName:ESSENCE","","Essence Line N' Stain! Tattoo Dudak Kalemi 01","149,90 ₺","11","Sepete Ekle","https://media.watsons.com.tr/medias/sys_master/prd-images/h23/hbd/12430913306654/prd-front-1446655_195x195/prd-front-1446655-195x195.jpg","Essence Line N' Stain! Tattoo Dudak Kalemi 01   
 149,90 ₺   11","https://www.watsons.com.tr/essence-line-n-stain-tattoo-dudak-kalemi-01/p/BP_1446655","1446655","DUDAK KALEM/LINER","","ESSENCE","Dudak Kalemi","Essence Line N' Stain! Tattoo Dudak Kalemi 01","Stokta","https://media.watsons.com.tr/medias/sys_master/prd-images/h21/hc0/12430913241118/prd-front-1446655_1200x1200/prd-front-1446655-1200x1200.jpg"
"1773454185-232","https://www.watsons.com.tr/search/essence?query=essence:most-relevant:masterBrandName:ESSENCE","","Essence Jelly Grip Nemlendirici Baz","230,90 ₺","3","Sepete Ekle","https://media.watsons.com.tr/medias/sys_master/prd-images/he8/h6f/12381102374942/prd-front-1443561_195x195/prd-front-1443561-195x195.jpg","Essence Jelly Grip Nemlendirici Baz   
 230,90 ₺   3","https://www.watsons.com.tr/essence-jelly-grip-nemlendirici-baz/p/BP_1443561","1443561","BAZ","","ESSENCE","Makyaj Bazı","Essence Jelly Grip Nemlendirici Baz","Stokta","https://media.watsons.com.tr/medias/sys_master/prd-images/h28/h6f/12381102309406/prd-front-1443561_1200x1200/prd-front-1443561-1200x1200.jpg"
"1773454201-233","https://www.watsons.com.tr/search/essence?query=essence:most-relevant:masterBrandName:ESSENCE","","Essence Lash Princess False Lash Epic Maskara","234,90 ₺","3","Sepete Ekle","https://media.watsons.com.tr/medias/sys_master/prd-images/h23/h85/8906038181918/prd-front-162831_195x195/prd-front-162831-195x195.png","Essence Lash Princess False Lash Epic Maskara   
 234,90 ₺   3","https://www.watsons.com.tr/essence-lash-princess-false-lash-epic-maskara/p/BP_162831","162831","Essence Lash Princess False Lash Epic Maskara","","ESSENCE","Maskara","Essence Lash Princess False Lash Epic Maskara","Stokta","https://media.watsons.com.tr/medias/sys_master/prd-images/he4/h85/8906038116382/prd-front-162831_1200x1200/prd-front-162831-1200x1200.png"
"1773454219-234","https://www.watsons.com.tr/search/essence?query=essence:most-relevant:masterBrandName:ESSENCE","","Essence Extreme Lengthening & Volume Maskara 01","238,90 ₺","6","Sepete Ekle","https://media.watsons.com.tr/medias/sys_master/prd-images/h1a/h2a/9678549352478/prd-front-1376732_195x195/prd-front-1376732-195x195.png","Essence Extreme Lengthening & Volume Maskara 01   
 238,90 ₺   6","https://www.watsons.com.tr/essence-extreme-lengthening-volume-maskara-01/p/BP_1376732","1376732","Essence Extreme Lengthening & Volume Maskara 01","","ESSENCE","Maskara","Essence Extreme Lengthening & Volume Maskara 01","Stokta","https://media.watsons.com.tr/medias/sys_master/prd-images/h09/h27/9678549286942/prd-front-1376732_1200x1200/prd-front-1376732-1200x1200.png"
"1773454236-235","https://www.watsons.com.tr/search/essence?query=essence:most-relevant:masterBrandName:ESSENCE","","Essence Without Limits Tubing Extra Uzunluk & Hacim Veren Maskara","234,90 ₺","3","Sepete Ekle","https://media.watsons.com.tr/medias/sys_master/prd-images/hb7/h99/13217540341790/prd-front-1465135_195x195/prd-front-1465135-195x195.jpg","Essence Without Limits Tubing Extra Uzunluk & Hacim Veren Maskara   
 234,90 ₺   3","https://www.watsons.com.tr/essence-without-limits-tubing-extra-uzunluk-hacim-veren-maskara/p/BP_1465135","1465135","MASKARA","","ESSENCE","Maskara","Essence Without Limits Tubing Extra Uzunluk & Hacim Veren Maskara","Stokta","https://media.watsons.com.tr/medias/sys_master/prd-images/ha7/h96/13217540276254/prd-front-1465135_1200x1200/prd-front-1465135-1200x1200.jpg"
"1773454254-236","https://www.watsons.com.tr/search/essence?query=essence:most-relevant:masterBrandName:ESSENCE","","Essence Extreme Shine Volume Dudak Parlatıcısı 01","134,90 ₺","23","Sepete Ekle","https://media.watsons.com.tr/medias/sys_master/prd-images/hf1/h70/8986978025502/prd-front-1287790_195x195/prd-front-1287790-195x195.png","Essence Extreme Shine Volume Dudak Parlatıcısı 01   
 134,90 ₺   23","https://www.watsons.com.tr/essence-extreme-shine-volume-dudak-parlaticisi-01/p/BP_1287790","1287790","Essence Extreme Shine Volume Dudak Parlatıcısı 01","","ESSENCE","Lip Gloss","Essence Extreme Shine Volume Dudak Parlatıcısı 01","Stokta","https://media.watsons.com.tr/medias/sys_master/prd-images/h34/h26/8986977959966/prd-front-1287790_1200x1200/prd-front-1287790-1200x1200.png"
"1773454273-237","https://www.watsons.com.tr/search/essence?query=essence:most-relevant:masterBrandName:ESSENCE","","Essence All About Mat Fixing Compact Pudra","177,90 ₺","24","Sepete Ekle","https://media.watsons.com.tr/medias/sys_master/prd-images/hce/hed/8906008363038/prd-front-162692_195x195/prd-front-162692-195x195.jpeg","Essence All About Mat Fixing Compact Pudra   
 177,90 ₺   24","https://www.watsons.com.tr/essence-all-about-mat-fixing-compact-pudra/p/BP_162692","162692","Essence All About Mat Fixing Compact Pudra","","ESSENCE","Makyaj Sabitleyici","Essence All About Mat Fixing Compact Pudra","Stokta","https://media.watsons.com.tr/medias/sys_master/prd-images/hdf/hf0/8906008297502/prd-front-162692_1200x1200/prd-front-162692-1200x1200.jpeg"
"1773454291-238","https://www.watsons.com.tr/search/essence?query=essence:most-relevant:masterBrandName:ESSENCE","","Essence I Love Extreme Crazy Volume Maskara","186,90 ₺","110","Sepete Ekle","https://media.watsons.com.tr/medias/sys_master/prd-images/h3a/hf3/8906037002270/prd-front-162821_195x195/prd-front-162821-195x195.jpeg","Essence I Love Extreme Crazy Volume Maskara   
 186,90 ₺   110","https://www.watsons.com.tr/essence-i-love-extreme-crazy-volume-maskara/p/BP_162821","162821","Essence I Love Extreme Crazy Volume Maskara","Watsons Ödülleri","ESSENCE","Maskara","Essence I Love Extreme Crazy Volume Maskara","Stokta","https://media.watsons.com.tr/medias/sys_master/prd-images/h08/hc2/8906036936734/prd-front-162821_1200x1200/prd-front-162821-1200x1200.jpeg"
