web_scraper_order,web_scraper_start_url,pagination,name,data3,image,item_page_title,item_page_link,Ingredients,product_4_category,data_2,image_1
"1773501936-1","https://www.ewg.org/skindeep/browse/brands/12717-essence/","https://www.ewg.org/skindeep/browse/brands/12717-essence/?brand=Essence&page=34","Fresh & Fit Awake Make Up, 10 Fresh Ivory  (2019 formulation)","Essence","https://phorcys-static.ewg.org/cdn-cgi/image/width=480,height=480,quality=60/https://phorcys-static.ewg.org/image/contents/577579/original.","Essence
         Fresh & Fit Awake Make Up, 10 Fresh Ivory  (2019 formulation)
      
      
        
            
              
                HIGH HAZARD
              Data Availability: Fair","https://www.ewg.org/skindeep/products/875410-Essence_Fresh__Fit_Awake_Make_Up_10_Fresh_Ivory__2019_formulation/","WATER, CYCLOPENTASILOXANE, ISODODECANE, ALCOHOL DENAT., TALC, PROPYLENE GLYCOL, POLYGLYCERYL-4 ISOSTEARATE, CETYL PEG/PPG-10/1 DIMETHICONE, HEXYL LAURATE, CYCLOHEXASILOXANE, POTASSIUM CETYL PHOSPHATE, TOCOPHERYL ACETATE, PANTHENOL, RETINYL PALMITATE, HELIANTHUS ANNUUS (SUNFLOWER) SEED OIL, TOCOPHEROL, TAPIOCA STARCH, NIACINAMIDE, SODIUM CHLORIDE, VACCINIUM MACROCARPON (CRANBERRY) FRUIT WATER, BEESWAX, DISODIUM EDTA, XANTHAN GUM, MICA, ETHYLHEXYLGLYCERIN, TRIETHOXYCAPRYLYLSILANE, LECITHIN, ASCORBYL PALMITATE, ALUMINUM/MAGNESIUM HYDROXIDE STEARATE, CITRIC ACID, PHENOXYETHANOL, FRAGRANCE, CI 77491 (IRON OXIDES), CI 77492 (IRON OXIDES), CI 77499 (IRON OXIDES), CI 77891 (TITANIUM DIOXIDE).","Foundation","Essence","https://phorcys-static.ewg.org/cdn-cgi/image/width=560,height=800,quality=60/https://phorcys-static.ewg.org/image/contents/577579/original."
"1773501938-2","https://www.ewg.org/skindeep/browse/brands/12717-essence/","https://www.ewg.org/skindeep/browse/brands/12717-essence/?brand=Essence&page=34","What A Tint! Lip & Cheek Tint, Peachy Vibes 03","Essence","https://phorcys-static.ewg.org/cdn-cgi/image/width=480,height=480,quality=60/https://phorcys-static.ewg.org/image/contents/856688/original.","Essence
         What A Tint! Lip & Cheek Tint, Peachy Vibes 03
      
      
        
            
              
                MODERATE HAZARD
              Data Availability: Fair","https://www.ewg.org/skindeep/products/1321503-Essence_What_A_Tint_Lip__Cheek_Tint_Peachy_Vibes_03/",": AQUA (WATER), PROPANEDIOL, BUTYLENE GLYCOL, BETAINE, PARFUM (FRAGRANCE), GLYCERIN, PANTHENOL, SODIUM HYALURONATE, VACCINIUM VITIS-IDAEA FRUIT EXTRACT, PROPYLENE GLYCOL, ETHYLHEXYLGLYCERIN, POLYACRYLATE CROSSPOLYMER-6, LACTIC ACID, SODIUM HYDROXIDE, CITRIC ACID, PHENOXYETHANOL, CI 19140 (YELLOW 5), CI 45410 (RED 28).","Blush","Essence","https://phorcys-static.ewg.org/cdn-cgi/image/width=560,height=800,quality=60/https://phorcys-static.ewg.org/image/contents/856688/original."
"1773501941-3","https://www.ewg.org/skindeep/browse/brands/12717-essence/","https://www.ewg.org/skindeep/browse/brands/12717-essence/?brand=Essence&page=34","Eyeshadow Palette, Ice, Ice Baby!","Essence","https://phorcys-static.ewg.org/cdn-cgi/image/width=480,height=480,quality=60/https://phorcys-static.ewg.org/image/contents/591649/original.","Essence
         Eyeshadow Palette, Ice, Ice Baby!
      
      
        
            
              
                MODERATE HAZARD
              Data Availability: Fair","https://www.ewg.org/skindeep/products/965446-Essence_Eyeshadow_Palette_Ice_Ice_Baby/","TALC, MICA, SILICA, MAGNESIUM STEARATE, DIMETHICONE, HYDROGENATED POLYISOBUTENE, POLYBUTENE, BISDIGLYCERYL POLYACYLADIPATE-2, TOCOPHERYL ACETATE, ETHYLHEXYLGLYCERIN, PHENOXYETHANOL, PARFUM (FRAGRANCE), BENZYL ALCOHOL, BENZYL BENZOATE, BENZYL SALICYLATE, HEXYL CINNAMAL, HYDROXYCITRONELLAL, MAY CONTAIN/[+/-]: CI 42090 (BLUE 1 LAKE), CI 77007 (ULTRAMARINES), CI 77492, CI 77499 (IRON OXIDES), CI 77742 (MANGANESE VIOLET), CI 77891 (TITANIUM DIOXIDE), AND/UND INGREDIENTS: MICA, SILICA, MAGNESIUM STEARATE, DIMETHICONE, HYDROGENATED POLYISOBUTENE, POLYBUTENE, BIS-DIGLYCERYL POLYACYLADIPATE-2, TOCOPHERYL ACETATE, ETHYLHEXYLGLYCERIN, PHENOXYETHANOL, PARFUM (FRAGRANCE), BENZYL ALCOHOL, BENZYL BENZOATE, BENZYL SALICYLATE, HEXYL CINNAMAL, HYDROXYCITRONELLAL, CI 42090 (BLUE 1 LAKE), CI 77007 (ULTRAMARINES), CI 77499 (IRON OXIDES). AND/UND INGREDIENTS: MICA, DIMETHICONE, MAGNESIUM STEARATE, SILICA, TRIMETHYLSILOXYSILICATE, DISILOXANE, DIMETHICONE/VINYL DIMETHICONE CROSSPOLYMER, TOCOPHERYL ACETATE, ETHYLHEXYLGLYCERIN, PHENOXYETHANOL, PARFUM (FRAGRANCE), BENZYL ALCOHOL, BENZYL BENZOATE, BENZYL SALICYLATE, HEXYL CINNAMAL, HYDROXYCITRONELLAL, MAY CONTAIN/[+/-]: CL 77007 (ULTRAMARINES), CI 77491, CI 77492, CI 77499 (IRON OXIDES), CI 77891 (TITANIUM DIOXIDE). AND/UND INGREDIENTS: MICA, DIMETHICONE, MAGNESIUM STEARATE, TRIMETHYLSILOXYSILICATE, DISILOXANE, DIMETHICONE/VINYL DIMETHICONE CROSSPOLYMER, TOCOPHERYL ACETATE, ETHYLHEXYLGLYCERIN, PHENOXYETHANOL, PARFUM (FRAGRANCE), BENZYL ALCOHOL, BENZYL BENZOATE, BENZYL SALICYLATE, HEXYL CINNAMAL, HYDROXYCITRONELLAL, CI 77007 (ULTRAMARINES), CI 77499 (IRON OXIDES), CI 77742 (MANGANESE VIOLET), CI 77891 (TITANIUM DIOXIDE).","Eye Shadow","Essence","https://phorcys-static.ewg.org/cdn-cgi/image/width=560,height=800,quality=60/https://phorcys-static.ewg.org/image/contents/591649/original."
"1773501945-4","https://www.ewg.org/skindeep/browse/brands/12717-essence/","https://www.ewg.org/skindeep/browse/brands/12717-essence/?brand=Essence&page=34","Pure Nude Make Up, Honey (2019 formulation)","Essence","https://phorcys-static.ewg.org/cdn-cgi/image/width=480,height=480,quality=60/https://phorcys-static.ewg.org/image/contents/607225/original.","Essence
         Pure Nude Make Up, Honey (2019 formulation)
      
      
        
            
              
                MODERATE HAZARD
              Data Availability: Fair","https://www.ewg.org/skindeep/products/858024-Essence_Pure_Nude_Make_Up_Honey_2019_formulation/","AQUA (WATER), CYCLOPENTASILOXANE, ALUMINUM STARCH OCTENYLSUCCINATE, GLYCERIN, PROPYLENE GLYCOL, HYDROGENATED POLYDECENE, NYLON-12, PEG-12 DIMETHICONE CROSSPOLYMER, PANTHENOL, TOCOPHERYL ACETATE, ZINC PCA, ASCORBYL PALMITATE, ENTEROMORPHA COMPRESSA EXTRACT, HYDROLYZED CAESALPINIA SPINOSA GUM, DIMETHYLIMIDAZOLIDINONE RICE STARCH, SODIUM HYALURONATE, NIACINAMIDE, MAGNESIUM ASPARTATE, ZINC GLUCONATE, CAESALPINIA SPINOSA GUM, COPPER GLUCONATE, PEG-12 DIMETHICONE, DIMETHICONE CROSSPOLYMER, METHYL METHACRYLATE CROSSPOLYMER, VP/HEXADECENE COPOLYMER, SODIUM CHLORIDE, PHENOXYETHANOL, ETHYLHEXYLGLYCERIN, TRIETHOXYCAPRYLYLSILANE, BUTYLPHENYL METHYLPROPIONAL, ALUMINA, FRAGRANCE, LIMONENE, LINALOOL, CI 77491, CI 77492, CI 77499 (IRON OXIDES), CI 77891 (TITANIUM DIOXIDE).","Foundation","Essence","https://phorcys-static.ewg.org/cdn-cgi/image/width=560,height=800,quality=60/https://phorcys-static.ewg.org/image/contents/607225/original."
"1773501948-5","https://www.ewg.org/skindeep/browse/brands/12717-essence/","https://www.ewg.org/skindeep/browse/brands/12717-essence/?brand=Essence&page=34","De Beaute Collagen & Vitamin E Face and Body Cream","Essence","https://phorcys-static.ewg.org/cdn-cgi/image/width=480,height=480,quality=60/https://phorcys-static.ewg.org/image/contents/812757/original.","Essence
         De Beaute Collagen & Vitamin E Face and Body Cream 
      
      
        
            
              
                MODERATE HAZARD
              Data Availability: Fair","https://www.ewg.org/skindeep/products/2953460-Essence_De_Beaute_Collagen__Vitamin_E_Face_and_Body_Cream_/","Aqua, Fragrance (Parfum), Disodium EDTA, Panthenol, Allantoin, Inositol, Calcium Pantothenate, Alcohol Denat., Equisetum Arvense Extract, Betula Alba Leaf Extract, Betula Alba Juice, Salvia Officinalis (Sage) Leaf Extract, Rosmarinus Officinalis (Rosemary) Leaf Extract, Achillea Millefolium Extract, Urtica Dioica (Nettle) Extract, Tussilago Farfara (Coltsfoot) Leaf Extract, Lactic Acid, Butylene Glycol, Ethoxydiglycol, Glycolipids, Sodium Hyaluronate, Viola Tricolor Extract, Avena Sativa (Oat) Kernel Extract, Rosa Moschata Seed Oil, Ginkgo Biloba Leaf Extract, Bisabolol, Hexylene Glycol, Ethylhexylglycerin, Xanthan Gum, Caprylyl Glycol, Phenoxyethanol, Polysorbate 60, Isohexadecane, Sodium Acrylate/Acryloyldimethyltaurate/Dimethylacrylamide Crosspolymer, Soluble Collagen, Butyrospermum Parkii (Shea) Butter, Tridecyl Stearate, Tridecyl Trimellitate, Neopentyl Glycol Dicaprylate/Dicaprate, Stearic Acid, Cetyl Alcohol, C12-15 Alkyl Benzoate, Glyceryl Stearate, PEG-100 Stearate, Propylene Glycol, Mineral Oil, Glycerin","Moisturizer","Essence","https://phorcys-static.ewg.org/cdn-cgi/image/width=560,height=800,quality=60/https://phorcys-static.ewg.org/image/contents/812757/original."
"1773501951-6","https://www.ewg.org/skindeep/browse/brands/12717-essence/","https://www.ewg.org/skindeep/browse/brands/12717-essence/?brand=Essence&page=34","Taupe It Up! Eyeshadow Palette","Essence","https://phorcys-static.ewg.org/cdn-cgi/image/width=480,height=480,quality=60/https://phorcys-static.ewg.org/image/contents/605664/original.","Essence
         Taupe It Up! Eyeshadow Palette
      
      
        
            
              
                MODERATE HAZARD
              Data Availability: Fair","https://www.ewg.org/skindeep/products/963552-Essence_Taupe_It_Up_Eyeshadow_Palette/","TALC, MICA, SILICA, MAGNESIUM STEARATE, DIMETHICONE, HYDROGENATED POLYISOBUTENE, POLYBUTENE, BIS-DIGLYCERYL POLYACYLADIPATE-2, TOCOPHERYL ACETATE, ETHYLHEXYLGLYCERIN, BENZYL SALICYLATE, PHENOXYETHANOL, BENZYL ALCOHOL, PARFUM (FRAGRANCE), BENZYL BENZOATE, HEXYL CINNAMAL, HYDROXYCITRONELLAL, MAY CONTAIN/ [+/-]: CI 77007 (ULTRAMARINES), CI 77491, CI 77492, CI 77499 (IRON OXIDES), CI 77891 (TITANIUM DIOXIDE). AND/UND INGREDIENTS: MICA, DIMETHICONE, MAGNESIUM STEARATE, SILICA, TRIMETHYLSILOXYSILICATE, DISILOXANE, DIMETHICONE/VINYL DIMETHICONE CROSSPOLYMER, TOCOPHERYL ACETATE, ETHYLHEXYLGLYCERIN, PHENOXYETHANOL PARFUM (FRAGRANCE), BENZYL ALCOHOL, BENZYL BENZOATE, BENZYL SALICYLATE, HEXYL CINNAMAL, HYDROXYCITRONELLAL, MAY CONTAIN/[+/-]: CI 42090 (BLUE 1 LAKE), CI 77491, CI 77492, CI 77499 (IRON OXIDES), CI 77891 (TITANIUM DIOXIDE).","Eye Shadow","Essence","https://phorcys-static.ewg.org/cdn-cgi/image/width=560,height=800,quality=60/https://phorcys-static.ewg.org/image/contents/605664/original."
"1773501953-7","https://www.ewg.org/skindeep/browse/brands/12717-essence/","https://www.ewg.org/skindeep/browse/brands/12717-essence/?brand=Essence&page=33","Pure Nude Make Up, 20 Pure Sand (2019 formulation)","Essence","https://phorcys-static.ewg.org/cdn-cgi/image/width=480,height=480,quality=60/https://static.ewg.org/skindeep/img/missing_images/sd_logo.png","Essence
         Pure Nude Make Up, 20 Pure Sand (2019 formulation)
      
      
        
            
              
                MODERATE HAZARD
              Data Availability: Fair","https://www.ewg.org/skindeep/products/858019-Essence_Pure_Nude_Make_Up_20_Pure_Sand_2019_formulation/","AQUA (WATER), CYCLOPENTASILOXANE, ALUMINUM STARCH OCTENYLSUCCINATE, GLYCERIN, PROPYLENE GLYCOL, HYDROGENATED POLYDECENE, NYLON-12, PEG-12 DIMETHICONE CROSSPOLYMER, PANTHENOL, TOCOPHERYL ACETATE, ZINC PCA, ASCORBYL PALMITATE, ENTEROMORPHA COMPRESSA EXTRACT, HYDROLYZED CAESALPINIA SPINOSA GUM, DIMETHYLIMIDAZOLIDINONE RICE STARCH, SODIUM HYALURONATE, NIACINAMIDE, MAGNESIUM ASPARTATE, ZINC GLUCONATE, CAESALPINIA SPINOSA GUM, COPPER GLUCONATE, PEG-12 DIMETHICONE, DIMETHICONE CROSSPOLYMER, METHYL METHACRYLATE CROSSPOLYMER, VP/HEXADECENE COPOLYMER, SODIUM CHLORIDE, PHENOXYETHANOL, ETHYLHEXYLGLYCERIN, TRIETHOXYCAPRYLYLSILANE, BUTYLPHENYL METHYLPROPIONAL, ALUMINA, FRAGRANCE, LIMONENE, LINALOOL, CI 77491, CI 77492, CI 77499 (IRON OXIDES), CI 77891 (TITANIUM DIOXIDE).","Foundation","Essence","https://phorcys-static.ewg.org/cdn-cgi/image/width=560,height=800,quality=60/https://static.ewg.org/skindeep/img/missing_images/sd_logo.png"
"1773501956-8","https://www.ewg.org/skindeep/browse/brands/12717-essence/","https://www.ewg.org/skindeep/browse/brands/12717-essence/?brand=Essence&page=33","JUICY BOMB PARTY shiny lipgloss, Bubblegum Bliss","Essence","https://phorcys-static.ewg.org/cdn-cgi/image/width=480,height=480,quality=60/https://phorcys-static.ewg.org/image/contents/856661/original.","Essence
         JUICY BOMB PARTY shiny lipgloss, Bubblegum Bliss
      
      
        
            
              
                MODERATE HAZARD
              Data Availability: Fair","https://www.ewg.org/skindeep/products/650238-Essence_JUICY_BOMB_PARTY_shiny_lipgloss_Bubblegum_Bliss/","ETHYLHEXYL PALMITATE, POLYBUTENE, ARGANIA SPINOSA KERNEL OIL, SIMMONDSIA CHINENSIS (JOJOBA) SEED OIL, HYDROGENATED POLYISOBUTENE, SILICA DIMETHYL SILYLATE, HELIANTHUS ANNUUS (SUNFLOWER) SEED WAX, PRUNUS AMYGDALUS DULCIS (SWEET ALMOND) OIL, TRIBEHENIN, ETHYLHEXYLGLYCERIN, PHENOXYETHANOL, PARFUM (FRAGRANCE), CITRUS AURANTIUM PEEL OIL, LINALYL ACETATE, LIMONENE, VANILLIN, ANETHOLE, DIMETHYL PHENETHYL ACETATE, LINALOOL, CI 15850 (RED 6 LAKE), CI 42090 (BLUE 1 LAKE), CI 77492 (IRON OXIDES), CI 77742 (MANGANESE VIOLET), CI 77891 (TITANIUM DIOXIDE).","Lip Gloss","Essence","https://phorcys-static.ewg.org/cdn-cgi/image/width=560,height=800,quality=60/https://phorcys-static.ewg.org/image/contents/856661/original."
"1773501959-9","https://www.ewg.org/skindeep/browse/brands/12717-essence/","https://www.ewg.org/skindeep/browse/brands/12717-essence/?brand=Essence&page=33","Pure Nude Make Up, 10 Pure Beige (2019 formulation)","Essence","https://phorcys-static.ewg.org/cdn-cgi/image/width=480,height=480,quality=60/https://phorcys-static.ewg.org/image/contents/607223/original.","Essence
         Pure Nude Make Up, 10 Pure Beige (2019 formulation)
      
      
        
            
              
                MODERATE HAZARD
              Data Availability: Fair","https://www.ewg.org/skindeep/products/858030-Essence_Pure_Nude_Make_Up_10_Pure_Beige_2019_formulation/","AQUA (WATER), CYCLOPENTASILOXANE, ALUMINUM STARCH OCTENYLSUCCINATE, GLYCERIN, PROPYLENE GLYCOL, HYDROGENATED POLYDECENE, NYLON-12, PEG-12 DIMETHICONE CROSSPOLYMER, PANTHENOL, TOCOPHERYL ACETATE, ZINC PCA, ASCORBYL PALMITATE, ENTEROMORPHA COMPRESSA EXTRACT, HYDROLYZED CAESALPINIA SPINOSA GUM, DIMETHYLIMIDAZOLIDINONE RICE STARCH, SODIUM HYALURONATE, NIACINAMIDE, MAGNESIUM ASPARTATE, ZINC GLUCONATE, CAESALPINIA SPINOSA GUM, COPPER GLUCONATE, PEG-12 DIMETHICONE, DIMETHICONE CROSSPOLYMER, METHYL METHACRYLATE CROSSPOLYMER, VP/HEXADECENE COPOLYMER, SODIUM CHLORIDE, PHENOXYETHANOL, ETHYLHEXYLGLYCERIN, TRIETHOXYCAPRYLYLSILANE, BUTYLPHENYL METHYLPROPIONAL, ALUMINA, FRAGRANCE, LIMONENE, LINALOOL, CI 77491, CI 77492, CI 77499 (IRON OXIDES), CI 77891 (TITANIUM DIOXIDE).","Foundation","Essence","https://phorcys-static.ewg.org/cdn-cgi/image/width=560,height=800,quality=60/https://phorcys-static.ewg.org/image/contents/607223/original."
"1773501962-10","https://www.ewg.org/skindeep/browse/brands/12717-essence/","https://www.ewg.org/skindeep/browse/brands/12717-essence/?brand=Essence&page=33","JUICY BOMB PARTY jelly blush, 01 Cassis Crush","Essence","https://phorcys-static.ewg.org/cdn-cgi/image/width=480,height=480,quality=60/https://phorcys-static.ewg.org/image/contents/856821/original.","Essence
         JUICY BOMB PARTY jelly blush, 01 Cassis Crush
      
      
        
            
              
                MODERATE HAZARD
              Data Availability: Limited","https://www.ewg.org/skindeep/products/9327595-Essence_JUICY_BOMB_PARTY_jelly_blush_01_Cassis_Crush/",": SQUALANE, OCTYLDODECANOL, RICINUS COMMUNIS (CASTOR) SEED OIL, SILICA DIMETHYL SILYLATE, SHOREA ROBUSTA RESIN, HELIANTHUS ANNUUS (SUNFLOWER) SEED OIL, DISTEARDIMONIUM HECTORITE, PARFUM (FRAGRANCE), TOCOPHEROL, PROPYLENE CARBONATE, GLYCERYL CAPRYLATE, PENTAERYTHRITYL TETRA-DI-T-BUTYL HYDROXYHYDROCINNAMATE, KAOLIN, ROSE KETONES, VANILLIN, CI 45410 (RED 27 LAKE), CI 77742 (MANGANESE VIOLET).","Blush","Essence","https://phorcys-static.ewg.org/cdn-cgi/image/width=560,height=800,quality=60/https://phorcys-static.ewg.org/image/contents/856821/original."
"1773501966-11","https://www.ewg.org/skindeep/browse/brands/12717-essence/","https://www.ewg.org/skindeep/browse/brands/12717-essence/?brand=Essence&page=33","8H Matte Liquid Lipstick, Silky Hazelnut 02","Essence","https://phorcys-static.ewg.org/cdn-cgi/image/width=480,height=480,quality=60/https://phorcys-static.ewg.org/image/contents/856782/original.","Essence
         8H Matte Liquid Lipstick, Silky Hazelnut 02
      
      
        
            
              
                MODERATE HAZARD
              Data Availability: Fair","https://www.ewg.org/skindeep/products/3148709-Essence_8H_Matte_Liquid_Lipstick_Silky_Hazelnut_02/",": ISODODECANE, TRIMETHYLSILOXYSILICATE, OCTYLDODECANOL, DIMETHICONE, TRIBEHENIN, PENTAERYTHRITYL TETRAISOSTEARATE, SILICA, MICA, KAOLIN, DIMETHICONE/VINYL DIMETHICONE CROSSPOLYMER, DISTEARDIMONIUM HECTORITE, TALC, DIISOSTEARYL MALATE, PROPYLENE CARBONATE, PENTAERYTHRITYL TETRA-DI-T-BUTYL HYDROXYHYDROCINNAMATE, PARFUM (FRAGRANCE), CI 15850 (RED 7 LAKE), CI 42090 (BLUE 1 LAKE), CI 77491 (IRON OXIDES), CI 77492 (IRON OXIDES), CI 77499 (IRON OXIDES), CI 77891 (TITANIUM DIOXIDE).","Lipstick","Essence","https://phorcys-static.ewg.org/cdn-cgi/image/width=560,height=800,quality=60/https://phorcys-static.ewg.org/image/contents/856782/original."
"1773501968-12","https://www.ewg.org/skindeep/browse/brands/12717-essence/","https://www.ewg.org/skindeep/browse/brands/12717-essence/?brand=Essence&page=33","Juicy Bomb Shiny Lipgloss 105 Bouncy Bubblegum","Essence","https://phorcys-static.ewg.org/cdn-cgi/image/width=480,height=480,quality=60/https://phorcys-static.ewg.org/image/contents/811920/original.","Essence
         Juicy Bomb Shiny Lipgloss 105 Bouncy Bubblegum
      
      
        
            
              
                MODERATE HAZARD
              Data Availability: Fair","https://www.ewg.org/skindeep/products/6350445-Essence_Juicy_Bomb_Shiny_Lipgloss_105_Bouncy_Bubblegum/","ETHYLHEXYL STEARATE, RICINUS COMMUNIS (CASTOR) SEED OIL, SILICA DIMETHYL SILYLATE, OLEIC/LINOLEIC/LINOLENIC POLYGLYCERIDES, PARFUM (FRAGRANCE), PRUNUS AMYGDALUS DULCIS (SWEET ALMOND) OIL, STEVIA REBAUDIANA EXTRACT, CALCIUM ALUMINUM BOROSILICATE, CAPRYLYL GLYCOL, TOCOPHERYLACETATE, GLYCERIN, CAPRYLHYDROXAMIC ACID, MICA, SILICA, TIN OXIDE, CI 15850 (RED 6 LAKE), CI 15850 (RED 7 LAKE), CI 42090 (BLUE 1 LAKE), CI 77891 (TITANIUM DIOXIDE).","Lip Gloss","Essence","https://phorcys-static.ewg.org/cdn-cgi/image/width=560,height=800,quality=60/https://phorcys-static.ewg.org/image/contents/811920/original."
"1773501971-13","https://www.ewg.org/skindeep/browse/brands/12717-essence/","https://www.ewg.org/skindeep/browse/brands/12717-essence/?brand=Essence&page=33","Hydra Kiss Lip Oil, Cranberry Is Back 06","Essence","https://phorcys-static.ewg.org/cdn-cgi/image/width=480,height=480,quality=60/https://phorcys-static.ewg.org/image/contents/856684/original.","Essence
         Hydra Kiss Lip Oil, Cranberry Is Back 06
      
      
        
            
              
                MODERATE HAZARD
              Data Availability: Fair","https://www.ewg.org/skindeep/products/1269480-Essence_Hydra_Kiss_Lip_Oil_Cranberry_Is_Back_06/","DIISOSTEARYL MALATE, POLYISOBUTENE, TRIDECYL TRIMELLITATE, ETHYLHEXYL PALMITATE, SILICA, SIMMONDSIA CHINENSIS (JOJOBA) SEED OIL, TOCOPHERYL ACETATE, LIMNANTHES ALBA (MEADOWFOAM) SEED OIL, HYDROLYZED SODIUM HYALURONATE, ETHYLHEXYLGLYCERIN, GLYCERYL BEHENATE, LACTIC ACID, PHENOXYETHANOL, BENZYL ALCOHOL, PARFUM (FRAGRANCE), CI 45410 (RED 27).","Lip Gloss","Essence","https://phorcys-static.ewg.org/cdn-cgi/image/width=560,height=800,quality=60/https://phorcys-static.ewg.org/image/contents/856684/original."
"1773501973-14","https://www.ewg.org/skindeep/browse/brands/12717-essence/","https://www.ewg.org/skindeep/browse/brands/12717-essence/?brand=Essence&page=33","Polly Pocket™ colour-changing blush stick","Essence","https://phorcys-static.ewg.org/cdn-cgi/image/width=480,height=480,quality=60/https://phorcys-static.ewg.org/image/contents/856654/original.","Essence
         Polly Pocket™ colour-changing blush stick
      
      
        
            
              
                MODERATE HAZARD
              Data Availability: Fair","https://www.ewg.org/skindeep/products/2127711-Essence_Polly_Pocket_colourchanging_blush_stick/","POLYBUTENE, TRIDECYL TRIMELLITATE, C12-15 ALKYL BENZOATE, ETHYLHEXYL PALMITATE, OCTYLDODECANOL, CAPRYLIC/CAPRIC TRIGLYCERIDE, DIBUTYL ETHYLHEXANOYL GLUTAMIDE, DIBUTYL LAUROYL GLUTAMIDE, ISOSTEARIC ACID, ETHYLHEXYLGLYCERIN, SILICA, PHENOXYETHANOL, PARFUM (FRAGRANCE), LIMONENE, CI 42090 (BLUE 1 LAKE), CI 45410 (RED 27 LAKE), CI 77492 (IRON OXIDES), CI 77891 (TITANIUM DIOXIDE).","Blush","Essence","https://phorcys-static.ewg.org/cdn-cgi/image/width=560,height=800,quality=60/https://phorcys-static.ewg.org/image/contents/856654/original."
"1773501976-15","https://www.ewg.org/skindeep/browse/brands/12717-essence/","https://www.ewg.org/skindeep/browse/brands/12717-essence/?brand=Essence&page=33","Hydra Kiss Lip Oil, Mocha Glow 08","Essence","https://phorcys-static.ewg.org/cdn-cgi/image/width=480,height=480,quality=60/https://phorcys-static.ewg.org/image/contents/856686/original.","Essence
         Hydra Kiss Lip Oil, Mocha Glow 08
      
      
        
            
              
                MODERATE HAZARD
              Data Availability: Fair","https://www.ewg.org/skindeep/products/7571040-Essence_Hydra_Kiss_Lip_Oil_Mocha_Glow_08/",": DIISOSTEARYL MALATE, TRIDECYL TRIMELLITATE, POLYISOBUTENE, ETHYLHEXYL PALMITATE, SILICA, SIMMONDSIA CHINENSIS (JOJOBA) SEED OIL, TOCOPHERYL ACETATE, LIMNANTHES ALBA (MEADOWFOAM) SEED OIL, HYDROLYZED SODIUM HYALURONATE, GLYCERYL BEHENATE, ETHYLHEXYLGLYCERIN, PHENOXYETHANOL, PARFUM (FRAGRANCE), LINALOOL, CITRONELLOL, LIMONENE, CITRAL, GERANIOL, CI 15850 (RED 6 LAKE), CI 19140 (YELLOW 5 LAKE), CI 42090 (BLUE 1 LAKE), CI 77491 (IRON OXIDES), CI 77492 (IRON OXIDES), CI 77499 (IRON OXIDES).","Lip Gloss","Essence","https://phorcys-static.ewg.org/cdn-cgi/image/width=560,height=800,quality=60/https://phorcys-static.ewg.org/image/contents/856686/original."
"1773501979-16","https://www.ewg.org/skindeep/browse/brands/12717-essence/","https://www.ewg.org/skindeep/browse/brands/12717-essence/?brand=Essence&page=33","Electric Glow Colour Changing Lipstick","Essence","https://phorcys-static.ewg.org/cdn-cgi/image/width=480,height=480,quality=60/https://phorcys-static.ewg.org/image/contents/702958/original.","Essence
         Electric Glow Colour Changing Lipstick
      
      
        
            
              
                MODERATE HAZARD
              Data Availability: Limited","https://www.ewg.org/skindeep/products/1061035-Essence_Electric_Glow_Colour_Changing_Lipstick/","Diisostearyl Malate, Tridecyl Trimellitate, Ethylhexyl Palmitate, Bis-Diglyceryl Polyacyladipate-2, Isononyl Isononanoate, Dibutyl Lauroyl Glutamide, Dibutyl Ethylhexanoyl Glutamide, Sodium Hyaluronate, Tocopheryl Acetate, Ethylhexylglycerin, Silica, Phenoxyethanol, Benzyl Alcohol, Parfum (Fragrance), Benzyl Benzoate, Ci 15850 (Red 7 Lake), Ci 42090 (Blue 1 Lake), Ci 45410 (Red 27 Lake), Ci 45410 (Red 28 Lake), Ci 77891 (Titanium Dioxide)","Lipstick","Essence","https://phorcys-static.ewg.org/cdn-cgi/image/width=560,height=800,quality=60/https://phorcys-static.ewg.org/image/contents/702958/original."
"1773501982-17","https://www.ewg.org/skindeep/browse/brands/12717-essence/","https://www.ewg.org/skindeep/browse/brands/12717-essence/?brand=Essence&page=33","Juicy Glow Juicy Bomb Lip Oil, Mint Magic 04","Essence","https://phorcys-static.ewg.org/cdn-cgi/image/width=480,height=480,quality=60/https://phorcys-static.ewg.org/image/contents/856795/original.","Essence
         Juicy Glow Juicy Bomb Lip Oil, Mint Magic 04
      
      
        
            
              
                MODERATE HAZARD
              Data Availability: Fair","https://www.ewg.org/skindeep/products/8833761-Essence_Juicy_Glow_Juicy_Bomb_Lip_Oil_Mint_Magic_04/",": DIISOSTEARYL MALATE, TRIDECYL TRIMELLITATE, POLYISOBUTENE, SILICA, SIMMONDSIA CHINENSIS (JOJOBA) SEED OIL, LIMNANTHES ALBA (MEADOWFOAM) SEED OIL, TOCOPHERYL ACETATE, HYDROLYZED SODIUM HYALURONATE, GLYCERYL BEHENATE, ETHYLHEXYLGLYCERIN, PHENOXYETHANOL, PARFUM (FRAGRANCE), LIMONENE, LINALOOL, EUGENOL, CI 42090 (BLUE 1 LAKE), CI 77492 (IRON OXIDES).","Lip Gloss","Essence","https://phorcys-static.ewg.org/cdn-cgi/image/width=560,height=800,quality=60/https://phorcys-static.ewg.org/image/contents/856795/original."
"1773501985-18","https://www.ewg.org/skindeep/browse/brands/12717-essence/","https://www.ewg.org/skindeep/browse/brands/12717-essence/?brand=Essence&page=33","the super peptide glossy lip treatment, 03 Toffeetastic!","Essence","https://phorcys-static.ewg.org/cdn-cgi/image/width=480,height=480,quality=60/https://phorcys-static.ewg.org/image/contents/820221/original.","Essence
         the super peptide glossy lip treatment, 03 Toffeetastic!
      
      
        
            
              
                MODERATE HAZARD
              Data Availability: Limited","https://www.ewg.org/skindeep/products/9480778-Essence_the_super_peptide_glossy_lip_treatment_03_Toffeetastic/","POLYBUTENE, BIS-DIGLYCERYL POLYACYLADIPATE-2, BUTYROSPERMUM PARKII (SHEA) BUTTER, DIMER DILINOLEYL DIMER DILINOLEATE, PENTAERYTHRITYL TETRAISOSTEARATE, SORBITAN OLIVATE, SYNTHETIC WAX, ETHYLHEXYL PALMITATE, TOCOPHERYL ACETATE, BISABOLOL, HELIANTHUS ANNUUS (SUNFLOWER) SEED OIL, CAPRYLIC/CAPRIC TRIGLYCERIDE, TOCOPHEROL, ETHYLHEXYLGLYCERIN, TRIBEHENIN, DIETHYLHEXYL SYRINGYLIDENEMALONATE, SORBITAN ISOSTEARATE, PALMITOYL TRIPEPTIDE-1, BETA-SITOSTEROL, SQUALENE, PHENOXYETHANOL, AROMA (FLAVOR), VANILLIN, CI 15850 (RED 7 LAKE), CI 42090 (BLUE 1 LAKE), CI 77491 (IRON OXIDES), CI 77492 (IRON OXIDES), CI 77891 (TITANIUM DIOXIDE).","Lip Gloss","Essence","https://phorcys-static.ewg.org/cdn-cgi/image/width=560,height=800,quality=60/https://phorcys-static.ewg.org/image/contents/820221/original."
"1773501988-19","https://www.ewg.org/skindeep/browse/brands/12717-essence/","https://www.ewg.org/skindeep/browse/brands/12717-essence/?brand=Essence&page=32","JUICY BOMB PARTY shiny lipgloss, Pretty Pitaya","Essence","https://phorcys-static.ewg.org/cdn-cgi/image/width=480,height=480,quality=60/https://phorcys-static.ewg.org/image/contents/856663/original.","Essence
         JUICY BOMB PARTY shiny lipgloss, Pretty Pitaya
      
      
        
            
              
                MODERATE HAZARD
              Data Availability: Fair","https://www.ewg.org/skindeep/products/3141988-Essence_JUICY_BOMB_PARTY_shiny_lipgloss_Pretty_Pitaya/","ETHYLHEXYL PALMITATE, POLYBUTENE, SIMMONDSIA CHINENSIS (JOJOBA) SEED OIL, ARGANIA SPINOSA KERNEL OIL, HYDROGENATED POLYISOBUTENE, SILICA DIMETHYL SILYLATE, PRUNUS AMYGDALUS DULCIS (SWEET ALMOND) OIL, TRIBEHENIN, ETHYLHEXYLGLYCERIN, PHENOXYETHANOL, PARFUM (FRAGRANCE), DIMETHYL PHENETHYL ACETATE, CINNAMYL ALCOHOL, GERANYL ACETATE, ANETHOLE, CI 45380 (RED 21 LAKE), CI 45410 (RED 27 LAKE), CI 77891 (TITANIUM DIOXIDE).","Lip Gloss","Essence","https://phorcys-static.ewg.org/cdn-cgi/image/width=560,height=800,quality=60/https://phorcys-static.ewg.org/image/contents/856663/original."
"1773501991-20","https://www.ewg.org/skindeep/browse/brands/12717-essence/","https://www.ewg.org/skindeep/browse/brands/12717-essence/?brand=Essence&page=32","Juicy Bomb Shiny Lip Gloss, 104 Poppin' Pomegranate","Essence","https://phorcys-static.ewg.org/cdn-cgi/image/width=480,height=480,quality=60/https://phorcys-static.ewg.org/image/contents/811921/original.","Essence
         Juicy Bomb Shiny Lip Gloss, 104 Poppin' Pomegranate
      
      
        
            
              
                MODERATE HAZARD
              Data Availability: Fair","https://www.ewg.org/skindeep/products/2272605-Essence_Juicy_Bomb_Shiny_Lip_Gloss_104_Poppin_Pomegranate/","ETHYLHEXYL STEARATE, RICINUS COMMUNIS (CASTOR) SEED OIL, SILICA DIMETHYL SILYLATE, OLEIC/LINOLEIC/LINOLENIC POLYGLYCERIDES, PRUNUS AMYGDALUS DULCIS (SWEET ALMOND) OIL, TOCOPHERYLACETATE, STEVIA REBAUDIANA EXTRACT, CANOLA OIL, DAUCUS CAROTA SATIVA (CARROT) SEED OIL, HELIANTHUS ANNUUS (SUNFLOWER)SEED OIL, CAPRYLYL GLYCOL, GLYCERIN, CAPRYLHYDROXAMICACID, MICA, BETA-CAROTENE, DAUCUS CAROTA SATIVA (CARROT) ROOT EXTRACT, PARFUM (FRAGRANCE), CI 15850 (RED 7 LAKE), CI 77891 (TITANIUM DIOXIDE).","Lip Gloss","Essence","https://phorcys-static.ewg.org/cdn-cgi/image/width=560,height=800,quality=60/https://phorcys-static.ewg.org/image/contents/811921/original."
"1773501993-21","https://www.ewg.org/skindeep/browse/brands/12717-essence/","https://www.ewg.org/skindeep/browse/brands/12717-essence/?brand=Essence&page=32","JUICY BOMB PARTY shiny lipgloss, Kiwi Kisses","Essence","https://phorcys-static.ewg.org/cdn-cgi/image/width=480,height=480,quality=60/https://phorcys-static.ewg.org/image/contents/856664/original.","Essence
         JUICY BOMB PARTY shiny lipgloss, Kiwi Kisses
      
      
        
            
              
                MODERATE HAZARD
              Data Availability: Fair","https://www.ewg.org/skindeep/products/9716740-Essence_JUICY_BOMB_PARTY_shiny_lipgloss_Kiwi_Kisses/","ETHYLHEXYL PALMITATE, CAPRYLIC/CAPRIC TRIGLYCERIDE, POLYBUTENE, SIMMONDSIA CHINENSIS (JOJOBA) SEED OIL, ARGANIA SPINOSA KERNEL OIL, HYDROGENATED POLYISOBUTENE, SILICA DIMETHYL SILYLATE, PRUNUS AMYGDALUS DULCIS (SWEET ALMOND) OIL, TRIBEHENIN, ETHYLHEXYLGLYCERIN, BENZYL SALICYLATE, PHENOXYETHANOL, BENZYL ALCOHOL, PARFUM (FRAGRANCE), CITRAL, CITRUS AURANTIUM PEEL OIL, LIMONENE, TERPINEOL, LINALYL ACETATE, DIMETHYL PHENETHYL ACETATE, CI 45410 (RED 27 LAKE), CI 77742 (MANGANESE VIOLET), CI 77891 (TITANIUM DIOXIDE).","Lip Gloss","Essence","https://phorcys-static.ewg.org/cdn-cgi/image/width=560,height=800,quality=60/https://phorcys-static.ewg.org/image/contents/856664/original."
"1773501996-22","https://www.ewg.org/skindeep/browse/brands/12717-essence/","https://www.ewg.org/skindeep/browse/brands/12717-essence/?brand=Essence&page=32","CHEEKY LOVE liquid blush, 01 Make Me Blush","Essence","https://phorcys-static.ewg.org/cdn-cgi/image/width=480,height=480,quality=60/https://phorcys-static.ewg.org/image/contents/820243/original.","Essence
         CHEEKY LOVE liquid blush, 01 Make Me Blush
      
      
        
            
              
                MODERATE HAZARD
              Data Availability: Fair","https://www.ewg.org/skindeep/products/6572607-Essence_CHEEKY_LOVE_liquid_blush_01_Make_Me_Blush/","AQUA (WATER), DIMETHICONE, ISOHEXADECANE, GLYCERIN, VINYL DIMETHICONE/METHICONE SILSESQUIOXANE CROSSPOLYMER, TRIDECYL TRIMELLITATE, PROPYLENE GLYCOL, MICA, ISONONYL ISONONANOATE, TRIMETHYLSILOXYSILICATE, CETYL DIGLYCERYL TRIS(TRIMETHYLSILOXY)SILYLETHYL DIMETHICONE, DISTEARDIMONIUM HECTORITE, BORON NITRIDE, SODIUM CHLORIDE, SILICA, TOCOPHERYL ACETATE, ISODODECANE, ETHYLHEXYLGLYCERIN, PHENOXYETHANOL, PARFUM (FRAGRANCE), CI 45410 (RED 28 LAKE), CI 77491 (IRON OXIDES), CI 77492 (IRON OXIDES), CI 77499 (IRON OXIDES), CI 77891 (TITANIUM DIOXIDE).","Blush","Essence","https://phorcys-static.ewg.org/cdn-cgi/image/width=560,height=800,quality=60/https://phorcys-static.ewg.org/image/contents/820243/original."
"1773501999-23","https://www.ewg.org/skindeep/browse/brands/12717-essence/","https://www.ewg.org/skindeep/browse/brands/12717-essence/?brand=Essence&page=32","So Cherry Happy Face Primer","Essence","https://phorcys-static.ewg.org/cdn-cgi/image/width=480,height=480,quality=60/https://phorcys-static.ewg.org/image/contents/820121/original.","Essence
         So Cherry Happy Face Primer
      
      
        
            
              
                MODERATE HAZARD
              Data Availability: Fair","https://www.ewg.org/skindeep/products/7089607-Essence_So_Cherry_Happy_Face_Primer/","Aqua (Water), Propanediol, Glycerin, Butylene Glycol, Aloe Barbadensis Leaf Extract, Hydrogenated Coco-Glycerides, Arginine, Panthenol, Cucumis Sativus (Cucumber) Fruit Extract, Isononyl Isononanoate, Hydroxyacetophenone, Agar, Xanthan Gum, Acrylates/C10-30 Alkyl Acrylate Crosspolymer, Niacinamide, PPG-26-Buteth-26, Acacia Senegal Gum, Ethylhexylglycerin, Peg-40 Hydrogenated Castor Oil, Polyacrylate Crosspolymer-6, Disodium Edta, Citric Acid, Phenoxyethanol, Potassium Sorbate, Sodium Benzoate, Sodium Sulfite, Parfum (Fragrance), CI 73360 (Red 30 Lake).","Makeup Primer","Essence","https://phorcys-static.ewg.org/cdn-cgi/image/width=560,height=800,quality=60/https://phorcys-static.ewg.org/image/contents/820121/original."
"1773502002-24","https://www.ewg.org/skindeep/browse/brands/12717-essence/","https://www.ewg.org/skindeep/browse/brands/12717-essence/?brand=Essence&page=32","What A Tint! Lip & Cheek Tint, Coral Sunset 02","Essence","https://phorcys-static.ewg.org/cdn-cgi/image/width=480,height=480,quality=60/https://phorcys-static.ewg.org/image/contents/856689/original.","Essence
         What A Tint! Lip & Cheek Tint, Coral Sunset 02
      
      
        
            
              
                MODERATE HAZARD
              Data Availability: Fair","https://www.ewg.org/skindeep/products/4524809-Essence_What_A_Tint_Lip__Cheek_Tint_Coral_Sunset_02/",": AQUA (WATER), PROPANEDIOL, BUTYLENE GLYCOL, BETAINE, GLYCERIN, PANTHENOL, PARFUM (FRAGRANCE), SODIUM HYALURONATE, PROPYLENE GLYCOL, ETHYLHEXYLGLYCERIN, POLYACRYLATE CROSSPOLYMER-6, VACCINIUM VITIS-IDAEA FRUIT EXTRACT, LACTIC ACID, SODIUM HYDROXIDE, CITRIC ACID, PHENOXYETHANOL, CI 16035 (RED 40), CI 45410 (RED 28).","Blush","Essence","https://phorcys-static.ewg.org/cdn-cgi/image/width=560,height=800,quality=60/https://phorcys-static.ewg.org/image/contents/856689/original."
"1773502004-25","https://www.ewg.org/skindeep/browse/brands/12717-essence/","https://www.ewg.org/skindeep/browse/brands/12717-essence/?brand=Essence&page=32","what the fake! EXTREME PLUMPING LIP FILLER, Pepper Me Up! 03","Essence","https://phorcys-static.ewg.org/cdn-cgi/image/width=480,height=480,quality=60/https://phorcys-static.ewg.org/image/contents/856776/original.","Essence
         what the fake! EXTREME PLUMPING LIP FILLER, Pepper Me Up! 03
      
      
        
            
              
                MODERATE HAZARD
              Data Availability: Limited","https://www.ewg.org/skindeep/products/3366995-Essence_what_the_fake_EXTREME_PLUMPING_LIP_FILLER_Pepper_Me_Up_03/",": BIS-DIGLYCERYL POLYACYLADIPATE-2, TRIDECYL TRIMELLITATE, POLYISOBUTENE, DIISOSTEARYL MALATE, SYNTHETIC WAX, DIPENTAERYTHRITYL HEXAHYDROXYSTEARATE/HEXASTEARATE/HEXAROSINATE, SILICA, GLYCERYL BEHENATE/EICOSADIOATE, LIMNANTHES ALBA (MEADOWFOAM) SEED OIL, PIPER NIGRUM (PEPPER) FRUIT OIL, TOCOPHERYL ACETATE, HYDROLYZED SODIUM HYALURONATE, ETHYL MENTHANE CARBOXAMIDE, VANILLYL BUTYL ETHER, CAPSAICIN, GLYCERYL BEHENATE, MICA, ETHYLHEXYLGLYCERIN, LACTIC ACID, PHENOXYETHANOL, PARFUM (FRAGRANCE), TIN OXIDE, CI 45410 (RED 27), CI 77499 (IRON OXIDES), CI 77891 (TITANIUM DIOXIDE).","Lip Plumper","Essence","https://phorcys-static.ewg.org/cdn-cgi/image/width=560,height=800,quality=60/https://phorcys-static.ewg.org/image/contents/856776/original."
"1773502007-26","https://www.ewg.org/skindeep/browse/brands/12717-essence/","https://www.ewg.org/skindeep/browse/brands/12717-essence/?brand=Essence&page=32","Lip Care Booster Lip Serum, 10% Peach Oil","Essence","https://phorcys-static.ewg.org/cdn-cgi/image/width=480,height=480,quality=60/https://phorcys-static.ewg.org/image/contents/708958/original.","Essence
         Lip Care Booster Lip Serum, 10% Peach Oil
      
      
        
            
              
                MODERATE HAZARD
              Data Availability: Fair","https://www.ewg.org/skindeep/products/1068275-Essence_Lip_Care_Booster_Lip_Serum_10_Peach_Oil/","ETHYLHEXYL STEARATE, RICINUS COMMUNIS (CASTOR) SEED OIL, PRUNUS PERSICA (PEACH) KERNEL OIL, SILICA DIMETHYL SILYLATE, OLEIC/LINOLEIC/LINOLENIC POLYGLYCERIDES, TOCOPHERYL ACETATE, CANOLA OIL, SODIUM HYALURONATE, DAUCUS CAROTA SATIVA (CARROT) SEED OIL, HELIANTHUS ANNUUS (SUNFLOWER) SEED OIL, PHENYLPROPANOL, HYDROGENATED CASTOR OIL, GLYCERIN, BETA-CAROTENE, DAUCUS CAROTA SATIVA (CARROT) ROOT EXTRACT, ALUMINA, PARFUM (FRAGRANCE), LIMONENE, LINALOOL, CITRONELLOL, CI 15850 (RED 6 LAKE), CI 77891 (TITANIUM DIOXIDE)","Lip Plumper","","https://phorcys-static.ewg.org/cdn-cgi/image/width=560,height=800,quality=60/https://phorcys-static.ewg.org/image/contents/708958/original."
"1773502010-27","https://www.ewg.org/skindeep/browse/brands/12717-essence/","https://www.ewg.org/skindeep/browse/brands/12717-essence/?brand=Essence&page=32","Hydra Kiss Lip Oil, Kiss From A Rose 01","Essence","https://phorcys-static.ewg.org/cdn-cgi/image/width=480,height=480,quality=60/https://phorcys-static.ewg.org/image/contents/856794/original.","Essence
         Hydra Kiss Lip Oil, Kiss From A Rose 01
      
      
        
            
              
                MODERATE HAZARD
              Data Availability: Fair","https://www.ewg.org/skindeep/products/3257783-Essence_Hydra_Kiss_Lip_Oil_Kiss_From_A_Rose_01/",": DIISOSTEARYL MALATE, TRIDECYL TRIMELLITATE, POLYISOBUTENE, SILICA, SIMMONDSIA CHINENSIS (JOJOBA) SEED OIL, LIMNANTHES ALBA (MEADOWFOAM) SEED OIL, TOCOPHERYL ACETATE, HYDROLYZED SODIUM HYALURONATE, GLYCERYL BEHENATE, ETHYLHEXYLGLYCERIN, PHENOXYETHANOL, PARFUM (FRAGRANCE), LINALOOL, CITRONELLOL, LIMONENE, MAY CONTAIN/[+/-]: CI 15850 (RED 6 LAKE), CI 42090 (BLUE 1 LAKE), CI 45410 (RED 28 LAKE).","Lip Gloss","Essence","https://phorcys-static.ewg.org/cdn-cgi/image/width=560,height=800,quality=60/https://phorcys-static.ewg.org/image/contents/856794/original."
"1773502013-28","https://www.ewg.org/skindeep/browse/brands/12717-essence/","https://www.ewg.org/skindeep/browse/brands/12717-essence/?brand=Essence&page=32","8H Matte Liquid Lipstick, Dark Berry 08","Essence","https://phorcys-static.ewg.org/cdn-cgi/image/width=480,height=480,quality=60/https://phorcys-static.ewg.org/image/contents/856788/original.","Essence
         8H Matte Liquid Lipstick, Dark Berry 08
      
      
        
            
              
                MODERATE HAZARD
              Data Availability: Fair","https://www.ewg.org/skindeep/products/9870914-Essence_8H_Matte_Liquid_Lipstick_Dark_Berry_08/",": ISODODECANE, TRIMETHYLSILOXYSILICATE, OCTYLDODECANOL, DIMETHICONE, TRIBEHENIN, PENTAERYTHRITYL TETRAISOSTEARATE, SILICA, MICA, KAOLIN, DIMETHICONE/VINYL DIMETHICONE CROSSPOLYMER, DISTEARDIMONIUM HECTORITE, TALC, PROPYLENE CARBONATE, DIISOSTEARYL MALATE, PENTAERYTHRITYL TETRA-DI-T-BUTYL HYDROXYHYDROCINNAMATE, PARFUM (FRAGRANCE), CI 15850 (RED 7 LAKE), CI 42090 (BLUE 1 LAKE), CI 77491 (IRON OXIDES), CI 77492 (IRON OXIDES), CI 77891 (TITANIUM DIOXIDE).","Lipstick","Essence","https://phorcys-static.ewg.org/cdn-cgi/image/width=560,height=800,quality=60/https://phorcys-static.ewg.org/image/contents/856788/original."
"1773502016-29","https://www.ewg.org/skindeep/browse/brands/12717-essence/","https://www.ewg.org/skindeep/browse/brands/12717-essence/?brand=Essence&page=32","the super peptide glossy lip treatment, 02 Pinkified!","Essence","https://phorcys-static.ewg.org/cdn-cgi/image/width=480,height=480,quality=60/https://phorcys-static.ewg.org/image/contents/820224/original.","Essence
         the super peptide glossy lip treatment, 02 Pinkified!
      
      
        
            
              
                MODERATE HAZARD
              Data Availability: Limited","https://www.ewg.org/skindeep/products/7931874-Essence_the_super_peptide_glossy_lip_treatment_02_Pinkified/","POLYBUTENE, BIS-DIGLYCERYL POLYACYLADIPATE-2, BUTYROSPERMUM PARKII (SHEA) BUTTER, DIMER DILINOLEYL DIMER DILINOLEATE, PENTAERYTHRITYL TETRAISOSTEARATE, SORBITAN OLIVATE, SYNTHETIC WAX, ETHYLHEXYL PALMITATE, TOCOPHERYL ACETATE, BISABOLOL, HELIANTHUS ANNUUS (SUNFLOWER) SEED OIL, TOCOPHEROL, CAPRYLIC/CAPRIC TRIGLYCERIDE, ETHYLHEXYLGLYCERIN, TRIBEHENIN, DIETHYLHEXYL SYRINGYLIDENEMALONATE, SORBITAN ISOSTEARATE, PALMITOYL TRIPEPTIDE-1, BETA-SITOSTEROL, SQUALENE, PHENOXYETHANOL, AROMA (FLAVOR), VANILLIN, CI 15850 (RED 7 LAKE), CI 77492 (IRON OXIDES), CI 77742 (MANGANESE VIOLET), CI 77891 (TITANIUM DIOXIDE).","Lip Balm","Essence","https://phorcys-static.ewg.org/cdn-cgi/image/width=560,height=800,quality=60/https://phorcys-static.ewg.org/image/contents/820224/original."
"1773502019-30","https://www.ewg.org/skindeep/browse/brands/12717-essence/","https://www.ewg.org/skindeep/browse/brands/12717-essence/?brand=Essence&page=32","the super peptide glossy lip treatment, 04 Coralized!","Essence","https://phorcys-static.ewg.org/cdn-cgi/image/width=480,height=480,quality=60/https://phorcys-static.ewg.org/image/contents/820222/original.","Essence
         the super peptide glossy lip treatment, 04 Coralized!
      
      
        
            
              
                MODERATE HAZARD
              Data Availability: Limited","https://www.ewg.org/skindeep/products/7002034-Essence_the_super_peptide_glossy_lip_treatment_04_Coralized/","POLYBUTENE, BIS-DIGLYCERYL POLYACYLADIPATE-2, BUTYROSPERMUM PARKII (SHEA) BUTTER, DIMER DILINOLEYL DIMER DILINOLEATE, PENTAERYTHRITYL TETRAISOSTEARATE, SORBITAN OLIVATE, SYNTHETIC WAX, ETHYLHEXYL PALMITATE, TOCOPHERYL ACETATE, BISABOLOL, HELIANTHUS ANNUUS (SUNFLOWER) SEED OIL, TOCOPHEROL, CAPRYLIC/CAPRIC TRIGLYCERIDE, ETHYLHEXYLGLYCERIN, TRIBEHENIN, DIETHYLHEXYL SYRINGYLIDENEMALONATE, SORBITAN ISOSTEARATE, PALMITOYL TRIPEPTIDE-1, BETA-SITOSTEROL, SQUALENE, PHENOXYETHANOL, AROMA (FLAVOR), VANILLIN, CI 15850 (RED 6), CI 15850 (RED 7 LAKE), CI 77891 (TITANIUM DIOXIDE).","Lip Gloss","Essence","https://phorcys-static.ewg.org/cdn-cgi/image/width=560,height=800,quality=60/https://phorcys-static.ewg.org/image/contents/820222/original."
"1773502022-31","https://www.ewg.org/skindeep/browse/brands/12717-essence/","https://www.ewg.org/skindeep/browse/brands/12717-essence/?brand=Essence&page=31","Lash Princess Mascara Primer Extra Length & Volume, mint green","Essence","https://phorcys-static.ewg.org/cdn-cgi/image/width=480,height=480,quality=60/https://phorcys-static.ewg.org/image/contents/856704/original.","Essence
         Lash Princess Mascara Primer Extra Length & Volume, mint green
      
      
        
            
              
                MODERATE HAZARD
              Data Availability: Fair","https://www.ewg.org/skindeep/products/6990891-Essence_Lash_Princess_Mascara_Primer_Extra_Length__Volume_mint_green/","AQUA (WATER), SYNTHETIC BEESWAX, COPERNICIA CERIFERA CERA (COPERNICIA CERIFERA (CARNAUBA) WAX), ACACIA SENEGAL GUM, GLYCERYL STEARATE, STEARIC ACID, TALC, PALMITIC ACID, BUTYLENE GLYCOL, HYDROGENATED CASTOR OIL/SEBACIC ACID COPOLYMER, OLEIC/LINOLEIC/LINOLENIC POLYGLYCERIDES, AMINOMETHYL PROPANOL, HYDROGENATED COCONUT OIL, PANTHENOL, GARDENIA TAITENSIS FLOWER, TOCOPHEROL, HYDROGENATED CASTOR OIL, HYDROXYETHYLCELLULOSE, POLYLACTIC ACID, ETHYLHEXYLGLYCERIN, METHYLPROPANEDIOL, LAURIC ACID, LAURYL ALCOHOL DIPHOSPHONIC ACID, SILICA, DISODIUM PHOSPHATE, POLYSORBATE 60, SODIUM PHOSPHATE, PHENOXYETHANOL, PARFUM (FRAGRANCE), LINALOOL, CI 19140 (YELLOW 5 LAKE), CI 42090 (BLUE 1 LAKE), CI 77891 (TITANIUM DIOXIDE).","Mascara","Essence","https://phorcys-static.ewg.org/cdn-cgi/image/width=560,height=800,quality=60/https://phorcys-static.ewg.org/image/contents/856704/original."
"1773502025-32","https://www.ewg.org/skindeep/browse/brands/12717-essence/","https://www.ewg.org/skindeep/browse/brands/12717-essence/?brand=Essence&page=31","what the fake! EXTREME PLUMPING LIP FILLER, extreme plumping 01","Essence","https://phorcys-static.ewg.org/cdn-cgi/image/width=480,height=480,quality=60/https://phorcys-static.ewg.org/image/contents/856802/original.","Essence
         what the fake! EXTREME PLUMPING LIP FILLER, extreme plumping 01
      
      
        
            
              
                MODERATE HAZARD
              Data Availability: Limited","https://www.ewg.org/skindeep/products/8432079-Essence_what_the_fake_EXTREME_PLUMPING_LIP_FILLER_extreme_plumping_01/",": BIS-DIGLYCERYL POLYACYLADIPATE-2, POLYISOBUTENE, TRIDECYL TRIMELLITATE, DIISOSTEARYL MALATE, HYDROGENATED MICROCRYSTALLINE WAX, DIPENTAERYTHRITYL HEXAHYDROXYSTEARATE/HEXASTEARATE/HEXAROSINATE, SILICA, GLYCERYL BEHENATE/EICOSADIOATE, VANILLYL BUTYL ETHER, CAPSAICIN, SODIUM HYALURONATE, TOCOPHERYL ACETATE, ETHYL MENTHANE CARBOXAMIDE, ETHYLHEXYLGLYCERIN, LACTIC ACID, PHENOXYETHANOL, PARFUM (FRAGRANCE), BENZYL BENZOATE, LIMONENE, CI 15850 (RED 6 LAKE), CI 15850 (RED 7 LAKE), CI 45410 (RED 27 LAKE), CI 45410 (RED 28 LAKE).","Lip Plumper","Essence","https://phorcys-static.ewg.org/cdn-cgi/image/width=560,height=800,quality=60/https://phorcys-static.ewg.org/image/contents/856802/original."
"1773502028-33","https://www.ewg.org/skindeep/browse/brands/12717-essence/","https://www.ewg.org/skindeep/browse/brands/12717-essence/?brand=Essence&page=31","8H Matte Liquid Lipstick, Pink Blush 05","Essence","https://phorcys-static.ewg.org/cdn-cgi/image/width=480,height=480,quality=60/https://phorcys-static.ewg.org/image/contents/856785/original.","Essence
         8H Matte Liquid Lipstick, Pink Blush 05
      
      
        
            
              
                MODERATE HAZARD
              Data Availability: Fair","https://www.ewg.org/skindeep/products/80796-Essence_8H_Matte_Liquid_Lipstick_Pink_Blush_05/",": ISODODECANE, TRIMETHYLSILOXYSILICATE, OCTYLDODECANOL, DIMETHICONE, TRIBEHENIN, PENTAERYTHRITYL TETRAISOSTEARATE, SILICA, MICA, KAOLIN, DIMETHICONE/VINYL DIMETHICONE CROSSPOLYMER, DISTEARDIMONIUM HECTORITE, TALC, DIISOSTEARYL MALATE, PROPYLENE CARBONATE, PENTAERYTHRITYL TETRA-DI-T-BUTYL HYDROXYHYDROCINNAMATE, PARFUM (FRAGRANCE), CI 15850 (RED 7 LAKE), CI 42090 (BLUE 1 LAKE), CI 77491 (IRON OXIDES), CI 77492 (IRON OXIDES), CI 77499 (IRON OXIDES), CI 77891 (TITANIUM DIOXIDE).","Lipstick","Essence","https://phorcys-static.ewg.org/cdn-cgi/image/width=560,height=800,quality=60/https://phorcys-static.ewg.org/image/contents/856785/original."
"1773502031-34","https://www.ewg.org/skindeep/browse/brands/12717-essence/","https://www.ewg.org/skindeep/browse/brands/12717-essence/?brand=Essence&page=31","JUICY BOMB Shiny Lipgloss, I'm Allergic To Color 13","Essence","https://phorcys-static.ewg.org/cdn-cgi/image/width=480,height=480,quality=60/https://phorcys-static.ewg.org/image/contents/856792/original.","Essence
         JUICY BOMB Shiny Lipgloss, I'm Allergic To Color 13
      
      
        
            
              
                MODERATE HAZARD
              Data Availability: Fair","https://www.ewg.org/skindeep/products/5884242-Essence_JUICY_BOMB_Shiny_Lipgloss_Im_Allergic_To_Color_13/",": ETHYLHEXYL STEARATE, RICINUS COMMUNIS (CASTOR) SEED OIL, SILICA DIMETHYL SILYLATE, OLEIC/LINOLEIC/LINOLENIC POLYGLYCERIDES, PRUNUS AMYGDALUS DULCIS (SWEET ALMOND) OIL, STEVIA REBAUDIANA EXTRACT, TOCOPHERYL ACETATE, CAPRYLYL GLYCOL, ETHYLHEXYL PALMITATE, CAPRYLHYDROXAMIC ACID, GLYCERIN, CALCIUM ALUMINUM BOROSILICATE, SILICA, PARFUM (FRAGRANCE), TIN OXIDE, CI 45410 (RED 27), CI 77499 (IRON OXIDES), CI 77891 (TITANIUM DIOXIDE).","Lip Gloss","Essence","https://phorcys-static.ewg.org/cdn-cgi/image/width=560,height=800,quality=60/https://phorcys-static.ewg.org/image/contents/856792/original."
"1773502033-35","https://www.ewg.org/skindeep/browse/brands/12717-essence/","https://www.ewg.org/skindeep/browse/brands/12717-essence/?brand=Essence&page=31","BIRTHDAY BOMB shiny lipgloss","Essence","https://phorcys-static.ewg.org/cdn-cgi/image/width=480,height=480,quality=60/https://phorcys-static.ewg.org/image/contents/856677/original.","Essence
         BIRTHDAY BOMB shiny lipgloss
      
      
        
            
              
                MODERATE HAZARD
              Data Availability: Fair","https://www.ewg.org/skindeep/products/6099168-Essence_BIRTHDAY_BOMB_shiny_lipgloss/","ETHYLHEXYL STEARATE, RICINUS COMMUNIS (CASTOR) SEED OIL, SILICA DIMETHYL SILYLATE, POLYGLYCERYL-2 ISOSTEARATE/DIMER DILINOLEATE COPOLYMER, PARFUM (FRAGRANCE), PRUNUS AMYGDALUS DULCIS (SWEET ALMOND) OIL, STEVIA REBAUDIANA EXTRACT, TOCOPHERYL ACETATE, CALCIUM SODIUM BOROSILICATE, PHENYLPROPANOL, SYNTHETIC FLUORPHLOGOPITE, GLYCERIN, ALUMINA, BENZYL ALCOHOL, VANILLIN, TIN OXIDE, CI 77891 (TITANIUM DIOXIDE).","Lip Gloss","Essence","https://phorcys-static.ewg.org/cdn-cgi/image/width=560,height=800,quality=60/https://phorcys-static.ewg.org/image/contents/856677/original."
"1773502036-36","https://www.ewg.org/skindeep/browse/brands/12717-essence/","https://www.ewg.org/skindeep/browse/brands/12717-essence/?brand=Essence&page=31","What the Fake! Extreme Plumping Lip Filler, Chili Extract","Essence","https://phorcys-static.ewg.org/cdn-cgi/image/width=480,height=480,quality=60/https://phorcys-static.ewg.org/image/contents/633497/original.","Essence
         What the Fake! Extreme Plumping Lip Filler, Chili Extract
      
      
        
            
              
                MODERATE HAZARD
              Data Availability: Limited","https://www.ewg.org/skindeep/products/1006633-Essence_What_the_Fake_Extreme_Plumping_Lip_Filler_Chili_Extract/","BIS-DIGLYCERYL POLYACYLADIPATE-2, POLYISOBUTENE, TRIDECYL TRIMELLITATE, DIISOSTEARYL MALATE, HYDROGENATED MICROCRYSTALLINE WAX, DIPENTAERYTHRITYL HEXAHYDROXYSTEARATE/ HEXASTEARATE/HEXAROSINATE, SILICA, GLYCERYL BEHENATE/EICOSADIOATE, VANILLYL BUTYL ETHER, CAPSAICIN, SODIUM HYALURONATE, TOCOPHERYL ACETATE, ETHYL MENTHANE CARBOXAMIDE, ETHYLHEXYLGLYCERIN, LACTIC ACID, PHENOXYETHANOL, PARFUM (FRAGRANCE), BENZYL BENZOATE, LIMONENE, CI 15850 (RED 6 LAKE), CI 15850 (RED 7 LAKE), CI 45410 (RED 27 LAKE), CI 45410 (RED 28 LAKE)","Lip Plumper","Essence","https://phorcys-static.ewg.org/cdn-cgi/image/width=560,height=800,quality=60/https://phorcys-static.ewg.org/image/contents/633497/original."
"1773502039-37","https://www.ewg.org/skindeep/browse/brands/12717-essence/","https://www.ewg.org/skindeep/browse/brands/12717-essence/?brand=Essence&page=31","Hydra Kiss Lip Oil, Pink Champagne 03","Essence","https://phorcys-static.ewg.org/cdn-cgi/image/width=480,height=480,quality=60/https://phorcys-static.ewg.org/image/contents/851620/original.","Essence
         Hydra Kiss Lip Oil, Pink Champagne 03
      
      
        
            
              
                MODERATE HAZARD
              Data Availability: Fair","https://www.ewg.org/skindeep/products/8055138-Essence_Hydra_Kiss_Lip_Oil_Pink_Champagne_03/","DIISOSTEARYL MALATE, TRIDECYL TRIMELLITATE, POLYISOBUTENE, SILICA, SIMMONDSIA CHINENSIS (JOJOBA)SEED OIL, LIMNANTHES ALBA (MEADOWFOAM) SEED OIL, TOCOPHERYL ACETATE, HYDROLYZEDSODIUM HYALURONATE, GLYCERYL BEHENATE, ETHYLHEXYLGLYCERIN, PHENOXYETHANOL, PARFUM(FRAGRANCE), LINALOOL, CITRONELLOL, LIMONENE, MAY CONTAIN/[+/-]: CI 15850 (RED 6 LAKE), CI15850 (RED 7 LAKE), CI 42090 (BLUE 1 LAKE), CI 45410 (RED 28 LAKE).","Lip Gloss","Essence","https://phorcys-static.ewg.org/cdn-cgi/image/width=560,height=800,quality=60/https://phorcys-static.ewg.org/image/contents/851620/original."
"1773502042-38","https://www.ewg.org/skindeep/browse/brands/12717-essence/","https://www.ewg.org/skindeep/browse/brands/12717-essence/?brand=Essence&page=31","JUICY BOMB PARTY jelly blush, Peach Passion","Essence","https://phorcys-static.ewg.org/cdn-cgi/image/width=480,height=480,quality=60/https://phorcys-static.ewg.org/image/contents/856672/original.","Essence
         JUICY BOMB PARTY jelly blush, Peach Passion
      
      
        
            
              
                MODERATE HAZARD
              Data Availability: Limited","https://www.ewg.org/skindeep/products/6070133-Essence_JUICY_BOMB_PARTY_jelly_blush_Peach_Passion/","SQUALANE, OCTYLDODECANOL, RICINUS COMMUNIS (CASTOR) SEED OIL, SILICA DIMETHYL SILYLATE, SHOREA ROBUSTA RESIN, HELIANTHUS ANNUUS (SUNFLOWER) SEED OIL, DISTEARDIMONIUM HECTORITE, TOCOPHEROL, PROPYLENE CARBONATE, GLYCERYL CAPRYLATE, PENTAERYTHRITYL TETRA-DI-T-BUTYL HYDROXYHYDROCINNAMATE, BENZYL ALCOHOL, AROMA (FLAVOR), LINALOOL, CI 15850 (RED 6 LAKE), CI 77891 (TITANIUM DIOXIDE).","Blush","Essence","https://phorcys-static.ewg.org/cdn-cgi/image/width=560,height=800,quality=60/https://phorcys-static.ewg.org/image/contents/856672/original."
"1773502045-39","https://www.ewg.org/skindeep/browse/brands/12717-essence/","https://www.ewg.org/skindeep/browse/brands/12717-essence/?brand=Essence&page=31","JUICY BOMB Shiny Lipgloss, Proud Papaya 103","Essence","https://phorcys-static.ewg.org/cdn-cgi/image/width=480,height=480,quality=60/https://phorcys-static.ewg.org/image/contents/856790/original.","Essence
         JUICY BOMB Shiny Lipgloss, Proud Papaya 103
      
      
        
            
              
                MODERATE HAZARD
              Data Availability: Fair","https://www.ewg.org/skindeep/products/4286009-Essence_JUICY_BOMB_Shiny_Lipgloss_Proud_Papaya_103/","ETHYLHEXYL STEARATE, RICINUS COMMUNIS (CASTOR) SEED OIL, SILICA DIMETHYL SILYLATE, OLEIC/LINOLEIC/LINOLENIC POLYGLYCERIDES, PARFUM (FRAGRANCE), PRUNUS AMYGDALUS DULCIS (SWEET ALMOND) OIL, STEVIA REBAUDIANA EXTRACT, CAPRYLYL GLYCOL, TOCOPHERYL ACETATE, MICA, GLYCERIN, CAPRYLHYDROXAMIC ACID, LIMONENE, CITRONELLOL, BENZYL BENZOATE, CI 15850 (RED 6 LAKE), CI 77491 (IRON OXIDES), CI 77891 (TITANIUM DIOXIDE).","Lip Gloss","Essence","https://phorcys-static.ewg.org/cdn-cgi/image/width=560,height=800,quality=60/https://phorcys-static.ewg.org/image/contents/856790/original."
"1773502047-40","https://www.ewg.org/skindeep/browse/brands/12717-essence/","https://www.ewg.org/skindeep/browse/brands/12717-essence/?brand=Essence&page=31","JUICY BOMB PARTY jelly blush, Cassis Crush","Essence","https://phorcys-static.ewg.org/cdn-cgi/image/width=480,height=480,quality=60/https://phorcys-static.ewg.org/image/contents/856670/original.","Essence
         JUICY BOMB PARTY jelly blush, Cassis Crush
      
      
        
            
              
                MODERATE HAZARD
              Data Availability: Limited","https://www.ewg.org/skindeep/products/3654663-Essence_JUICY_BOMB_PARTY_jelly_blush_Cassis_Crush/","SQUALANE, OCTYLDODECANOL, RICINUS COMMUNIS (CASTOR) SEED OIL, SILICA DIMETHYL SILYLATE, SHOREA ROBUSTA RESIN, HELIANTHUS ANNUUS (SUNFLOWER) SEED OIL, DISTEARDIMONIUM HECTORITE, PARFUM (FRAGRANCE), TOCOPHEROL, PROPYLENE CARBONATE, GLYCERYL CAPRYLATE, PENTAERYTHRITYL TETRA-DI-T-BUTYL HYDROXYHYDROCINNAMATE, KAOLIN, ROSE KETONES, VANILLIN, CI 45410 (RED 27 LAKE), CI 77742 (MANGANESE VIOLET).","Blush","Essence","https://phorcys-static.ewg.org/cdn-cgi/image/width=560,height=800,quality=60/https://phorcys-static.ewg.org/image/contents/856670/original."
"1773502050-41","https://www.ewg.org/skindeep/browse/brands/12717-essence/","https://www.ewg.org/skindeep/browse/brands/12717-essence/?brand=Essence&page=31","Eyeshadow Palette, Bronzed This Way","Essence","https://phorcys-static.ewg.org/cdn-cgi/image/width=480,height=480,quality=60/https://phorcys-static.ewg.org/image/contents/594731/original.","Essence
         Eyeshadow Palette, Bronzed This Way
      
      
        
            
              
                MODERATE HAZARD
              Data Availability: Fair","https://www.ewg.org/skindeep/products/963465-Essence_Eyeshadow_Palette_Bronzed_This_Way/","TALC, MICA, SILICA, MAGNESIUM STEARATE, DIMETHICONE, HYDROGENATED POLYISOBUTENE, POLYBUTENE, BIS-DIGLYCERYL POLYACYLADIPATE-2, TOCOPHERYL ACETATE, ETHYLHEXYLGLYCERIN, PHENOXYETHANOL, PARFUM (FRAGRANCE), BENZYL ALCOHOL, BENZYL BENZOATE, BENZYL SALICYLATE, HEXYL CINNAMAL, HYDROXYCITRONELLAL, MAY CONTAIN/[+/-]: CI 77491, CI 77492, CI 77499 (IRON OXIDES), CI 77891 (TITANIUM DIOXIDE). AND INGREDIENTS: MICA, DIMETHICONE, MAGNESIUM STEARATE, TRIMETHYLSILOXYSILICATE, DISILOXANE, DIMETHICONE/VINYL DIMETHICONE CROSSPOLYMER, TOCOPHERYL ACETATE, ETHYLHEXYLGLYCERIN, PHENOXYETHANOL, PARFUM (FRAGRANCE), BENZYL ALCOHOL, BENZYL BENZOATE, BENZYL SALICYLATE, HEXYL CINNAMAL, HYDROXYCITRONELLAL, MAY CONTAIN/[+/-]: CI 77491, CI 77492, CI 77499 (IRON OXIDES), CI 77891 (TITANIUM DIOXIDE). AND INGREDIENTS: MICA, DIMETHICONE, SILICA, MAGNESIUM STEARATE, TRIMETHYLSILOXYSILICATE, DISILOXANE, DIMETHICONE/VINYL DIMETHICONE CROSSPOLYMER, TOCOPHERYL ACETATE, ETHYLHEXYLGLYCERIN, PHENOXYETHANOL, PARFUM (FRAGRANCE), BENZYL ALCOHOL, BENZYL BENZOATE, BENZYL SALICYLATE, HEXYL CINNAMAL, HYDROXYCITRONELLAL, CI 77491, CI 77492, CI 77499 (IRON OXIDES), CI 77891 (TITANIUM DIOXIDE).","Eye Shadow","Essence","https://phorcys-static.ewg.org/cdn-cgi/image/width=560,height=800,quality=60/https://phorcys-static.ewg.org/image/contents/594731/original."
"1773502053-42","https://www.ewg.org/skindeep/browse/brands/12717-essence/","https://www.ewg.org/skindeep/browse/brands/12717-essence/?brand=Essence&page=31","Hydra Kiss Lip Oil, Honey, Honey 02","Essence","https://phorcys-static.ewg.org/cdn-cgi/image/width=480,height=480,quality=60/https://phorcys-static.ewg.org/image/contents/856680/original.","Essence
         Hydra Kiss Lip Oil, Honey, Honey 02
      
      
        
            
              
                MODERATE HAZARD
              Data Availability: Fair","https://www.ewg.org/skindeep/products/9512885-Essence_Hydra_Kiss_Lip_Oil_Honey_Honey_02/",": DIISOSTEARYL MALATE, TRIDECYL TRIMELLITATE, POLYISOBUTENE, SILICA, SIMMONDSIA CHINENSIS (JOJOBA) SEED OIL, LIMNANTHES ALBA (MEADOWFOAM) SEED OIL, TOCOPHERYL ACETATE, HYDROLYZED SODIUM HYALURONATE, GLYCERYL BEHENATE, ETHYLHEXYLGLYCERIN, PHENOXYETHANOL, PARFUM (FRAGRANCE), LINALOOL, CITRONELLOL, LIMONENE, MAY CONTAIN/[+/-]: CI 15985 (YELLOW 6 LAKE), CI 19140 (YELLOW 5 LAKE), CI 15850 (RED 6 LAKE).","Lip Gloss","Essence","https://phorcys-static.ewg.org/cdn-cgi/image/width=560,height=800,quality=60/https://phorcys-static.ewg.org/image/contents/856680/original."
"1773502056-43","https://www.ewg.org/skindeep/browse/brands/12717-essence/","https://www.ewg.org/skindeep/browse/brands/12717-essence/?brand=Essence&page=30","8H Matte Liquid Lipstick, Soft Beige 03","Essence","https://phorcys-static.ewg.org/cdn-cgi/image/width=480,height=480,quality=60/https://phorcys-static.ewg.org/image/contents/856783/original.","Essence
         8H Matte Liquid Lipstick, Soft Beige 03
      
      
        
            
              
                MODERATE HAZARD
              Data Availability: Fair","https://www.ewg.org/skindeep/products/7577354-Essence_8H_Matte_Liquid_Lipstick_Soft_Beige_03/",": ISODODECANE, TRIMETHYLSILOXYSILICATE, OCTYLDODECANOL, DIMETHICONE, TRIBEHENIN, PENTAERYTHRITYL TETRAISOSTEARATE, SILICA, MICA, KAOLIN, DIMETHICONE/VINYL DIMETHICONE CROSSPOLYMER, DISTEARDIMONIUM HECTORITE, TALC, DIISOSTEARYL MALATE, PROPYLENE CARBONATE, PENTAERYTHRITYL TETRA-DI-T-BUTYL HYDROXYHYDROCINNAMATE, PARFUM (FRAGRANCE), CI 15850 (RED 7 LAKE), CI 42090 (BLUE 1 LAKE), CI 77491 (IRON OXIDES), CI 77492 (IRON OXIDES), CI 77891 (TITANIUM DIOXIDE).","Lipstick","Essence","https://phorcys-static.ewg.org/cdn-cgi/image/width=560,height=800,quality=60/https://phorcys-static.ewg.org/image/contents/856783/original."
"1773502059-44","https://www.ewg.org/skindeep/browse/brands/12717-essence/","https://www.ewg.org/skindeep/browse/brands/12717-essence/?brand=Essence&page=30","Sun Club Matt Bronzing Powder, Sunny 02","Essence","https://phorcys-static.ewg.org/cdn-cgi/image/width=480,height=480,quality=60/https://phorcys-static.ewg.org/image/contents/633494/original.","Essence
         Sun Club Matt Bronzing Powder, Sunny 02
      
      
        
            
              
                MODERATE HAZARD
              Data Availability: Fair","https://www.ewg.org/skindeep/products/1003679-Essence_Sun_Club_Matt_Bronzing_Powder_Sunny_02/","TALC, MICA, CAPRYLIC/CAPRIC TRIGLYCERIDE, MAGNESIUM STEARATE, MACADAMIA INTEGRIFOLIA/TETRAPHYLLA SEED OIL, RICINUS COMMUNIS (CASTOR) SEED OIL, KAOLIN, TOCOPHEROL, HELIANTHUS ANNUUS (SUNFLOWER) SEED OIL, P-ANISIC ACID, GLYCERYL CAPRYLATE, MAGNESIUM OXIDE, ALUMINA, AROMA (FLAVOR), CI 77007 (ULTRAMARINES), CI 77491, CI 77492, CI 77499 (IRON OXIDES)","Bronzer/Highlighter","Essence","https://phorcys-static.ewg.org/cdn-cgi/image/width=560,height=800,quality=60/https://phorcys-static.ewg.org/image/contents/633494/original."
"1773502062-45","https://www.ewg.org/skindeep/browse/brands/12717-essence/","https://www.ewg.org/skindeep/browse/brands/12717-essence/?brand=Essence&page=30","Hello, Good Stuff! Bi-Phase Oil Serum","Essence","https://phorcys-static.ewg.org/cdn-cgi/image/width=480,height=480,quality=60/https://phorcys-static.ewg.org/image/contents/856883/original.","Essence
         Hello, Good Stuff! Bi-Phase Oil Serum
      
      
        
            
              
                MODERATE HAZARD
              Data Availability: Fair","https://www.ewg.org/skindeep/products/4991608-Essence_Hello_Good_Stuff_BiPhase_Oil_Serum/",": AQUA (WATER), CAPRYLIC/CAPRIC TRIGLYCERIDE, GLYCINE SOJA (SOYBEAN) OIL, OCTYLDODECANOL, GLYCERIN, PRUNUS PERSICA (PEACH) FRUIT WATER, TOCOPHEROL, HELIANTHUS ANNUUS (SUNFLOWER) SEED OIL, CARNOSINE, XANTHAN GUM, BETA-CAROTENE, DAUCUS CAROTA SATIVA (CARROT) ROOT EXTRACT, SODIUM CHLORIDE, SODIUM SULFATE, LACTIC ACID, CITRIC ACID, PHENOXYETHANOL, SODIUM BENZOATE, PARFUM (FRAGRANCE), LIMONENE, LINALOOL, CI 14700 (RED 4), CI 15510 (ORANGE 4).","Facial Moisturizer/Treatment","Essence","https://phorcys-static.ewg.org/cdn-cgi/image/width=560,height=800,quality=60/https://phorcys-static.ewg.org/image/contents/856883/original."
"1773502065-46","https://www.ewg.org/skindeep/browse/brands/12717-essence/","https://www.ewg.org/skindeep/browse/brands/12717-essence/?brand=Essence&page=30","Mini Eyeshadow Palette, Dancing Green","Essence","https://phorcys-static.ewg.org/cdn-cgi/image/width=480,height=480,quality=60/https://phorcys-static.ewg.org/image/contents/681443/original.","Essence
         Mini Eyeshadow Palette, Dancing Green
      
      
        
            
              
                MODERATE HAZARD
              Data Availability: Fair","https://www.ewg.org/skindeep/products/8909983-Essence_Mini_Eyeshadow_Palette_Dancing_Green/","TALC, MICA, SILICA, MAGNESIUM STEARATE, DIMETHICONE, HYDROGENATED POLYISOBUTENE, POLYBUTENE, BIS-DIGLYCERYL POLYACYLADIPATE-2, TOCOPHERYL ACETATE, ETHYLHEXYLGLYCERIN, PHENOXYETHANOL, PARFUM (FRAGRANCE), BENZYL ALCOHOL, BENZYL BENZOATE, BENZYL SALICYLATE, HEXYL CINNAMAL, HYDROXYCITRONELLAL, CI 42090 (BLUE 1 LAKE), CI 77491, CI 77492, CI 77499 (IRON OXIDES), CI 77891 (TITANIUM DIOXIDE). AND INGREDIENTS: MICA, TALC, SILICA, MAGNESIUM STEARATE, DIMETHICONE, HYDROGENATED POLYISOBUTENE, POLYBUTENE, BIS-DIGLYCERYL POLYACYLADIPATE-2, TOCOPHERYL ACETATE, ETHYLHEXYLGLYCERIN, PHENOXYETHANOL, PARFUM (FRAGRANCE), BENZYL ALCOHOL, BENZYL BENZOATE, BENZYL SALICYLATE, HEXYL CINNAMAL, HYDROXYCITRONELLAL, CI 42090 (BLUE 1 LAKE), CI 77491, CI 77492, CI 77499 (IRON OXIDES), CI 77891 (TITANIUM DIOXIDE). AND INGREDIENTS: MICA, DIMETHICONE, MAGNESIUM STEARATE, SILICA, TRIMETHYLSILOXYSILICATE, DISILOXANE, DIMETHICONE/VINYL DIMETHICONE CROSSPOLYMER, TOCOPHERYL ACETATE, ETHYLHEXYLGLYCERIN, PHENOXYETHANOL, PARFUM (FRAGRANCE), BENZYL ALCOHOL, BENZYL BENZOATE, BENZYL SALICYLATE, HEXYL CINNAMAL, HYDROXYCITRONELLAL, MAY CONTAIN/[+/-]: CI 42090 (BLUE 1 LAKE), CI 77491, CI 77492, CI 77499 (IRON OXIDES), CI 77891 (TITANIUM DIOXIDE).","Eye Shadow","Essence","https://phorcys-static.ewg.org/cdn-cgi/image/width=560,height=800,quality=60/https://phorcys-static.ewg.org/image/contents/681443/original."
"1773502068-47","https://www.ewg.org/skindeep/browse/brands/12717-essence/","https://www.ewg.org/skindeep/browse/brands/12717-essence/?brand=Essence&page=30","JUICY BOMB PARTY shiny lipgloss, Luminous Lime","Essence","https://phorcys-static.ewg.org/cdn-cgi/image/width=480,height=480,quality=60/https://phorcys-static.ewg.org/image/contents/856662/original.","Essence
         JUICY BOMB PARTY shiny lipgloss, Luminous Lime
      
      
        
            
              
                MODERATE HAZARD
              Data Availability: Fair","https://www.ewg.org/skindeep/products/5426195-Essence_JUICY_BOMB_PARTY_shiny_lipgloss_Luminous_Lime/","ETHYLHEXYL PALMITATE, CAPRYLIC/CAPRIC TRIGLYCERIDE, POLYBUTENE, SIMMONDSIA CHINENSIS (JOJOBA) SEED OIL, ARGANIA SPINOSA KERNEL OIL, HYDROGENATED POLYISOBUTENE, SILICA DIMETHYL SILYLATE, PRUNUS AMYGDALUS DULCIS (SWEET ALMOND) OIL, TRIBEHENIN, SILICA, ETHYLHEXYLGLYCERIN, PHENOXYETHANOL, CITRUS AURANTIUM PEEL OIL, LIMONENE, PARFUM (FRAGRANCE), LINALOOL, CI 15850 (RED 6 LAKE), CI 45410 (RED 27 LAKE), CI 77891 (TITANIUM DIOXIDE).","Lip Gloss","Essence","https://phorcys-static.ewg.org/cdn-cgi/image/width=560,height=800,quality=60/https://phorcys-static.ewg.org/image/contents/856662/original."
"1773502070-48","https://www.ewg.org/skindeep/browse/brands/12717-essence/","https://www.ewg.org/skindeep/browse/brands/12717-essence/?brand=Essence&page=30","Glow To Go Illuminating Setting Spray (2018 formulation)","Essence","https://phorcys-static.ewg.org/cdn-cgi/image/width=480,height=480,quality=60/https://phorcys-static.ewg.org/image/contents/577581/original.","Essence
         Glow To Go Illuminating Setting Spray (2018 formulation)
      
      
        
            
              
                MODERATE HAZARD
              Data Availability: Fair","https://www.ewg.org/skindeep/products/879605-Essence_Glow_To_Go_Illuminating_Setting_Spray_2018_formulation/","WATER, GLYCERIN, ALCOHOL DENAT., SYNTHETIC FLUORPHLOGOPITE, ISONONYL ISONONANOATE, MICA, ACRYLATES COPOLYMER, ETHYLHEXYLGLYCERIN, TIN OXIDE, SODIUM HYDROXIDE, PHENOXYETHANOL, FRAGRANCE, ALPHA-ISOMETHYL IONONE, LIMONENE, CI 77891 (TITANIUM DIOXIDE).","Setting Powder/Spray","Essence","https://phorcys-static.ewg.org/cdn-cgi/image/width=560,height=800,quality=60/https://phorcys-static.ewg.org/image/contents/577581/original."
"1773502073-49","https://www.ewg.org/skindeep/browse/brands/12717-essence/","https://www.ewg.org/skindeep/browse/brands/12717-essence/?brand=Essence&page=30","lip care JELLY SLEEPING MASK","Essence","https://phorcys-static.ewg.org/cdn-cgi/image/width=480,height=480,quality=60/https://phorcys-static.ewg.org/image/contents/820118/original.","Essence
         lip care JELLY SLEEPING MASK
      
      
        
            
              
                MODERATE HAZARD
              Data Availability: Limited","https://www.ewg.org/skindeep/products/5878954-Essence_lip_care_JELLY_SLEEPING_MASK/","RICINUS COMMUNIS (CASTOR) SEED OIL, BIS-DIGLYCERYL POLYACYLADIPATE-2, BUTYROSPERMUM PARKII (SHEA) BUTTER, SILICA DIMETHYL SILYLATE, CAPRYLIC/CAPRIC TRIGLYCERIDE, EUPHORBIA CERIFERA CERA (EUPHORBIA CERIFERA (CANDELILLA) WAX), FRAGARIA ANANASSA (STRAWBERRY) SEED OIL, TOCOPHERYL ACETATE, OLEA EUROPAEA (OLIVE) FRUIT OIL, SODIUM HYALURONATE, OLEA EUROPAEA (OLIVE) OIL UNSAPONIFIABLES, HYDROGENATED OLIVE OIL, PROPYLENE CARBONATE, C10-18 TRIGLYCERIDES, GLYCERYL CAPRYLATE, TRIOLEIN, PENTAERYTHRITYL TETRA-DI-T-BUTYL HYDROXYHYDROCINNAMATE, SODIUM SACCHARIN, GLYCERYL DIOLEATE, CITRIC ACID, PARFUM (FRAGRANCE), ALUMINUM HYDROXIDE, CI 15850 (RED 6 LAKE), CI 77491 (IRON OXIDES), CI 77891 (TITANIUM DIOXIDE).","Lip Balm","Essence","https://phorcys-static.ewg.org/cdn-cgi/image/width=560,height=800,quality=60/https://phorcys-static.ewg.org/image/contents/820118/original."
"1773502076-50","https://www.ewg.org/skindeep/browse/brands/12717-essence/","https://www.ewg.org/skindeep/browse/brands/12717-essence/?brand=Essence&page=30","8H Matte Liquid Lipstick, Fiery Red 09","Essence","https://phorcys-static.ewg.org/cdn-cgi/image/width=480,height=480,quality=60/https://phorcys-static.ewg.org/image/contents/856780/original.","Essence
         8H Matte Liquid Lipstick, Fiery Red 09
      
      
        
            
              
                MODERATE HAZARD
              Data Availability: Fair","https://www.ewg.org/skindeep/products/5900571-Essence_8H_Matte_Liquid_Lipstick_Fiery_Red_09/",": ISODODECANE, TRIMETHYLSILOXYSILICATE, OCTYLDODECANOL, DIMETHICONE, TRIBEHENIN, PENTAERYTHRITYL TETRAISOSTEARATE, SILICA, MICA, KAOLIN, DIMETHICONE/VINYL DIMETHICONE CROSSPOLYMER, DISTEARDIMONIUM HECTORITE, TALC, DIISOSTEARYL MALATE, PROPYLENE CARBONATE, PENTAERYTHRITYL TETRA-DI-T-BUTYL HYDROXYHYDROCINNAMATE, PARFUM (FRAGRANCE), CI 15850 (RED 6), CI 15850 (RED 7 LAKE), CI 45410 (RED 28 LAKE), CI 77492 (IRON OXIDES), CI 77891 (TITANIUM DIOXIDE).","Lipstick","Essence","https://phorcys-static.ewg.org/cdn-cgi/image/width=560,height=800,quality=60/https://phorcys-static.ewg.org/image/contents/856780/original."
"1773502079-51","https://www.ewg.org/skindeep/browse/brands/12717-essence/","https://www.ewg.org/skindeep/browse/brands/12717-essence/?brand=Essence&page=30","Polly Pocket™ peptide lip mask","Essence","https://phorcys-static.ewg.org/cdn-cgi/image/width=480,height=480,quality=60/https://phorcys-static.ewg.org/image/contents/856648/original.","Essence
         Polly Pocket™ peptide lip mask
      
      
        
            
              
                MODERATE HAZARD
              Data Availability: Limited","https://www.ewg.org/skindeep/products/6922457-Essence_Polly_Pocket_peptide_lip_mask/","BIS-DIGLYCERYL POLYACYLADIPATE-2, ETHYLHEXYL PALMITATE, BUTYROSPERMUM PARKII (SHEA) BUTTER, SYNTHETIC WAX, EUPHORBIA CERIFERA CERA (EUPHORBIA CERIFERA (CANDELILLA) WAX), SILICA, PRUNUS AMYGDALUS DULCIS (SWEET ALMOND) OIL, TOCOPHERYL ACETATE, LIMNANTHES ALBA (MEADOWFOAM) SEED OIL, HYDROLYZED SODIUM HYALURONATE, DIISOSTEARYL MALATE, ETHYLHEXYLGLYCERIN, GLYCERYL BEHENATE, PALMITOYL TRIPEPTIDE-1, PHENOXYETHANOL, PARFUM (FRAGRANCE), LINALOOL, AMYL CINNAMAL, CI 19140 (YELLOW 5 LAKE), CI 42090 (BLUE 1 LAKE).","Lip Balm","Essence","https://phorcys-static.ewg.org/cdn-cgi/image/width=560,height=800,quality=60/https://phorcys-static.ewg.org/image/contents/856648/original."
"1773503096-52","https://www.ewg.org/skindeep/browse/brands/12717-essence/","https://www.ewg.org/skindeep/browse/brands/12717-essence/?brand=Essence&page=30","My Rose Will Go on Eyeshadow Palette","Essence","https://phorcys-static.ewg.org/cdn-cgi/image/width=480,height=480,quality=60/https://static.ewg.org/skindeep/img/missing_images/sd_logo.png","Essence
         My Rose Will Go on Eyeshadow Palette
      
      
        
            
              
                MODERATE HAZARD
              Data Availability: Fair","https://www.ewg.org/skindeep/products/999434-Essence_My_Rose_Will_Go_on_Eyeshadow_Palette/","TALC, MICA, SILICA, MAGNESIUM STEARATE, DIMETHICONE, HYDROGENATED POLYISOBUTENE, POLYBUTENE, BIS-DIGLYCERYL POLYACYLADIPATE-2, TOCOPHERYL ACETATE, ETHYLHEXYLGLYCERIN, PHENOXYETHANOL, PARFUM (FRAGRANCE), BENZYL ALCOHOL, BENZYL BENZOATE, BENZYL SALICYLATE, HEXYL CINNAMAL, HYDROXYCITRONELLAL, MAY CONTAIN/[+/-]: CI 16035 (RED 40 LAKE), CI 77491 (IRON OXIDES), CI 77742 (MANGANESE VIOLET), CI 77891 (TITANIUM DIOXIDE). AND INGREDIENTS: TALC, MICA, MAGNESIUM STEARATE, DIMETHICONE, HYDROGENATED POLYISOBUTENE, POLYBUTENE, BIS-DIGLYCERYL POLYACYLADIPATE-2, TOCOPHERYL ACETATE, ETHYLHEXYLGLYCERIN, PHENOXYETHANOL, PARFUM (FRAGRANCE), BENZYL ALCOHOL, BENZYL BENZOATE, BENZYL SALICYLATE, HEXYL CINNAMAL, HYDROXYCITRONELLAL, CI 77491, CI 77492, CI 77499 (IRON OXIDES), CI 77891 (TITANIUM DIOXIDE). AND INGREDIENTS: MICA, DIMETHICONE, MAGNESIUM STEARATE, SILICA, TRIMETHYLSILOXYSILICATE, DISILOXANE, DIMETHICONE/VINYL DIMETHICONE CROSSPOLYMER, TOCOPHERYL ACETATE, ETHYLHEXYLGLYCERIN, PHENOXYETHANOL, PARFUM (FRAGRANCE), BENZYL ALCOHOL, BENZYL BENZOATE, BENZYL SALICYLATE, HEXYL CINNAMAL, HYDROXYCITRONELLAL, MAY CONTAIN/[+/-]: CI 16035 (RED 40 LAKE), CI 77491 (IRON OXIDES), CI 77891 (TITANIUM DIOXIDE).","Eye Shadow","Essence","https://phorcys-static.ewg.org/cdn-cgi/image/width=560,height=800,quality=60/https://static.ewg.org/skindeep/img/missing_images/sd_logo.png"
"1773503099-53","https://www.ewg.org/skindeep/browse/brands/12717-essence/","https://www.ewg.org/skindeep/browse/brands/12717-essence/?brand=Essence&page=30","What A Tint! Lip & Cheek Tint, kiss from a rose 01","Essence","https://phorcys-static.ewg.org/cdn-cgi/image/width=480,height=480,quality=60/https://phorcys-static.ewg.org/image/contents/851354/original.","Essence
         What A Tint! Lip & Cheek Tint, kiss from a rose 01
      
      
        
            
              
                MODERATE HAZARD
              Data Availability: Fair","https://www.ewg.org/skindeep/products/7125108-Essence_What_A_Tint_Lip__Cheek_Tint_kiss_from_a_rose_01/","AQUA (WATER), GLYCERIN, PROPANEDIOL, BETAINE, 1,2-HEXANEDIOL, PANTHENOL, SODIUM HYALURONATE, LEUCONOSTOC/RADISH ROOT FERMENT FILTRATE, XANTHAN GUM, VACCINIUM MACROCARPON (CRANBERRY) FRUIT EXTRACT, ETHYLHEXYLGLYCERIN, LACTIC ACID, SODIUM HYDROXIDE, CITRIC ACID, PHENOXYETHANOL, PARFUM (FRAGRANCE), CI 16035 (RED 40), CI 42090 (BLUE 1), CI 45410 (RED 27).","Lip Gloss","Essence","https://phorcys-static.ewg.org/cdn-cgi/image/width=560,height=800,quality=60/https://phorcys-static.ewg.org/image/contents/851354/original."
"1773503640-54","https://www.ewg.org/skindeep/browse/brands/12717-essence/","https://www.ewg.org/skindeep/browse/brands/12717-essence/?brand=Essence&page=29","8H Matte Liquid Lipstick, Rosy Nude 04","Essence","https://phorcys-static.ewg.org/cdn-cgi/image/width=480,height=480,quality=60/https://phorcys-static.ewg.org/image/contents/856784/original.","Essence
         8H Matte Liquid Lipstick, Rosy Nude 04
      
      
        
            
              
                MODERATE HAZARD
              Data Availability: Fair","https://www.ewg.org/skindeep/products/7450248-Essence_8H_Matte_Liquid_Lipstick_Rosy_Nude_04/",": ISODODECANE, TRIMETHYLSILOXYSILICATE, OCTYLDODECANOL, DIMETHICONE, TRIBEHENIN, PENTAERYTHRITYL TETRAISOSTEARATE, SILICA, MICA, KAOLIN, DIMETHICONE/VINYL DIMETHICONE CROSSPOLYMER, DISTEARDIMONIUM HECTORITE, TALC, DIISOSTEARYL MALATE, PROPYLENE CARBONATE, PENTAERYTHRITYL TETRA-DI-T-BUTYL HYDROXYHYDROCINNAMATE, PARFUM (FRAGRANCE), CI 15850 (RED 7 LAKE), CI 42090 (BLUE 1 LAKE), CI 77491 (IRON OXIDES), CI 77492 (IRON OXIDES), CI 77499 (IRON OXIDES), CI 77891 (TITANIUM DIOXIDE).","Lipstick","Essence","https://phorcys-static.ewg.org/cdn-cgi/image/width=560,height=800,quality=60/https://phorcys-static.ewg.org/image/contents/856784/original."
"1773503643-55","https://www.ewg.org/skindeep/browse/brands/12717-essence/","https://www.ewg.org/skindeep/browse/brands/12717-essence/?brand=Essence&page=29","fun liquid highlighter, it's Bubble Gum","Essence","https://phorcys-static.ewg.org/cdn-cgi/image/width=480,height=480,quality=60/https://phorcys-static.ewg.org/image/contents/856826/original.","Essence
         fun liquid highlighter, it's Bubble Gum
      
      
        
            
              
                MODERATE HAZARD
              Data Availability: Fair","https://www.ewg.org/skindeep/products/862038-Essence_fun_liquid_highlighter_its_Bubble_Gum/",": AQUA (WATER), CALCIUM SODIUM BOROSILICATE, ALCOHOL DENAT., PROPYLENE GLYCOL, ACRYLATES COPOLYMER, PVP, SYNTHETIC FLUORPHLOGOPITE, ETHYLHEXYLGLYCERIN, SILICA, SODIUM HYDROXIDE, PHENOXYETHANOL, PARFUM (FRAGRANCE), TIN OXIDE, CI 45410 (RED 27 LAKE), CI 77891 (TITANIUM DIOXIDE).","Bronzer/Highlighter","Essence","https://phorcys-static.ewg.org/cdn-cgi/image/width=560,height=800,quality=60/https://phorcys-static.ewg.org/image/contents/856826/original."
"1773503646-56","https://www.ewg.org/skindeep/browse/brands/12717-essence/","https://www.ewg.org/skindeep/browse/brands/12717-essence/?brand=Essence&page=29","JUICY BOMB PARTY jelly blush, 02 Peach Passion","Essence","https://phorcys-static.ewg.org/cdn-cgi/image/width=480,height=480,quality=60/https://phorcys-static.ewg.org/image/contents/856822/original.","Essence
         JUICY BOMB PARTY jelly blush, 02 Peach Passion
      
      
        
            
              
                MODERATE HAZARD
              Data Availability: Limited","https://www.ewg.org/skindeep/products/2532063-Essence_JUICY_BOMB_PARTY_jelly_blush_02_Peach_Passion/",": SQUALANE, OCTYLDODECANOL, RICINUS COMMUNIS (CASTOR) SEED OIL, SILICA DIMETHYL SILYLATE, SHOREA ROBUSTA RESIN, HELIANTHUS ANNUUS (SUNFLOWER) SEED OIL, DISTEARDIMONIUM HECTORITE, TOCOPHEROL, PROPYLENE CARBONATE, GLYCERYL CAPRYLATE, PENTAERYTHRITYL TETRA-DI-T-BUTYL HYDROXYHYDROCINNAMATE, BENZYL ALCOHOL, AROMA (FLAVOR), LINALOOL, CI 15850 (RED 6 LAKE), CI 77891 (TITANIUM DIOXIDE).","Blush","Essence","https://phorcys-static.ewg.org/cdn-cgi/image/width=560,height=800,quality=60/https://phorcys-static.ewg.org/image/contents/856822/original."
"1773503649-57","https://www.ewg.org/skindeep/browse/brands/12717-essence/","https://www.ewg.org/skindeep/browse/brands/12717-essence/?brand=Essence&page=29","8H Matte Liquid Lipstick, Cool Mauve 06","Essence","https://phorcys-static.ewg.org/cdn-cgi/image/width=480,height=480,quality=60/https://phorcys-static.ewg.org/image/contents/856786/original.","Essence
         8H Matte Liquid Lipstick, Cool Mauve 06
      
      
        
            
              
                MODERATE HAZARD
              Data Availability: Fair","https://www.ewg.org/skindeep/products/8956511-Essence_8H_Matte_Liquid_Lipstick_Cool_Mauve_06/",": ISODODECANE, TRIMETHYLSILOXYSILICATE, OCTYLDODECANOL, DIMETHICONE, TRIBEHENIN, PENTAERYTHRITYL TETRAISOSTEARATE, SILICA, MICA, KAOLIN, DIMETHICONE/VINYL DIMETHICONE CROSSPOLYMER, DISTEARDIMONIUM HECTORITE, TALC, DIISOSTEARYL MALATE, PROPYLENE CARBONATE, PENTAERYTHRITYL TETRA-DI-T-BUTYL HYDROXYHYDROCINNAMATE, PARFUM (FRAGRANCE), CI 15850 (RED 7 LAKE), CI 42090 (BLUE 1 LAKE), CI 77491 (IRON OXIDES), CI 77492 (IRON OXIDES), CI 77499 (IRON OXIDES), CI 77891 (TITANIUM DIOXIDE).","Lipstick","Essence","https://phorcys-static.ewg.org/cdn-cgi/image/width=560,height=800,quality=60/https://phorcys-static.ewg.org/image/contents/856786/original."
"1773503652-58","https://www.ewg.org/skindeep/browse/brands/12717-essence/","https://www.ewg.org/skindeep/browse/brands/12717-essence/?brand=Essence&page=29","Glimmer Glow Lipstick","Essence","https://phorcys-static.ewg.org/cdn-cgi/image/width=480,height=480,quality=60/https://phorcys-static.ewg.org/image/contents/662638/original.","Essence
         Glimmer Glow Lipstick
      
      
        
            
              
                MODERATE HAZARD
              Data Availability: Limited","https://www.ewg.org/skindeep/products/1034781-Essence_Glimmer_Glow_Lipstick/","C12-15 ALKYL BENZOATE, DIISOSTEARYL MALATE, ISONONYL ISONONANOATE, DIBUTYL LAUROYL GLUTAMIDE, HYDROGENATED POLYISOBUTENE, DIBUTYL ETHYLHEXANOYL GLUTAMIDE, SILICA, CITRIC ACID, PARFUM (FRAGRANCE), CITRONELLOL, HEXYL CINNAMAL, LINALOOL, CINNAMYL ALCOHOL, CI 45410 (RED 27), CI 77891 (TITANIUM DIOXIDE)","Lipstick","Essence","https://phorcys-static.ewg.org/cdn-cgi/image/width=560,height=800,quality=60/https://phorcys-static.ewg.org/image/contents/662638/original."
"1773503655-59","https://www.ewg.org/skindeep/browse/brands/12717-essence/","https://www.ewg.org/skindeep/browse/brands/12717-essence/?brand=Essence&page=29","8H Matte Liquid Lipstick, Classic Red 07","Essence","https://phorcys-static.ewg.org/cdn-cgi/image/width=480,height=480,quality=60/https://phorcys-static.ewg.org/image/contents/856787/original.","Essence
         8H Matte Liquid Lipstick, Classic Red 07
      
      
        
            
              
                MODERATE HAZARD
              Data Availability: Fair","https://www.ewg.org/skindeep/products/2128277-Essence_8H_Matte_Liquid_Lipstick_Classic_Red_07/",": ISODODECANE, TRIMETHYLSILOXYSILICATE, OCTYLDODECANOL, DIMETHICONE, TRIBEHENIN, PENTAERYTHRITYL TETRAISOSTEARATE, SILICA, MICA, KAOLIN, DIMETHICONE/VINYL DIMETHICONE CROSSPOLYMER, DISTEARDIMONIUM HECTORITE, TALC, DIISOSTEARYL MALATE, PROPYLENE CARBONATE, PENTAERYTHRITYL TETRA-DI-T-BUTYL HYDROXYHYDROCINNAMATE, PARFUM (FRAGRANCE), CI 15850 (RED 7 LAKE), CI 77492 (IRON OXIDES).","Lipstick","Essence","https://phorcys-static.ewg.org/cdn-cgi/image/width=560,height=800,quality=60/https://phorcys-static.ewg.org/image/contents/856787/original."
"1773503658-60","https://www.ewg.org/skindeep/browse/brands/12717-essence/","https://www.ewg.org/skindeep/browse/brands/12717-essence/?brand=Essence&page=29","BABY GOT BRONZE liquid bronzer, 20 Sunkissed Sweety","Essence","https://phorcys-static.ewg.org/cdn-cgi/image/width=480,height=480,quality=60/https://phorcys-static.ewg.org/image/contents/820236/original.","Essence
         BABY GOT BRONZE liquid bronzer, 20 Sunkissed Sweety
      
      
        
            
              
                MODERATE HAZARD
              Data Availability: Fair","https://www.ewg.org/skindeep/products/2694670-Essence_BABY_GOT_BRONZE_liquid_bronzer_20_Sunkissed_Sweety/","AQUA (WATER), COCONUT ALKANES, ISOAMYL LAURATE, SILICA, TALC, PROPANEDIOL, TRI (POLYGLYCERYL-3/LAURYL) HYDROGENATED TRILINOLEATE, ALOE BARBADENSIS LEAF JUICE, POLYGLYCERYL-4 ISOSTEARATE, DISTEARDIMONIUM HECTORITE, COCO-CAPRYLATE/CAPRATE, SODIUM CHLORIDE, SODIUM HYALURONATE, TOCOPHEROL, CAPRYLIC/CAPRIC TRIGLYCERIDE, TRIETHOXYCAPRYLYLSILANE, SODIUM GLUCONATE, DIETHYLHEXYL SYRINGYLIDENEMALONATE, ETHYLHEXYLGLYCERIN, PHENOXYETHANOL, PARFUM (FRAGRANCE), CI 77491 (IRON OXIDES), CI 77492 (IRON OXIDES), CI 77499 (IRON OXIDES), CI 77891 (TITANIUM DIOXIDE).","Bronzer/Highlighter","Essence","https://phorcys-static.ewg.org/cdn-cgi/image/width=560,height=800,quality=60/https://phorcys-static.ewg.org/image/contents/820236/original."
"1773503660-61","https://www.ewg.org/skindeep/browse/brands/12717-essence/","https://www.ewg.org/skindeep/browse/brands/12717-essence/?brand=Essence&page=29","extreme shine lipgloss, Power of nude","Essence","https://phorcys-static.ewg.org/cdn-cgi/image/width=480,height=480,quality=60/https://phorcys-static.ewg.org/image/contents/856815/original.","Essence
         extreme shine lipgloss, Power of nude
      
      
        
            
              
                MODERATE HAZARD
              Data Availability: Limited","https://www.ewg.org/skindeep/products/4597425-Essence_extreme_shine_lipgloss_Power_of_nude/",": POLYBUTENE, OCTYLDODECANOL, HYDROGENATED POLYISOBUTENE, SILICA DIMETHYL SILYLATE, DISTEARDIMONIUM HECTORITE, HYDROGENATED STYRENE/ISOPRENE COPOLYMER, CAPRYLIC/CAPRIC TRIGLYCERIDE, PENTAERYTHRITYL TETRA-DI-T-BUTYL HYDROXYHYDROCINNAMATE, PROPYLENE CARBONATE, TOCOPHERYL ACETATE, OCTYLDODECYL STEAROYL STEARATE, SODIUM SACCHARIN, POLYGLYCERYL-3 DIISOSTEARATE, BARIUM SULFATE, VP/HEXADECENE COPOLYMER, AROMA (FLAVOR), CI 15850 (RED 6), CI 15850 (RED 7 LAKE), CI 42090 (BLUE 1 LAKE), CI 77491 (IRON OXIDES), CI 77891 (TITANIUM DIOXIDE).","Lip Gloss","Essence","https://phorcys-static.ewg.org/cdn-cgi/image/width=560,height=800,quality=60/https://phorcys-static.ewg.org/image/contents/856815/original."
"1773503664-62","https://www.ewg.org/skindeep/browse/brands/12717-essence/","https://www.ewg.org/skindeep/browse/brands/12717-essence/?brand=Essence&page=29","FOUNDATION stick, 10 fair cool neutral","Essence","https://phorcys-static.ewg.org/cdn-cgi/image/width=480,height=480,quality=60/https://phorcys-static.ewg.org/image/contents/820150/original.","Essence
         FOUNDATION stick, 10 fair cool neutral
      
      
        
            
              
                MODERATE HAZARD
              Data Availability: Fair","https://www.ewg.org/skindeep/products/7082550-Essence_FOUNDATION_stick_10_fair_cool_neutral/","CAPRYLIC/CAPRIC TRIGLYCERIDE, OCTYLDODECANOL, ISONONYL ISONONANOATE, KAOLIN, ALUMINUM STARCH OCTENYLSUCCINATE, SYNTHETIC WAX, DIMETHICONE, ORYZA SATIVA (RICE) BRAN WAX, SODIUM HYALURONATE, DIMETHICONE/VINYL DIMETHICONE CROSSPOLYMER, DISTEARDIMONIUM HECTORITE, PENTAERYTHRITYL TETRA-DI-T-BUTYL HYDROXYHYDROCINNAMATE, ETHYLHEXYL PALMITATE, TRIETHOXYCAPRYLYLSILANE, DICALCIUM PHOSPHATE, TRIHYDROXYSTEARIN, AROMA (FLAVOR), DIMETHYL PHENETHYL ACETATE, CI 15850 (RED 6), CI 15850 (RED 7 LAKE), CI 42090 (BLUE 1 LAKE), CI 77491 (IRON OXIDES), CI 77492 (IRON OXIDES), CI 77499 (IRON OXIDES), CI 77510 (FERRIC AMMONIUM FERROCYANIDE), CI 77891 (TITANIUM DIOXIDE).","Foundation","Essence","https://phorcys-static.ewg.org/cdn-cgi/image/width=560,height=800,quality=60/https://phorcys-static.ewg.org/image/contents/820150/original."
"1773503667-63","https://www.ewg.org/skindeep/browse/brands/12717-essence/","https://www.ewg.org/skindeep/browse/brands/12717-essence/?brand=Essence&page=29","FOUNDATION stick, 170 light medium pink","Essence","https://phorcys-static.ewg.org/cdn-cgi/image/width=480,height=480,quality=60/https://phorcys-static.ewg.org/image/contents/820166/original.","Essence
         FOUNDATION stick, 170 light medium pink
      
      
        
            
              
                MODERATE HAZARD
              Data Availability: Fair","https://www.ewg.org/skindeep/products/3870685-Essence_FOUNDATION_stick_170_light_medium_pink/","CAPRYLIC/CAPRIC TRIGLYCERIDE, OCTYLDODECANOL, ISONONYL ISONONANOATE, KAOLIN, ALUMINUM STARCH OCTENYLSUCCINATE, SYNTHETIC WAX, DIMETHICONE, ORYZA SATIVA (RICE) BRAN WAX, SODIUM HYALURONATE, DIMETHICONE/VINYL DIMETHICONE CROSSPOLYMER, DISTEARDIMONIUM HECTORITE, DICALCIUM PHOSPHATE, PENTAERYTHRITYL TETRA-DI-T-BUTYL HYDROXYHYDROCINNAMATE, TRIETHOXYCAPRYLYLSILANE, ETHYLHEXYL PALMITATE, TRIHYDROXYSTEARIN, AROMA (FLAVOR), DIMETHYL PHENETHYL ACETATE, CI 15850 (RED 6), CI 15850 (RED 7 LAKE), CI 42090 (BLUE 1 LAKE), CI 77491 (IRON OXIDES), CI 77492 (IRON OXIDES), CI 77499 (IRON OXIDES), CI 77510 (FERRIC AMMONIUM FERROCYANIDE), CI 77891 (TITANIUM DIOXIDE).","Foundation","Essence","https://phorcys-static.ewg.org/cdn-cgi/image/width=560,height=800,quality=60/https://phorcys-static.ewg.org/image/contents/820166/original."
"1773503670-64","https://www.ewg.org/skindeep/browse/brands/12717-essence/","https://www.ewg.org/skindeep/browse/brands/12717-essence/?brand=Essence&page=29","FOUNDATION stick, 203 medium red","Essence","https://phorcys-static.ewg.org/cdn-cgi/image/width=480,height=480,quality=60/https://phorcys-static.ewg.org/image/contents/820170/original.","Essence
         FOUNDATION stick, 203 medium red
      
      
        
            
              
                MODERATE HAZARD
              Data Availability: Fair","https://www.ewg.org/skindeep/products/1816577-Essence_FOUNDATION_stick_203_medium_red/","CAPRYLIC/CAPRIC TRIGLYCERIDE, OCTYLDODECANOL, ISONONYL ISONONANOATE, KAOLIN, ALUMINUM STARCH OCTENYLSUCCINATE, SYNTHETIC WAX, DIMETHICONE, ORYZA SATIVA (RICE) BRAN WAX, SODIUM HYALURONATE, DIMETHICONE/VINYL DIMETHICONE CROSSPOLYMER, DISTEARDIMONIUM HECTORITE, DICALCIUM PHOSPHATE, PENTAERYTHRITYL TETRA-DI-T-BUTYL HYDROXYHYDROCINNAMATE, TRIETHOXYCAPRYLYLSILANE, ETHYLHEXYL PALMITATE, TRIHYDROXYSTEARIN, AROMA (FLAVOR), DIMETHYL PHENETHYL ACETATE, CI 15850 (RED 6), CI 15850 (RED 7 LAKE), CI 42090 (BLUE 1 LAKE), CI 77491 (IRON OXIDES), CI 77492 (IRON OXIDES), CI 77499 (IRON OXIDES), CI 77510 (FERRIC AMMONIUM FERROCYANIDE), CI 77891 (TITANIUM DIOXIDE).","Foundation","Essence","https://phorcys-static.ewg.org/cdn-cgi/image/width=560,height=800,quality=60/https://phorcys-static.ewg.org/image/contents/820170/original."
"1773503673-65","https://www.ewg.org/skindeep/browse/brands/12717-essence/","https://www.ewg.org/skindeep/browse/brands/12717-essence/?brand=Essence&page=29","FOUNDATION stick, 390 very deep warm","Essence","https://phorcys-static.ewg.org/cdn-cgi/image/width=480,height=480,quality=60/https://phorcys-static.ewg.org/image/contents/820190/original.","Essence
         FOUNDATION stick, 390 very deep warm
      
      
        
            
              
                MODERATE HAZARD
              Data Availability: Fair","https://www.ewg.org/skindeep/products/89714-Essence_FOUNDATION_stick_390_very_deep_warm/","CAPRYLIC/CAPRIC TRIGLYCERIDE, OCTYLDODECANOL, ISONONYL ISONONANOATE, KAOLIN, ALUMINUM STARCH OCTENYLSUCCINATE, SYNTHETIC WAX, DIMETHICONE, ORYZA SATIVA (RICE) BRAN WAX, SODIUM HYALURONATE, DIMETHICONE/VINYL DIMETHICONE CROSSPOLYMER, DISTEARDIMONIUM HECTORITE, TRIETHOXYCAPRYLYLSILANE, PENTAERYTHRITYL TETRA-DI-T-BUTYL HYDROXYHYDROCINNAMATE, ETHYLHEXYL PALMITATE, TRIHYDROXYSTEARIN, DICALCIUM PHOSPHATE, AROMA (FLAVOR), DIMETHYL PHENETHYL ACETATE, CI 15850 (RED 6), CI 15850 (RED 7 LAKE), CI 42090 (BLUE 1 LAKE), CI 77491 (IRON OXIDES), CI 77492 (IRON OXIDES), CI 77499 (IRON OXIDES), CI 77510 (FERRIC AMMONIUM FERROCYANIDE), CI 77891 (TITANIUM DIOXIDE).","Foundation","Essence","https://phorcys-static.ewg.org/cdn-cgi/image/width=560,height=800,quality=60/https://phorcys-static.ewg.org/image/contents/820190/original."
"1773503676-66","https://www.ewg.org/skindeep/browse/brands/12717-essence/","https://www.ewg.org/skindeep/browse/brands/12717-essence/?brand=Essence&page=28","Extreme Shine Volume Lipgloss - 02 Summer Punch","Essence","https://phorcys-static.ewg.org/cdn-cgi/image/width=480,height=480,quality=60/https://phorcys-static.ewg.org/image/contents/763976/original.","Essence
         Extreme Shine Volume Lipgloss - 02 Summer Punch
      
      
        
            
              
                MODERATE HAZARD
              Data Availability: Limited","https://www.ewg.org/skindeep/products/6569866-Essence_Extreme_Shine_Volume_Lipgloss__02_Summer_Punch/","POLYBUTENE, HYDROGENATED POLYISOBUTENE, OCTYLDODECANOL, SILICA DIMETHYL SILYLATE, TRIMETHYLOLPROPANE TRIISOSTEARATE, HYDROGENATED STYRENE/ISOPRENE COPOLYMER, CAPRYLIC/CAPRIC TRIGLYCERIDE, CAPRYLYL GLYCOL, SODIUM SACCHARIN, OCTYLDODECYL STEAROYL STEARATE, BARIUM SULFATE, VP/HEXADECENE COPOLYMER, AROMA (FLAVOR), CI 15850 (RED 6), CI 15850 (RED 7 LAKE), CI 42090 (BLUE 1 LAKE), CI 77491 (IRON OXIDES), CI 77891 (TITANIUM DIOXIDE).","Lip Gloss","Essence","https://phorcys-static.ewg.org/cdn-cgi/image/width=560,height=800,quality=60/https://phorcys-static.ewg.org/image/contents/763976/original."
"1773503679-67","https://www.ewg.org/skindeep/browse/brands/12717-essence/","https://www.ewg.org/skindeep/browse/brands/12717-essence/?brand=Essence&page=28","BABY GOT BLUSH liquid blush, 30 Dusty Rose","Essence","https://phorcys-static.ewg.org/cdn-cgi/image/width=480,height=480,quality=60/https://phorcys-static.ewg.org/image/contents/856863/original.","Essence
         BABY GOT BLUSH liquid blush, 30 Dusty Rose
      
      
        
            
              
                MODERATE HAZARD
              Data Availability: Fair","https://www.ewg.org/skindeep/products/5874586-Essence_BABY_GOT_BLUSH_liquid_blush_30_Dusty_Rose/",": AQUA (WATER), COCONUT ALKANES, ISOAMYL LAURATE, SILICA, TALC, PROPANEDIOL, POLYGLYCERYL-4 OLEATE, POLYGLYCERYL-4 ISOSTEARATE, ALOE BARBADENSIS LEAF JUICE, DIATOMACEOUS EARTH, DISTEARDIMONIUM HECTORITE, COCO-CAPRYLATE/CAPRATE, MAGNESIUM SULFATE, SODIUM HYALURONATE, TOCOPHEROL, POLYGLYCERYL-3 POLYRICINOLEATE, TRIETHOXYCAPRYLYLSILANE, ETHYLHEXYLGLYCERIN, PHENOXYETHANOL, PARFUM (FRAGRANCE), CI 15850 (RED 7 LAKE), CI 77491 (IRON OXIDES), CI 77492 (IRON OXIDES), CI 77499 (IRON OXIDES), CI 77891 (TITANIUM DIOXIDE).","Blush","Essence","https://phorcys-static.ewg.org/cdn-cgi/image/width=560,height=800,quality=60/https://phorcys-static.ewg.org/image/contents/856863/original."
"1773503681-68","https://www.ewg.org/skindeep/browse/brands/12717-essence/","https://www.ewg.org/skindeep/browse/brands/12717-essence/?brand=Essence&page=28","Extreme Shine Volume Lipgloss -102 Sweet Dreams","Essence","https://phorcys-static.ewg.org/cdn-cgi/image/width=480,height=480,quality=60/https://phorcys-static.ewg.org/image/contents/695785/original.","Essence
         Extreme Shine Volume Lipgloss -102 Sweet Dreams
      
      
        
            
              
                MODERATE HAZARD
              Data Availability: Limited","https://www.ewg.org/skindeep/products/1053445-Essence_Extreme_Shine_Volume_Lipgloss_102_Sweet_Dreams/","POLYBUTENE, HYDROGENATED POLYISOBUTENE, OCTYLDODECANOL, SILICA DIMETHYL SILYLATE, TRIMETHYLOLPROPANE TRIISOSTEARATE, HYDROGENATED STYRENE/ISOPRENE COPOLYMER, CAPRYLIC/CAPRIC TRIGLYCERIDE, MENTHOL, CAPRYLYL GLYCOL, BENZYL NICOTINATE, SYNTHETIC FLUORPHLOGOPITE, OCTYLDODECYL STEAROYL STEARATE, MICA, BARIUM SULFATE, VP/HEXADECENE COPOLYMER, AROMA (FLAVOR), CI 15850 (RED 6), CI 15850 (RED 7 LAKE), CI 42090 (BLUE 1 LAKE), CI 77491 (IRON OXIDES), CI 77891 (TITANIUM DIOXIDE)","Lip Gloss","Essence","https://phorcys-static.ewg.org/cdn-cgi/image/width=560,height=800,quality=60/https://phorcys-static.ewg.org/image/contents/695785/original."
"1773503684-69","https://www.ewg.org/skindeep/browse/brands/12717-essence/","https://www.ewg.org/skindeep/browse/brands/12717-essence/?brand=Essence&page=28","FOUNDATION stick, 180 medium neutral","Essence","https://phorcys-static.ewg.org/cdn-cgi/image/width=480,height=480,quality=60/https://phorcys-static.ewg.org/image/contents/820165/original.","Essence
         FOUNDATION stick, 180 medium neutral
      
      
        
            
              
                MODERATE HAZARD
              Data Availability: Fair","https://www.ewg.org/skindeep/products/6305632-Essence_FOUNDATION_stick_180_medium_neutral/","CAPRYLIC/CAPRIC TRIGLYCERIDE, OCTYLDODECANOL, ISONONYL ISONONANOATE, KAOLIN, ALUMINUM STARCH OCTENYLSUCCINATE, SYNTHETIC WAX, DIMETHICONE, ORYZA SATIVA (RICE) BRAN WAX, SODIUM HYALURONATE, DIMETHICONE/VINYL DIMETHICONE CROSSPOLYMER, DISTEARDIMONIUM HECTORITE, DICALCIUM PHOSPHATE, PENTAERYTHRITYL TETRA-DI-T-BUTYL HYDROXYHYDROCINNAMATE, TRIETHOXYCAPRYLYLSILANE, ETHYLHEXYL PALMITATE, TRIHYDROXYSTEARIN, AROMA (FLAVOR), DIMETHYL PHENETHYL ACETATE, CI 15850 (RED 6), CI 15850 (RED 7 LAKE), CI 42090 (BLUE 1 LAKE), CI 77491 (IRON OXIDES), CI 77492 (IRON OXIDES), CI 77499 (IRON OXIDES), CI 77510 (FERRIC AMMONIUM FERROCYANIDE), CI 77891 (TITANIUM DIOXIDE).","Foundation","Essence","https://phorcys-static.ewg.org/cdn-cgi/image/width=560,height=800,quality=60/https://phorcys-static.ewg.org/image/contents/820165/original."
"1773503688-70","https://www.ewg.org/skindeep/browse/brands/12717-essence/","https://www.ewg.org/skindeep/browse/brands/12717-essence/?brand=Essence&page=28","FOUNDATION stick, 330 deep golden","Essence","https://phorcys-static.ewg.org/cdn-cgi/image/width=480,height=480,quality=60/https://phorcys-static.ewg.org/image/contents/820184/original.","Essence
         FOUNDATION stick, 330 deep golden
      
      
        
            
              
                MODERATE HAZARD
              Data Availability: Fair","https://www.ewg.org/skindeep/products/4925424-Essence_FOUNDATION_stick_330_deep_golden/","CAPRYLIC/CAPRIC TRIGLYCERIDE, OCTYLDODECANOL, ISONONYL ISONONANOATE, KAOLIN, ALUMINUM STARCH OCTENYLSUCCINATE, SYNTHETIC WAX, DIMETHICONE, ORYZA SATIVA (RICE) BRAN WAX, SODIUM HYALURONATE, DIMETHICONE/VINYL DIMETHICONE CROSSPOLYMER, DISTEARDIMONIUM HECTORITE, TRIETHOXYCAPRYLYLSILANE, PENTAERYTHRITYL TETRA-DI-T-BUTYL HYDROXYHYDROCINNAMATE, ETHYLHEXYL PALMITATE, TRIHYDROXYSTEARIN, DICALCIUM PHOSPHATE, AROMA (FLAVOR), DIMETHYL PHENETHYL ACETATE, CI 15850 (RED 6), CI 15850 (RED 7 LAKE), CI 42090 (BLUE 1 LAKE), CI 77491 (IRON OXIDES), CI 77492 (IRON OXIDES), CI 77499 (IRON OXIDES), CI 77510 (FERRIC AMMONIUM FERROCYANIDE), CI 77891 (TITANIUM DIOXIDE).","Foundation","Essence","https://phorcys-static.ewg.org/cdn-cgi/image/width=560,height=800,quality=60/https://phorcys-static.ewg.org/image/contents/820184/original."
"1773503691-71","https://www.ewg.org/skindeep/browse/brands/12717-essence/","https://www.ewg.org/skindeep/browse/brands/12717-essence/?brand=Essence&page=28","FOUNDATION stick, 70 fair peach","Essence","https://phorcys-static.ewg.org/cdn-cgi/image/width=480,height=480,quality=60/https://phorcys-static.ewg.org/image/contents/820156/original.","Essence
         FOUNDATION stick, 70 fair peach
      
      
        
            
              
                MODERATE HAZARD
              Data Availability: Fair","https://www.ewg.org/skindeep/products/6004358-Essence_FOUNDATION_stick_70_fair_peach/","CAPRYLIC/CAPRIC TRIGLYCERIDE, OCTYLDODECANOL, ISONONYL ISONONANOATE, KAOLIN, ALUMINUM STARCH OCTENYLSUCCINATE, SYNTHETIC WAX, DIMETHICONE, ORYZA SATIVA (RICE) BRAN WAX, SODIUM HYALURONATE, DIMETHICONE/VINYL DIMETHICONE CROSSPOLYMER, DISTEARDIMONIUM HECTORITE, DICALCIUM PHOSPHATE, PENTAERYTHRITYL TETRA-DI-T-BUTYL HYDROXYHYDROCINNAMATE, ETHYLHEXYL PALMITATE, TRIETHOXYCAPRYLYLSILANE, TRIHYDROXYSTEARIN, AROMA (FLAVOR), DIMETHYL PHENETHYL ACETATE, CI 15850 (RED 6), CI 15850 (RED 7 LAKE), CI 42090 (BLUE 1 LAKE), CI 77491 (IRON OXIDES), CI 77492 (IRON OXIDES), CI 77499 (IRON OXIDES), CI 77510 (FERRIC AMMONIUM FERROCYANIDE), CI 77891 (TITANIUM DIOXIDE).","Foundation","Essence","https://phorcys-static.ewg.org/cdn-cgi/image/width=560,height=800,quality=60/https://phorcys-static.ewg.org/image/contents/820156/original."
"1773503694-72","https://www.ewg.org/skindeep/browse/brands/12717-essence/","https://www.ewg.org/skindeep/browse/brands/12717-essence/?brand=Essence&page=28","GLOSSY GLAZE high shine lipstick, 03 Pink Things Up","Essence","https://phorcys-static.ewg.org/cdn-cgi/image/width=480,height=480,quality=60/https://phorcys-static.ewg.org/image/contents/820139/original.","Essence
         GLOSSY GLAZE high shine lipstick, 03 Pink Things Up
      
      
        
            
              
                MODERATE HAZARD
              Data Availability: Fair","https://www.ewg.org/skindeep/products/7932612-Essence_GLOSSY_GLAZE_high_shine_lipstick_03_Pink_Things_Up/","OCTYLDODECANOL, POLYBUTENE, PHYTOSTERYL ISOSTEARATE, TRIDECYL TRIMELLITATE, BIS-DIGLYCERYL POLYACYLADIPATE-2, EUPHORBIA CERIFERA CERA (EUPHORBIA CERIFERA (CANDELILLA) WAX), HELIANTHUS ANNUUS (SUNFLOWER) SEED WAX, DIISOSTEARYL MALATE, TOCOPHERYL ACETATE, ETHYLHEXYLGLYCERIN, PHENOXYETHANOL, CINNAMYL ALCOHOL, CITRONELLOL, DIMETHYL PHENETHYL ACETATE, HEXYL CINNAMAL, LINALOOL, PARFUM (FRAGRANCE), CI 15850 (RED 7 LAKE), CI 77491 (IRON OXIDES), CI 77492 (IRON OXIDES), CI 77891 (TITANIUM DIOXIDE).","Lipstick","Essence","https://phorcys-static.ewg.org/cdn-cgi/image/width=560,height=800,quality=60/https://phorcys-static.ewg.org/image/contents/820139/original."
"1773503696-73","https://www.ewg.org/skindeep/browse/brands/12717-essence/","https://www.ewg.org/skindeep/browse/brands/12717-essence/?brand=Essence&page=28","LOVE IT A CHOCO' LOT! Lipgloss, 01 Melted Bliss Chocolate Kiss.","Essence","https://phorcys-static.ewg.org/cdn-cgi/image/width=480,height=480,quality=60/https://phorcys-static.ewg.org/image/contents/820201/original.","Essence
         LOVE IT A CHOCO' LOT! Lipgloss, 01 Melted Bliss Chocolate Kiss.
      
      
        
            
              
                MODERATE HAZARD
              Data Availability: Fair","https://www.ewg.org/skindeep/products/5479054-Essence_LOVE_IT_A_CHOCO_LOT_Lipgloss_01_Melted_Bliss_Chocolate_Kiss/","ETHYLHEXYL PALMITATE, SIMMONDSIA CHINENSIS (JOJOBA) SEED OIL, HYDROGENATED POLYISOBUTENE, POLYBUTENE, ARGANIA SPINOSA KERNEL OIL, SILICA, HELIANTHUS ANNUUS (SUNFLOWER) SEED WAX, TOCOPHERYL ACETATE, ETHYLHEXYLGLYCERIN, PHENOXYETHANOL, BENZYL ALCOHOL, PARFUM (FRAGRANCE), CI 45410 (RED 27 LAKE), CI 77491 (IRON OXIDES), CI 77492 (IRON OXIDES), CI 77499 (IRON OXIDES), CI 77891 (TITANIUM DIOXIDE).","Lip Gloss","Essence","https://phorcys-static.ewg.org/cdn-cgi/image/width=560,height=800,quality=60/https://phorcys-static.ewg.org/image/contents/820201/original."
"1773503699-74","https://www.ewg.org/skindeep/browse/brands/12717-essence/","https://www.ewg.org/skindeep/browse/brands/12717-essence/?brand=Essence&page=28","Lash PRINCESS LIQUID LINER, Black Waterproof","Essence","https://phorcys-static.ewg.org/cdn-cgi/image/width=480,height=480,quality=60/https://phorcys-static.ewg.org/image/contents/820234/original.","Essence
         Lash PRINCESS LIQUID LINER, Black Waterproof
      
      
        
            
              
                MODERATE HAZARD
              Data Availability: Fair","https://www.ewg.org/skindeep/products/527320-Essence_Lash_PRINCESS_LIQUID_LINER_Black_Waterproof/","AQUA (WATER), STYRENE/ACRYLATES COPOLYMER, PROPYLENE GLYCOL, ALCOHOL DENAT., BISABOLOL, TOCOPHEROL, XANTHAN GUM, ALLANTOIN, TETRASODIUM EDTA, ETHYLHEXYLGLYCERIN, POLYESTER-4, PHENOXYETHANOL, SODIUM DEHYDROACETATE, POTASSIUM SORBATE, FARNESOL, CI 77266 (BLACK 2) (NANO), CI 77499 (IRON OXIDES).","Eye Liner","Essence","https://phorcys-static.ewg.org/cdn-cgi/image/width=560,height=800,quality=60/https://phorcys-static.ewg.org/image/contents/820234/original."
"1773503702-75","https://www.ewg.org/skindeep/browse/brands/12717-essence/","https://www.ewg.org/skindeep/browse/brands/12717-essence/?brand=Essence&page=28","FOUNDATION stick, 90 light warm pink","Essence","https://phorcys-static.ewg.org/cdn-cgi/image/width=480,height=480,quality=60/https://phorcys-static.ewg.org/image/contents/820158/original.","Essence
         FOUNDATION stick, 90 light warm pink
      
      
        
            
              
                MODERATE HAZARD
              Data Availability: Fair","https://www.ewg.org/skindeep/products/1808615-Essence_FOUNDATION_stick_90_light_warm_pink/","CAPRYLIC/CAPRIC TRIGLYCERIDE, OCTYLDODECANOL, ISONONYL ISONONANOATE, KAOLIN, ALUMINUM STARCH OCTENYLSUCCINATE, SYNTHETIC WAX, DIMETHICONE, ORYZA SATIVA (RICE) BRAN WAX, SODIUM HYALURONATE, DIMETHICONE/VINYL DIMETHICONE CROSSPOLYMER, DISTEARDIMONIUM HECTORITE, DICALCIUM PHOSPHATE, PENTAERYTHRITYL TETRA-DI-T-BUTYL HYDROXYHYDROCINNAMATE, ETHYLHEXYL PALMITATE, TRIETHOXYCAPRYLYLSILANE, TRIHYDROXYSTEARIN, AROMA (FLAVOR), DIMETHYL PHENETHYL ACETATE, CI 15850 (RED 6), CI 15850 (RED 7 LAKE), CI 42090 (BLUE 1 LAKE), CI 77491 (IRON OXIDES), CI 77492 (IRON OXIDES), CI 77499 (IRON OXIDES), CI 77510 (FERRIC AMMONIUM FERROCYANIDE), CI 77891 (TITANIUM DIOXIDE).","Foundation","Essence","https://phorcys-static.ewg.org/cdn-cgi/image/width=560,height=800,quality=60/https://phorcys-static.ewg.org/image/contents/820158/original."
"1773503705-76","https://www.ewg.org/skindeep/browse/brands/12717-essence/","https://www.ewg.org/skindeep/browse/brands/12717-essence/?brand=Essence&page=28","Polly Pocket™ lip glaze, Fashion Polly","Essence","https://phorcys-static.ewg.org/cdn-cgi/image/width=480,height=480,quality=60/https://phorcys-static.ewg.org/image/contents/856650/original.","Essence
         Polly Pocket™ lip glaze, Fashion Polly
      
      
        
            
              
                MODERATE HAZARD
              Data Availability: Fair","https://www.ewg.org/skindeep/products/6210019-Essence_Polly_Pocket_lip_glaze_Fashion_Polly/","ETHYLHEXYL PALMITATE, POLYBUTENE, HYDROGENATED POLYISOBUTENE, ARGANIA SPINOSA KERNEL OIL, SILICA DIMETHYL SILYLATE, TOCOPHERYL ACETATE, CALCIUM ALUMINUM BOROSILICATE, ETHYLHEXYLGLYCERIN, PHENOXYETHANOL, PARFUM (FRAGRANCE), TIN OXIDE, CI 15850 (RED 6 LAKE), CI 77492 (IRON OXIDES), CI 77891 (TITANIUM DIOXIDE).","Lip Gloss","Essence","https://phorcys-static.ewg.org/cdn-cgi/image/width=560,height=800,quality=60/https://phorcys-static.ewg.org/image/contents/856650/original."
"1773503708-77","https://www.ewg.org/skindeep/browse/brands/12717-essence/","https://www.ewg.org/skindeep/browse/brands/12717-essence/?brand=Essence&page=28","Juicy Bomb Glossy Butter Balm 01, One In A Melon","Essence","https://phorcys-static.ewg.org/cdn-cgi/image/width=480,height=480,quality=60/https://phorcys-static.ewg.org/image/contents/851618/original.","Essence
         Juicy Bomb Glossy Butter Balm 01, One In A Melon
      
      
        
            
              
                MODERATE HAZARD
              Data Availability: Limited","https://www.ewg.org/skindeep/products/9185814-Essence_Juicy_Bomb_Glossy_Butter_Balm_01_One_In_A_Melon/","DIISOSTEARYL MALATE, TRIDECYL TRIMELLITATE, SYNTHETIC WAX, TRIETHYLHEXANOIN, POLYISOBUTENE, BIS-BEHENYL/ISOSTEARYL/PHYTOSTERYL DIMER DILINOLEYL DIMER DILINOLEATE, BIS-DIGLYCERYL POLYACYLADIPATE-2, PENTAERYTHRITYL TETRAISOSTEARATE, POLYGLYCERYL-2 TRIISOSTEARATE, TOCOPHERYL ACETATE, VITIS VINIFERA (GRAPE) SEED OIL, BUTYROSPERMUM PARKII (SHEA) BUTTER, COCOS NUCIFERA (COCONUT) OIL, PRUNUS AVIUM (SWEET CHERRY) SEED OIL, TOCOPHEROL, PHENOXYETHANOL, BENZYL ALCOHOL, PARFUM (FRAGRANCE), ALUMINUM HYDROXIDE, CI 15850 (RED 6), CI 15850 (RED 7), CI 77891 (TITANIUM DIOXIDE).","Lip Balm","Essence","https://phorcys-static.ewg.org/cdn-cgi/image/width=560,height=800,quality=60/https://phorcys-static.ewg.org/image/contents/851618/original."
"1773503711-78","https://www.ewg.org/skindeep/browse/brands/12717-essence/","https://www.ewg.org/skindeep/browse/brands/12717-essence/?brand=Essence&page=27","So Cherry Happy Body Mist","Essence","https://phorcys-static.ewg.org/cdn-cgi/image/width=480,height=480,quality=60/https://phorcys-static.ewg.org/image/contents/820120/original.","Essence
         So Cherry Happy Body Mist
      
      
        
            
              
                MODERATE HAZARD
              Data Availability: Fair","https://www.ewg.org/skindeep/products/9027674-Essence_So_Cherry_Happy_Body_Mist/","Alcohol Denat., Aqua (Water), Parfum (Fragrance), Kaempferia Galanga Root Extract, Pongamia Pinnata Seed Extract, Triethyl Citrate, Isoamyl Laurate, Dimethyl Phenethyl Acetate, Benzaldehyde, Rose Ketones, Coumarin, CI 14700 (Red 4).","Body Spray","Essence","https://phorcys-static.ewg.org/cdn-cgi/image/width=560,height=800,quality=60/https://phorcys-static.ewg.org/image/contents/820120/original."
"1773503713-79","https://www.ewg.org/skindeep/browse/brands/12717-essence/","https://www.ewg.org/skindeep/browse/brands/12717-essence/?brand=Essence&page=27","Cosmetics Get BIG! Lashes Volume Boost Waterprrof Mascara","Essence","https://phorcys-static.ewg.org/cdn-cgi/image/width=480,height=480,quality=60/https://phorcys-static.ewg.org/image/contents/572502/original.","Essence
         Cosmetics Get BIG! Lashes Volume Boost Waterprrof Mascara
      
      
        
            
              
                MODERATE HAZARD
              Data Availability: Fair","https://www.ewg.org/skindeep/products/956203-Essence_Cosmetics_Get_BIG_Lashes_Volume_Boost_Waterprrof_Mascara/","ISODODECANE, CERA ALBA (BEESWAX), AQUA (WATER), CANDELILLA (EUPHORBIA CERIFERA) WAX, TRIMETHYLSILOXYSILICATE, VP/HEXADECENE COPOLYMER, CARNAUBA (COPERNICIA CERIFERA) WAX, PROPYLENE GLYCOL, TALC, ALUMINUM STARCH OCTENYLSUCCINATE, RICINUS COMMUNIS (CASTOR) SEED OIL, SILICA, POTASSIUM HYDROXIDE, POTASSIUM SORBATE, ETHYLHEXYLGLYCERIN, BISABOLOL, TBHQ, TOCOPHEROL, PHENOXYETHANOL, FARNESOL, CI 77499 (IRON OXIDES).","Mascara","Essence","https://phorcys-static.ewg.org/cdn-cgi/image/width=560,height=800,quality=60/https://phorcys-static.ewg.org/image/contents/572502/original."
"1773503717-80","https://www.ewg.org/skindeep/browse/brands/12717-essence/","https://www.ewg.org/skindeep/browse/brands/12717-essence/?brand=Essence&page=27","FOUNDATION stick, 270 tan deep red","Essence","https://phorcys-static.ewg.org/cdn-cgi/image/width=480,height=480,quality=60/https://phorcys-static.ewg.org/image/contents/820178/original.","Essence
         FOUNDATION stick, 270 tan deep red
      
      
        
            
              
                MODERATE HAZARD
              Data Availability: Fair","https://www.ewg.org/skindeep/products/2228625-Essence_FOUNDATION_stick_270_tan_deep_red/","CAPRYLIC/CAPRIC TRIGLYCERIDE, OCTYLDODECANOL, ISONONYL ISONONANOATE, KAOLIN, ALUMINUM STARCH OCTENYLSUCCINATE, SYNTHETIC WAX, DIMETHICONE, ORYZA SATIVA (RICE) BRAN WAX, SODIUM HYALURONATE, DIMETHICONE/VINYL DIMETHICONE CROSSPOLYMER, DISTEARDIMONIUM HECTORITE, TRIETHOXYCAPRYLYLSILANE, PENTAERYTHRITYL TETRA-DI-T-BUTYL HYDROXYHYDROCINNAMATE, ETHYLHEXYL PALMITATE, TRIHYDROXYSTEARIN, DICALCIUM PHOSPHATE, AROMA (FLAVOR), DIMETHYL PHENETHYL ACETATE, CI 15850 (RED 6), CI 15850 (RED 7 LAKE), CI 42090 (BLUE 1 LAKE), CI 77491 (IRON OXIDES), CI 77492 (IRON OXIDES), CI 77499 (IRON OXIDES), CI 77510 (FERRIC AMMONIUM FERROCYANIDE), CI 77891 (TITANIUM DIOXIDE).","Foundation","Essence","https://phorcys-static.ewg.org/cdn-cgi/image/width=560,height=800,quality=60/https://phorcys-static.ewg.org/image/contents/820178/original."
"1773503720-81","https://www.ewg.org/skindeep/browse/brands/12717-essence/","https://www.ewg.org/skindeep/browse/brands/12717-essence/?brand=Essence&page=27","FOUNDATION stick, 240 tan pink","Essence","https://phorcys-static.ewg.org/cdn-cgi/image/width=480,height=480,quality=60/https://phorcys-static.ewg.org/image/contents/820175/original.","Essence
         FOUNDATION stick, 240 tan pink
      
      
        
            
              
                MODERATE HAZARD
              Data Availability: Fair","https://www.ewg.org/skindeep/products/8496628-Essence_FOUNDATION_stick_240_tan_pink/","CAPRYLIC/CAPRIC TRIGLYCERIDE, OCTYLDODECANOL, ISONONYL ISONONANOATE, KAOLIN, ALUMINUM STARCH OCTENYLSUCCINATE, SYNTHETIC WAX, DIMETHICONE, ORYZA SATIVA (RICE) BRAN WAX, SODIUM HYALURONATE, DIMETHICONE/VINYL DIMETHICONE CROSSPOLYMER, DISTEARDIMONIUM HECTORITE, DICALCIUM PHOSPHATE, PENTAERYTHRITYL TETRA-DI-T-BUTYL HYDROXYHYDROCINNAMATE, TRIETHOXYCAPRYLYLSILANE, ETHYLHEXYL PALMITATE, TRIHYDROXYSTEARIN, AROMA (FLAVOR), DIMETHYL PHENETHYL ACETATE, CI 15850 (RED 6), CI 15850 (RED 7 LAKE), CI 42090 (BLUE 1 LAKE), CI 77491 (IRON OXIDES), CI 77492 (IRON OXIDES), CI 77499 (IRON OXIDES), CI 77510 (FERRIC AMMONIUM FERROCYANIDE), CI 77891 (TITANIUM DIOXIDE).","Foundation","Essence","https://phorcys-static.ewg.org/cdn-cgi/image/width=560,height=800,quality=60/https://phorcys-static.ewg.org/image/contents/820175/original."
"1773503723-82","https://www.ewg.org/skindeep/browse/brands/12717-essence/","https://www.ewg.org/skindeep/browse/brands/12717-essence/?brand=Essence&page=27","FOUNDATION stick, 370 very deep cool","Essence","https://phorcys-static.ewg.org/cdn-cgi/image/width=480,height=480,quality=60/https://phorcys-static.ewg.org/image/contents/820186/original.","Essence
         FOUNDATION stick, 370 very deep cool
      
      
        
            
              
                MODERATE HAZARD
              Data Availability: Fair","https://www.ewg.org/skindeep/products/4332360-Essence_FOUNDATION_stick_370_very_deep_cool/","CAPRYLIC/CAPRIC TRIGLYCERIDE, OCTYLDODECANOL, ISONONYL ISONONANOATE, KAOLIN, ALUMINUM STARCH OCTENYLSUCCINATE, SYNTHETIC WAX, DIMETHICONE, ORYZA SATIVA (RICE) BRAN WAX, SODIUM HYALURONATE, DIMETHICONE/VINYL DIMETHICONE CROSSPOLYMER, DISTEARDIMONIUM HECTORITE, TRIETHOXYCAPRYLYLSILANE, PENTAERYTHRITYL TETRA-DI-T-BUTYL HYDROXYHYDROCINNAMATE, ETHYLHEXYL PALMITATE, TRIHYDROXYSTEARIN, DICALCIUM PHOSPHATE, AROMA (FLAVOR), DIMETHYL PHENETHYL ACETATE, CI 15850 (RED 6), CI 15850 (RED 7 LAKE), CI 42090 (BLUE 1 LAKE), CI 77491 (IRON OXIDES), CI 77492 (IRON OXIDES), CI 77499 (IRON OXIDES), CI 77510 (FERRIC AMMONIUM FERROCYANIDE), CI 77891 (TITANIUM DIOXIDE).","Foundation","Essence","https://phorcys-static.ewg.org/cdn-cgi/image/width=560,height=800,quality=60/https://phorcys-static.ewg.org/image/contents/820186/original."
"1773503726-83","https://www.ewg.org/skindeep/browse/brands/12717-essence/","https://www.ewg.org/skindeep/browse/brands/12717-essence/?brand=Essence&page=27","FOUNDATION stick, 190 medium pink","Essence","https://phorcys-static.ewg.org/cdn-cgi/image/width=480,height=480,quality=60/https://phorcys-static.ewg.org/image/contents/820167/original.","Essence
         FOUNDATION stick, 190 medium pink
      
      
        
            
              
                MODERATE HAZARD
              Data Availability: Fair","https://www.ewg.org/skindeep/products/4601398-Essence_FOUNDATION_stick_190_medium_pink/","CAPRYLIC/CAPRIC TRIGLYCERIDE, OCTYLDODECANOL, ISONONYL ISONONANOATE, KAOLIN, ALUMINUM STARCH OCTENYLSUCCINATE, SYNTHETIC WAX, DIMETHICONE, ORYZA SATIVA (RICE) BRAN WAX, SODIUM HYALURONATE, DIMETHICONE/VINYL DIMETHICONE CROSSPOLYMER, DISTEARDIMONIUM HECTORITE, DICALCIUM PHOSPHATE, PENTAERYTHRITYL TETRA-DI-T-BUTYL HYDROXYHYDROCINNAMATE, TRIETHOXYCAPRYLYLSILANE, ETHYLHEXYL PALMITATE, TRIHYDROXYSTEARIN, AROMA (FLAVOR), DIMETHYL PHENETHYL ACETATE, CI 15850 (RED 6), CI 15850 (RED 7 LAKE), CI 42090 (BLUE 1 LAKE), CI 77491 (IRON OXIDES), CI 77492 (IRON OXIDES), CI 77499 (IRON OXIDES), CI 77510 (FERRIC AMMONIUM FERROCYANIDE), CI 77891 (TITANIUM DIOXIDE).","Foundation","Essence","https://phorcys-static.ewg.org/cdn-cgi/image/width=560,height=800,quality=60/https://phorcys-static.ewg.org/image/contents/820167/original."
"1773503729-84","https://www.ewg.org/skindeep/browse/brands/12717-essence/","https://www.ewg.org/skindeep/browse/brands/12717-essence/?brand=Essence&page=27","So Cherry Happy Lip Balm","Essence","https://phorcys-static.ewg.org/cdn-cgi/image/width=480,height=480,quality=60/https://phorcys-static.ewg.org/image/contents/820124/original.","Essence
         So Cherry Happy Lip Balm
      
      
        
            
              
                MODERATE HAZARD
              Data Availability: Fair","https://www.ewg.org/skindeep/products/9172947-Essence_So_Cherry_Happy_Lip_Balm/","Caprylic/Capric Triglyceride, Ethylhexyl Palmitate, Helianthus Annuus Seed Wax, Polybutene, Bis-Diglyceryl Polyacyladipate-2, Euphorbia Cerifera Cera (Euphorbia Cerifera (Candelilla) Wax), Calcium Aluminum Borosilicate, Simmondsia Chinensis (Jojoba) Seed Oil, Tocopheryl Acetate, Argania Spinosa Kernel Oil, Ethylhexylglycerin, Phenoxyethanol, Parfum (Fragrance), Linalyl Acetate, Citrus Aurantium Peel Oil, Limonene, Anethole, Tin Oxide, CI 15850 (Red 6 Lake), CI 15850 (Red 7 Lake), Ci 45410 (Red 27 Lake), CI 77891 (Titanium Dioxide).","Lip Balm","Essence","https://phorcys-static.ewg.org/cdn-cgi/image/width=560,height=800,quality=60/https://phorcys-static.ewg.org/image/contents/820124/original."
"1773503732-85","https://www.ewg.org/skindeep/browse/brands/12717-essence/","https://www.ewg.org/skindeep/browse/brands/12717-essence/?brand=Essence&page=27","LASH LIKE A BOSS curl & length mascara, Black","Essence","https://phorcys-static.ewg.org/cdn-cgi/image/width=480,height=480,quality=60/https://phorcys-static.ewg.org/image/contents/856718/original.","Essence
         LASH LIKE A BOSS curl & length mascara, Black
      
      
        
            
              
                MODERATE HAZARD
              Data Availability: Fair","https://www.ewg.org/skindeep/products/5833658-Essence_LASH_LIKE_A_BOSS_curl__length_mascara_Black/","AQUA (WATER), GLYCERYL STEARATE, SYNTHETIC BEESWAX, COPERNICIA CERIFERA CERA (COPERNICIA CERIFERA (CARNAUBA) WAX), STEARIC ACID, GLYCERIN, PALMITIC ACID, ACRYLATES COPOLYMER, BUTYROSPERMUM PARKII (SHEA) BUTTER, BUTYLENE GLYCOL, RICINUS COMMUNIS (CASTOR) SEED OIL, PANTHENOL, CAPRYLYL GLYCOL, HYDROXYETHYLCELLULOSE, TALC, PVP, CELLULOSE, KAOLIN, ISOSTEARYL SEBACATE, DISODIUM PHOSPHATE, POLYSORBATE 60, DISODIUM STEAROYL GLUTAMATE, SODIUM PHOSPHATE, ALUMINUM HYDROXIDE, SODIUM HYDROXIDE, PHENOXYETHANOL, SODIUM DEHYDROACETATE, POTASSIUM SORBATE, CI 77007 (ULTRAMARINES), CI 77266 (BLACK 2) (NANO), CI 77499 (IRON OXIDES).","Mascara","Essence","https://phorcys-static.ewg.org/cdn-cgi/image/width=560,height=800,quality=60/https://phorcys-static.ewg.org/image/contents/856718/original."
"1773503734-86","https://www.ewg.org/skindeep/browse/brands/12717-essence/","https://www.ewg.org/skindeep/browse/brands/12717-essence/?brand=Essence&page=27","BABY GOT BLUSH liquid blush, 20 Blushin Berry","Essence","https://phorcys-static.ewg.org/cdn-cgi/image/width=480,height=480,quality=60/https://phorcys-static.ewg.org/image/contents/856862/original.","Essence
         BABY GOT BLUSH liquid blush, 20 Blushin Berry
      
      
        
            
              
                MODERATE HAZARD
              Data Availability: Fair","https://www.ewg.org/skindeep/products/4052230-Essence_BABY_GOT_BLUSH_liquid_blush_20_Blushin_Berry/",": AQUA (WATER), COCONUT ALKANES, ISOAMYL LAURATE, SILICA, TALC, PROPANEDIOL, POLYGLYCERYL-4 OLEATE, POLYGLYCERYL-4 ISOSTEARATE, ALOE BARBADENSIS LEAF JUICE, DIATOMACEOUS EARTH, DISTEARDIMONIUM HECTORITE, COCO-CAPRYLATE/CAPRATE, MAGNESIUM SULFATE, SODIUM HYALURONATE, TOCOPHEROL, POLYGLYCERYL-3 POLYRICINOLEATE, TRIETHOXYCAPRYLYLSILANE, ETHYLHEXYLGLYCERIN, PHENOXYETHANOL, PARFUM (FRAGRANCE), CI 15850 (RED 7 LAKE), CI 77491 (IRON OXIDES), CI 77492 (IRON OXIDES), CI 77499 (IRON OXIDES), CI 77891 (TITANIUM DIOXIDE).","Blush","Essence","https://phorcys-static.ewg.org/cdn-cgi/image/width=560,height=800,quality=60/https://phorcys-static.ewg.org/image/contents/856862/original."
"1773503738-87","https://www.ewg.org/skindeep/browse/brands/12717-essence/","https://www.ewg.org/skindeep/browse/brands/12717-essence/?brand=Essence&page=27","FOUNDATION stick, 250 tan deep warm","Essence","https://phorcys-static.ewg.org/cdn-cgi/image/width=480,height=480,quality=60/https://phorcys-static.ewg.org/image/contents/820176/original.","Essence
         FOUNDATION stick, 250 tan deep warm
      
      
        
            
              
                MODERATE HAZARD
              Data Availability: Fair","https://www.ewg.org/skindeep/products/3601041-Essence_FOUNDATION_stick_250_tan_deep_warm/","CAPRYLIC/CAPRIC TRIGLYCERIDE, OCTYLDODECANOL, ISONONYL ISONONANOATE, KAOLIN, ALUMINUM STARCH OCTENYLSUCCINATE, SYNTHETIC WAX, DIMETHICONE, ORYZA SATIVA (RICE) BRAN WAX, SODIUM HYALURONATE, DIMETHICONE/VINYL DIMETHICONE CROSSPOLYMER, DISTEARDIMONIUM HECTORITE, TRIETHOXYCAPRYLYLSILANE, PENTAERYTHRITYL TETRA-DI-T-BUTYL HYDROXYHYDROCINNAMATE, ETHYLHEXYL PALMITATE, TRIHYDROXYSTEARIN, DICALCIUM PHOSPHATE, AROMA (FLAVOR), DIMETHYL PHENETHYL ACETATE, CI 15850 (RED 6), CI 15850 (RED 7 LAKE), CI 42090 (BLUE 1 LAKE), CI 77491 (IRON OXIDES), CI 77492 (IRON OXIDES), CI 77499 (IRON OXIDES), CI 77510 (FERRIC AMMONIUM FERROCYANIDE), CI 77891 (TITANIUM DIOXIDE).","Foundation","Essence","https://phorcys-static.ewg.org/cdn-cgi/image/width=560,height=800,quality=60/https://phorcys-static.ewg.org/image/contents/820176/original."
"1773503740-88","https://www.ewg.org/skindeep/browse/brands/12717-essence/","https://www.ewg.org/skindeep/browse/brands/12717-essence/?brand=Essence&page=27","GLOSSY GLAZE high shine lipstick, 04 Red-dy For The Day","Essence","https://phorcys-static.ewg.org/cdn-cgi/image/width=480,height=480,quality=60/https://phorcys-static.ewg.org/image/contents/820142/original.","Essence
         GLOSSY GLAZE high shine lipstick, 04 Red-dy For The Day
      
      
        
            
              
                MODERATE HAZARD
              Data Availability: Fair","https://www.ewg.org/skindeep/products/7839345-Essence_GLOSSY_GLAZE_high_shine_lipstick_04_Reddy_For_The_Day/","OCTYLDODECANOL, POLYBUTENE, PHYTOSTERYL ISOSTEARATE, TRIDECYL TRIMELLITATE, BIS-DIGLYCERYL POLYACYLADIPATE-2, EUPHORBIA CERIFERA CERA (EUPHORBIA CERIFERA (CANDELILLA) WAX), HELIANTHUS ANNUUS (SUNFLOWER) SEED WAX, DIISOSTEARYL MALATE, TOCOPHERYL ACETATE, ETHYLHEXYLGLYCERIN, PHENOXYETHANOL, CINNAMYL ALCOHOL, CITRONELLOL, DIMETHYL PHENETHYL ACETATE, HEXYL CINNAMAL, LINALOOL, PARFUM (FRAGRANCE), CI 15850 (RED 6 LAKE), CI 15850 (RED 7 LAKE), CI 77492 (IRON OXIDES), CI 77891 (TITANIUM DIOXIDE).","Lipstick","Essence","https://phorcys-static.ewg.org/cdn-cgi/image/width=560,height=800,quality=60/https://phorcys-static.ewg.org/image/contents/820142/original."
"1773503743-89","https://www.ewg.org/skindeep/browse/brands/12717-essence/","https://www.ewg.org/skindeep/browse/brands/12717-essence/?brand=Essence&page=27","BABY GOT BLUSH liquid blush, 10 Pinkalicious","Essence","https://phorcys-static.ewg.org/cdn-cgi/image/width=480,height=480,quality=60/https://phorcys-static.ewg.org/image/contents/849411/original.","Essence
         BABY GOT BLUSH liquid blush, 10 Pinkalicious
      
      
        
            
              
                MODERATE HAZARD
              Data Availability: Fair","https://www.ewg.org/skindeep/products/1086242-Essence_BABY_GOT_BLUSH_liquid_blush_10_Pinkalicious/",": AQUA (WATER), COCONUT ALKANES, ISOAMYL LAURATE, SILICA, TALC, PROPANEDIOL, POLYGLYCERYL-4 OLEATE, POLYGLYCERYL-4 ISOSTEARATE, ALOE BARBADENSIS LEAF JUICE, DIATOMACEOUS EARTH, DISTEARDIMONIUM HECTORITE, COCO-CAPRYLATE/CAPRATE, MAGNESIUM SULFATE, SODIUM HYALURONATE, TOCOPHEROL, POLYGLYCERYL-3 POLYRICINOLEATE, TRIETHOXYCAPRYLYLSILANE, ETHYLHEXYLGLYCERIN, PHENOXYETHANOL, PARFUM (FRAGRANCE), CI 15850 (RED 7 LAKE), CI 77491 (IRON OXIDES), CI 77891 (TITANIUM DIOXIDE).","Blush","Essence","https://phorcys-static.ewg.org/cdn-cgi/image/width=560,height=800,quality=60/https://phorcys-static.ewg.org/image/contents/849411/original."
"1773503747-90","https://www.ewg.org/skindeep/browse/brands/12717-essence/","https://www.ewg.org/skindeep/browse/brands/12717-essence/?brand=Essence&page=26","FOUNDATION stick, 120 light warm yellow","Essence","https://phorcys-static.ewg.org/cdn-cgi/image/width=480,height=480,quality=60/https://phorcys-static.ewg.org/image/contents/820160/original.","Essence
         FOUNDATION stick, 120 light warm yellow
      
      
        
            
              
                MODERATE HAZARD
              Data Availability: Fair","https://www.ewg.org/skindeep/products/9355969-Essence_FOUNDATION_stick_120_light_warm_yellow/","CAPRYLIC/CAPRIC TRIGLYCERIDE, OCTYLDODECANOL, ISONONYL ISONONANOATE, KAOLIN, ALUMINUM STARCH OCTENYLSUCCINATE, SYNTHETIC WAX, DIMETHICONE, ORYZA SATIVA (RICE) BRAN WAX, SODIUM HYALURONATE, DIMETHICONE/VINYL DIMETHICONE CROSSPOLYMER, DISTEARDIMONIUM HECTORITE, DICALCIUM PHOSPHATE, PENTAERYTHRITYL TETRA-DI-T-BUTYL HYDROXYHYDROCINNAMATE, TRIETHOXYCAPRYLYLSILANE, ETHYLHEXYL PALMITATE, TRIHYDROXYSTEARIN, AROMA (FLAVOR), DIMETHYL PHENETHYL ACETATE, CI 15850 (RED 6), CI 15850 (RED 7 LAKE), CI 42090 (BLUE 1 LAKE), CI 77491 (IRON OXIDES), CI 77492 (IRON OXIDES), CI 77499 (IRON OXIDES), CI 77510 (FERRIC AMMONIUM FERROCYANIDE), CI 77891 (TITANIUM DIOXIDE).","Foundation","Essence","https://phorcys-static.ewg.org/cdn-cgi/image/width=560,height=800,quality=60/https://phorcys-static.ewg.org/image/contents/820160/original."
"1773503749-91","https://www.ewg.org/skindeep/browse/brands/12717-essence/","https://www.ewg.org/skindeep/browse/brands/12717-essence/?brand=Essence&page=26","Juicy Bomb Shiny Lipgloss 102 Witty Watermelon","Essence","https://phorcys-static.ewg.org/cdn-cgi/image/width=480,height=480,quality=60/https://phorcys-static.ewg.org/image/contents/811922/original.","Essence
         Juicy Bomb Shiny Lipgloss 102 Witty Watermelon
      
      
        
            
              
                MODERATE HAZARD
              Data Availability: Limited","https://www.ewg.org/skindeep/products/7739164-Essence_Juicy_Bomb_Shiny_Lipgloss_102_Witty_Watermelon/","ETHYLHEXYL STEARATE, RICINUS COMMUNIS (CASTOR) SEED OIL, SILICA DIMETHYL SILYLATE, OLEIC/LINOLEIC/LINOLENIC POLYGLYCERIDES, PRUNUS AMYGDALUS DULCIS (SWEET ALMOND) OIL, STEVIA REBAUDIANA EXTRACT, CAPRYLYL GLYCOL, TOCOPHERYLACETATE, MICA, GLYCERIN, CAPRYLHYDROXAMIC ACID, SILICA, PARFUM (FRAGRANCE), CI 15850 (RED 7 LAKE), CI 77891 (TITANIUM DIOXIDE).","Lip Gloss","Essence","https://phorcys-static.ewg.org/cdn-cgi/image/width=560,height=800,quality=60/https://phorcys-static.ewg.org/image/contents/811922/original."
"1773503752-92","https://www.ewg.org/skindeep/browse/brands/12717-essence/","https://www.ewg.org/skindeep/browse/brands/12717-essence/?brand=Essence&page=26","MY HEART BEATS DISCO glitter switch liquid lipstick, 01...","Essence","https://phorcys-static.ewg.org/cdn-cgi/image/width=480,height=480,quality=60/https://phorcys-static.ewg.org/image/contents/820244/original.","Essence
         MY HEART BEATS DISCO glitter switch liquid lipstick, 01...
      
      
        
            
              
                MODERATE HAZARD
              Data Availability: Fair","https://www.ewg.org/skindeep/products/3311962-Essence_MY_HEART_BEATS_DISCO_glitter_switch_liquid_lipstick_01_Ready_Set_Disco/","ISODODECANE, CALCIUM SODIUM BOROSILICATE, POLYBUTENE, SIMMONDSIA CHINENSIS (JOJOBA) SEED OIL, ARGANIA SPINOSA KERNEL OIL, OCTYLDODECANOL, TOCOPHERYL ACETATE, TRIMETHYLSILOXYSILICATE, ETHYLHEXYLGLYCERIN, PHENOXYETHANOL, PARFUM (FRAGRANCE), TIN OXIDE, CI 15850 (RED 7 LAKE), CI 45410 (RED 27 LAKE), CI 77891 (TITANIUM DIOXIDE).","Lip Gloss","Essence","https://phorcys-static.ewg.org/cdn-cgi/image/width=560,height=800,quality=60/https://phorcys-static.ewg.org/image/contents/820244/original."
"1773503754-93","https://www.ewg.org/skindeep/browse/brands/12717-essence/","https://www.ewg.org/skindeep/browse/brands/12717-essence/?brand=Essence&page=26","the super peptide glossy lip treatment, 01 Peptacular!","Essence","https://phorcys-static.ewg.org/cdn-cgi/image/width=480,height=480,quality=60/https://phorcys-static.ewg.org/image/contents/820223/original.","Essence
         the super peptide glossy lip treatment, 01 Peptacular!
      
      
        
            
              
                MODERATE HAZARD
              Data Availability: Limited","https://www.ewg.org/skindeep/products/8538250-Essence_the_super_peptide_glossy_lip_treatment_01_Peptacular/","BIS-DIGLYCERYL POLYACYLADIPATE-2, POLYBUTENE, BUTYROSPERMUM PARKII (SHEA) BUTTER, DIMER DILINOLEYL DIMER DILINOLEATE, PENTAERYTHRITYL TETRAISOSTEARATE, SORBITAN OLIVATE, SYNTHETIC WAX, ETHYLHEXYL PALMITATE, TOCOPHERYL ACETATE, BISABOLOL, HELIANTHUS ANNUUS (SUNFLOWER) SEED OIL, TOCOPHEROL, TRIBEHENIN, SORBITAN ISOSTEARATE, ETHYLHEXYLGLYCERIN, PALMITOYL TRIPEPTIDE-1, BETA-SITOSTEROL, SQUALENE, PHENOXYETHANOL, AROMA (FLAVOR).","Lip Gloss","Essence","https://phorcys-static.ewg.org/cdn-cgi/image/width=560,height=800,quality=60/https://phorcys-static.ewg.org/image/contents/820223/original."
"1773503757-94","https://www.ewg.org/skindeep/browse/brands/12717-essence/","https://www.ewg.org/skindeep/browse/brands/12717-essence/?brand=Essence&page=26","FaBOWlous loose setting & baking powder, 01 Bow Set Go!","Essence","https://phorcys-static.ewg.org/cdn-cgi/image/width=480,height=480,quality=60/https://phorcys-static.ewg.org/image/contents/820193/original.","Essence
         FaBOWlous loose setting & baking powder, 01 Bow Set Go!
      
      
        
            
              
                MODERATE HAZARD
              Data Availability: Limited","https://www.ewg.org/skindeep/products/3407605-Essence_FaBOWlous_loose_setting__baking_powder_01_Bow_Set_Go/","SYNTHETIC FLUORPHLOGOPITE, ALUMINUM STARCH OCTENYLSUCCINATE, SILICA, VINYL DIMETHICONE/METHICONE SILSESQUIOXANE CROSSPOLYMER, CAPRYLIC/CAPRIC TRIGLYCERIDE, MAGNESIUM MYRISTATE, TOCOPHERYL ACETATE, ETHYLHEXYLGLYCERIN, PHENOXYETHANOL, PARFUM (FRAGRANCE), CI 15850 (RED 6 LAKE), CI 77163 (BISMUTH OXYCHLORIDE), CI 77491 (IRON OXIDES), CI 77492 (IRON OXIDES).","Setting Powder/Spray","Essence","https://phorcys-static.ewg.org/cdn-cgi/image/width=560,height=800,quality=60/https://phorcys-static.ewg.org/image/contents/820193/original."
"1773503760-95","https://www.ewg.org/skindeep/browse/brands/12717-essence/","https://www.ewg.org/skindeep/browse/brands/12717-essence/?brand=Essence&page=26","FOUNDATION stick, 280 deep cool","Essence","https://phorcys-static.ewg.org/cdn-cgi/image/width=480,height=480,quality=60/https://phorcys-static.ewg.org/image/contents/820179/original.","Essence
         FOUNDATION stick, 280 deep cool
      
      
        
            
              
                MODERATE HAZARD
              Data Availability: Fair","https://www.ewg.org/skindeep/products/4282435-Essence_FOUNDATION_stick_280_deep_cool/","CAPRYLIC/CAPRIC TRIGLYCERIDE, OCTYLDODECANOL, ISONONYL ISONONANOATE, KAOLIN, ALUMINUM STARCH OCTENYLSUCCINATE, SYNTHETIC WAX, DIMETHICONE, ORYZA SATIVA (RICE) BRAN WAX, SODIUM HYALURONATE, DIMETHICONE/VINYL DIMETHICONE CROSSPOLYMER, DISTEARDIMONIUM HECTORITE, TRIETHOXYCAPRYLYLSILANE, PENTAERYTHRITYL TETRA-DI-T-BUTYL HYDROXYHYDROCINNAMATE, ETHYLHEXYL PALMITATE, TRIHYDROXYSTEARIN, DICALCIUM PHOSPHATE, AROMA (FLAVOR), DIMETHYL PHENETHYL ACETATE, CI 15850 (RED 6), CI 15850 (RED 7 LAKE), CI 42090 (BLUE 1 LAKE), CI 77491 (IRON OXIDES), CI 77492 (IRON OXIDES), CI 77499 (IRON OXIDES), CI 77510 (FERRIC AMMONIUM FERROCYANIDE), CI 77891 (TITANIUM DIOXIDE).","Foundation","Essence","https://phorcys-static.ewg.org/cdn-cgi/image/width=560,height=800,quality=60/https://phorcys-static.ewg.org/image/contents/820179/original."
"1773503763-96","https://www.ewg.org/skindeep/browse/brands/12717-essence/","https://www.ewg.org/skindeep/browse/brands/12717-essence/?brand=Essence&page=26","Polly Pocket™ lip glaze, 90s Girl","Essence","https://phorcys-static.ewg.org/cdn-cgi/image/width=480,height=480,quality=60/https://phorcys-static.ewg.org/image/contents/856649/original.","Essence
         Polly Pocket™ lip glaze, 90s Girl
      
      
        
            
              
                MODERATE HAZARD
              Data Availability: Fair","https://www.ewg.org/skindeep/products/3393375-Essence_Polly_Pocket_lip_glaze_90s_Girl/","ETHYLHEXYL PALMITATE, POLYBUTENE, HYDROGENATED POLYISOBUTENE, ARGANIA SPINOSA KERNEL OIL, SILICA DIMETHYL SILYLATE, TOCOPHERYL ACETATE, CALCIUM ALUMINUM BOROSILICATE, ETHYLHEXYLGLYCERIN, PHENOXYETHANOL, PARFUM (FRAGRANCE), LINALOOL, TIN OXIDE, CI 15850 (RED 6 LAKE), CI 15850 (RED 7 LAKE), CI 77891 (TITANIUM DIOXIDE).","Lip Gloss","Essence","https://phorcys-static.ewg.org/cdn-cgi/image/width=560,height=800,quality=60/https://phorcys-static.ewg.org/image/contents/856649/original."
"1773503766-97","https://www.ewg.org/skindeep/browse/brands/12717-essence/","https://www.ewg.org/skindeep/browse/brands/12717-essence/?brand=Essence&page=26","Lash PRINCESS waterproof eye make-up remover","Essence","https://phorcys-static.ewg.org/cdn-cgi/image/width=480,height=480,quality=60/https://phorcys-static.ewg.org/image/contents/820229/original.","Essence
         Lash PRINCESS waterproof eye make-up remover
      
      
        
            
              
                MODERATE HAZARD
              Data Availability: Fair","https://www.ewg.org/skindeep/products/7128868-Essence_Lash_PRINCESS_waterproof_eye_makeup_remover/","AQUA (WATER), ETHYLHEXYL STEARATE, GLYCERIN, CHAMOMILLA RECUTITA (MATRICARIA) FLOWER WATER, TOCOPHEROL, HELIANTHUS ANNUUS (SUNFLOWER) SEED OIL, ALLANTOIN, SODIUM SULFATE, SODIUM CHLORIDE, CITRIC ACID, PHENOXYETHANOL, SODIUM BENZOATE, PARFUM (FRAGRANCE), CI 42090 (BLUE 1).","Eye Makeup Remover","Essence","https://phorcys-static.ewg.org/cdn-cgi/image/width=560,height=800,quality=60/https://phorcys-static.ewg.org/image/contents/820229/original."
"1773503769-98","https://www.ewg.org/skindeep/browse/brands/12717-essence/","https://www.ewg.org/skindeep/browse/brands/12717-essence/?brand=Essence&page=26","Volume Booster Lash Primer - 0.23 fl oz","Essence","https://phorcys-static.ewg.org/cdn-cgi/image/width=480,height=480,quality=60/https://phorcys-static.ewg.org/image/contents/643821/original.","Essence
         Volume Booster Lash Primer - 0.23 fl oz
      
      
        
            
              
                MODERATE HAZARD
              Data Availability: Fair","https://www.ewg.org/skindeep/products/1018847-Essence_Volume_Booster_Lash_Primer__023_fl_oz/","AQUA (WATER), SYNTHETIC BEESWAX, COPERNICIA CERIFERA (CARNAUBA) WAX, ACACIA SENEGAL GUM, GLYCERYL STEARATE, STEARIC ACID, TALC, PALMITIC ACID, POLYBUTENE, VP/EICOSENE COPOLYMER, BUTYLENE GLYCOL, AMINOMETHYL PROPANOL, CERA MICROCRISTALLINA (MICROCRYSTALLINE WAX), TOCOPHERYL ACETATE, EUTERPE OLERACEA FRUIT OIL, TOCOPHEROL, HYDROXYETHYLCELLULOSE, MANGIFERA INDICA (MANGO) SEED BUTTER, ETHYLHEXYLGLYCERIN, METHYLPROPANEDIOL, LAURIC ACID, LAURYL ALCOHOL DIPHOSPHONIC ACID, PHENOXYETHANOL, PARFUM (FRAGRANCE), CI 77891 (TITANIUM DIOXIDE)","Mascara","Essence","https://phorcys-static.ewg.org/cdn-cgi/image/width=560,height=800,quality=60/https://phorcys-static.ewg.org/image/contents/643821/original."
"1773503772-99","https://www.ewg.org/skindeep/browse/brands/12717-essence/","https://www.ewg.org/skindeep/browse/brands/12717-essence/?brand=Essence&page=26","FOUNDATION stick, 380 very deep neutral","Essence","https://phorcys-static.ewg.org/cdn-cgi/image/width=480,height=480,quality=60/https://phorcys-static.ewg.org/image/contents/820188/original.","Essence
         FOUNDATION stick, 380 very deep neutral
      
      
        
            
              
                MODERATE HAZARD
              Data Availability: Fair","https://www.ewg.org/skindeep/products/8403294-Essence_FOUNDATION_stick_380_very_deep_neutral/","CAPRYLIC/CAPRIC TRIGLYCERIDE, OCTYLDODECANOL, ISONONYL ISONONANOATE, KAOLIN, ALUMINUM STARCH OCTENYLSUCCINATE, SYNTHETIC WAX, DIMETHICONE, ORYZA SATIVA (RICE) BRAN WAX, SODIUM HYALURONATE, DIMETHICONE/VINYL DIMETHICONE CROSSPOLYMER, DISTEARDIMONIUM HECTORITE, TRIETHOXYCAPRYLYLSILANE, PENTAERYTHRITYL TETRA-DI-T-BUTYL HYDROXYHYDROCINNAMATE, ETHYLHEXYL PALMITATE, TRIHYDROXYSTEARIN, DICALCIUM PHOSPHATE, AROMA (FLAVOR), DIMETHYL PHENETHYL ACETATE, CI 15850 (RED 6), CI 15850 (RED 7 LAKE), CI 42090 (BLUE 1 LAKE), CI 77491 (IRON OXIDES), CI 77492 (IRON OXIDES), CI 77499 (IRON OXIDES), CI 77510 (FERRIC AMMONIUM FERROCYANIDE), CI 77891 (TITANIUM DIOXIDE).","Foundation","Essence","https://phorcys-static.ewg.org/cdn-cgi/image/width=560,height=800,quality=60/https://phorcys-static.ewg.org/image/contents/820188/original."
"1773503775-100","https://www.ewg.org/skindeep/browse/brands/12717-essence/","https://www.ewg.org/skindeep/browse/brands/12717-essence/?brand=Essence&page=26","Nothing Compares to Nude Eyeshadow Palette","Essence","https://phorcys-static.ewg.org/cdn-cgi/image/width=480,height=480,quality=60/https://static.ewg.org/skindeep/img/missing_images/sd_logo.png","Essence
         Nothing Compares to Nude Eyeshadow Palette
      
      
        
            
              
                MODERATE HAZARD
              Data Availability: Fair","https://www.ewg.org/skindeep/products/999436-Essence_Nothing_Compares_to_Nude_Eyeshadow_Palette/","TALC, MICA, MAGNESIUM STEARATE, DIMETHICONE, HYDROGENATED POLYISOBUTENE, POLYBUTENE, BIS-DIGLYCERYL POLYACYLADIPATE-2, TOCOPHERYL ACETATE, ETHYLHEXYLGLYCERIN, PHENOXYETHANOL, PARFUM (FRAGRANCE), BENZYL ALCOHOL, BENZYL BENZOATE, BENZYL SALICYLATE, HEXYL CINNAMAL, HYDROXYCITRONELLAL, CI 77491, CI 77492, CI 77499 (IRON OXIDES), CI 77891 (TITANIUM DIOXIDE). AND INGREDIENTS: TALC, MICA, SILICA, MAGNESIUM STEARATE, DIMETHICONE, HYDROGENATED POLYISOBUTENE, POLYBUTENE, BIS-DIGLYCERYL POLYACYLADIPATE-2, TOCOPHERYL ACETATE, ETHYLHEXYLGLYCERIN, PHENOXYETHANOL, PARFUM (FRAGRANCE), BENZYL ALCOHOL, BENZYL BENZOATE, BENZYL SALICYLATE, HEXYL CINNAMAL, HYDROXYCITRONELLAL, MAY CONTAIN/[+/-]: CI 77491, CI 77492, CI 77499 (IRON OXIDES), CI 77891 (TITANIUM DIOXIDE). AND INGREDIENTS: MICA, DIMETHICONE, MAGNESIUM STEARATE, SILICA, TRIMETHYLSILOXYSILICATE, DISILOXANE, DIMETHICONE/VINYL DIMETHICONE CROSSPOLYMER, TOCOPHERYL ACETATE, ETHYLHEXYLGLYCERIN, PHENOXYETHANOL, PARFUM (FRAGRANCE), BENZYL ALCOHOL, BENZYL BENZOATE, BENZYL SALICYLATE, HEXYL CINNAMAL, HYDROXYCITRONELLAL, MAY CONTAIN/[+/-]: CI 77491, CI 77492, CI 77499 (IRON OXIDES), CI 77891 (TITANIUM DIOXIDE).","Eye Shadow","Essence","https://phorcys-static.ewg.org/cdn-cgi/image/width=560,height=800,quality=60/https://static.ewg.org/skindeep/img/missing_images/sd_logo.png"
"1773503778-101","https://www.ewg.org/skindeep/browse/brands/12717-essence/","https://www.ewg.org/skindeep/browse/brands/12717-essence/?brand=Essence&page=26","Metal Chrome Blush (2018 formulation)","Essence","https://phorcys-static.ewg.org/cdn-cgi/image/width=480,height=480,quality=60/https://phorcys-static.ewg.org/image/contents/744550/original.","Essence
         Metal Chrome Blush (2018 formulation)
      
      
        
            
              
                MODERATE HAZARD
              Data Availability: Fair","https://www.ewg.org/skindeep/products/877968-Essence_Metal_Chrome_Blush_2018_formulation/","TALC, MICA, DIMETHICONE, SYNTHETIC FLUORPHLOGOPITE, MAGNESIUM STEARATE, PENTAERYTHRITYL TETRAISOSTEARATE, ISOPROPYL ISOSTEARATE, SYNTHETIC WAX, PARAFFINUM LIQUIDUM (MINERAL OIL), DIISOSTEARYL MALATE, ETHYLHEXYL STEARATE, TIN OXIDE, ETHYLHEXYLGLYCERIN, PHENOXYETHANOL, CI 15850 (RED 7 LAKE), CI 19140 (YELLOW 5 LAKE), CI 77007 (ULTRAMARINES), CI 77491 (IRON OXIDES), CI 77492 (IRON OXIDES), CI 77499 (IRON OXIDES), CI 77891 (TITANIUM DIOXIDE).","Blush","Essence","https://phorcys-static.ewg.org/cdn-cgi/image/width=560,height=800,quality=60/https://phorcys-static.ewg.org/image/contents/744550/original."
"1773503781-102","https://www.ewg.org/skindeep/browse/brands/12717-essence/","https://www.ewg.org/skindeep/browse/brands/12717-essence/?brand=Essence&page=25","FOUNDATION stick, 140 light neutral","Essence","https://phorcys-static.ewg.org/cdn-cgi/image/width=480,height=480,quality=60/https://phorcys-static.ewg.org/image/contents/820161/original.","Essence
         FOUNDATION stick, 140 light neutral
      
      
        
            
              
                MODERATE HAZARD
              Data Availability: Fair","https://www.ewg.org/skindeep/products/5966296-Essence_FOUNDATION_stick_140_light_neutral/","CAPRYLIC/CAPRIC TRIGLYCERIDE, OCTYLDODECANOL, ISONONYL ISONONANOATE, KAOLIN, ALUMINUM STARCH OCTENYLSUCCINATE, SYNTHETIC WAX, DIMETHICONE, ORYZA SATIVA (RICE) BRAN WAX, SODIUM HYALURONATE, DIMETHICONE/VINYL DIMETHICONE CROSSPOLYMER, DISTEARDIMONIUM HECTORITE, DICALCIUM PHOSPHATE, PENTAERYTHRITYL TETRA-DI-T-BUTYL HYDROXYHYDROCINNAMATE, ETHYLHEXYL PALMITATE, TRIETHOXYCAPRYLYLSILANE, TRIHYDROXYSTEARIN, AROMA (FLAVOR), DIMETHYL PHENETHYL ACETATE, CI 15850 (RED 6), CI 15850 (RED 7 LAKE), CI 42090 (BLUE 1 LAKE), CI 77491 (IRON OXIDES), CI 77492 (IRON OXIDES), CI 77499 (IRON OXIDES), CI 77510 (FERRIC AMMONIUM FERROCYANIDE), CI 77891 (TITANIUM DIOXIDE).","Foundation","Essence","https://phorcys-static.ewg.org/cdn-cgi/image/width=560,height=800,quality=60/https://phorcys-static.ewg.org/image/contents/820161/original."
"1773503784-103","https://www.ewg.org/skindeep/browse/brands/12717-essence/","https://www.ewg.org/skindeep/browse/brands/12717-essence/?brand=Essence&page=25","JUICY BOMB PARTY lip oil, Watermelon Wonders","Essence","https://phorcys-static.ewg.org/cdn-cgi/image/width=480,height=480,quality=60/https://phorcys-static.ewg.org/image/contents/856667/original.","Essence
         JUICY BOMB PARTY lip oil, Watermelon Wonders
      
      
        
            
              
                MODERATE HAZARD
              Data Availability: Limited","https://www.ewg.org/skindeep/products/2775608-Essence_JUICY_BOMB_PARTY_lip_oil_Watermelon_Wonders/","DIISOSTEARYL MALATE, TRIDECYL TRIMELLITATE, POLYISOBUTENE, SILICA, SIMMONDSIA CHINENSIS (JOJOBA) SEED OIL, LIMNANTHES ALBA (MEADOWFOAM) SEED OIL, TOCOPHERYL ACETATE, HYDROLYZED SODIUM HYALURONATE, GLYCERYL BEHENATE, ETHYLHEXYLGLYCERIN, PHENOXYETHANOL, BENZYL ALCOHOL, PARFUM (FRAGRANCE), CI 15850 (RED 6 LAKE), CI 15850 (RED 6), CI 15850 (RED 7 LAKE).","Lip Gloss","Essence","https://phorcys-static.ewg.org/cdn-cgi/image/width=560,height=800,quality=60/https://phorcys-static.ewg.org/image/contents/856667/original."
"1773503787-104","https://www.ewg.org/skindeep/browse/brands/12717-essence/","https://www.ewg.org/skindeep/browse/brands/12717-essence/?brand=Essence&page=25","Juicy Bomb Glossy Butter Balm, 04 Kiwi To My Heart","Essence","https://phorcys-static.ewg.org/cdn-cgi/image/width=480,height=480,quality=60/https://phorcys-static.ewg.org/image/contents/851625/original.","Essence
         Juicy Bomb Glossy Butter Balm, 04 Kiwi To My Heart
      
      
        
            
              
                MODERATE HAZARD
              Data Availability: Limited","https://www.ewg.org/skindeep/products/9538959-Essence_Juicy_Bomb_Glossy_Butter_Balm_04_Kiwi_To_My_Heart/","DIISOSTEARYL MALATE, TRIDECYL TRIMELLITATE, SYNTHETIC WAX, TRIETHYLHEXANOIN, POLYISOBUTENE, BIS-BEHENYL/ISOSTEARYL/PHYTOSTERYL DIMER DILINOLEYL DIMER DILINOLEATE, BIS-DIGLYCERYL POLYACYLADIPATE-2, PENTAERYTHRITYL TETRAISOSTEARATE, POLYGLYCERYL-2 TRIISOSTEARATE, VITIS VINIFERA (GRAPE) SEED OIL, TOCOPHERYL ACETATE, BUTYROSPERMUM PARKII (SHEA) BUTTER, COCOS NUCIFERA (COCONUT) OIL, PRUNUS AVIUM (SWEET CHERRY) SEED OIL, TOCOPHEROL, BENZYL SALICYLATE, PHENOXYETHANOL, PARFUM (FRAGRANCE), LIMONENE, CITRAL, ALUMINUM HYDROXIDE, CI 42090 (BLUE 1 LAKE), CI 77491 (IRON OXIDES), CI 77492 (IRON OXIDES), CI 77499 (IRON OXIDES), CI 77891 (TITANIUM DIOXIDE).","Lip Balm","Essence","https://phorcys-static.ewg.org/cdn-cgi/image/width=560,height=800,quality=60/https://phorcys-static.ewg.org/image/contents/851625/original."
"1773503789-105","https://www.ewg.org/skindeep/browse/brands/12717-essence/","https://www.ewg.org/skindeep/browse/brands/12717-essence/?brand=Essence&page=25","GLOSSY GLAZE high shine lipstick, 02 On Cloud Nude","Essence","https://phorcys-static.ewg.org/cdn-cgi/image/width=480,height=480,quality=60/https://phorcys-static.ewg.org/image/contents/820140/original.","Essence
         GLOSSY GLAZE high shine lipstick, 02 On Cloud Nude
      
      
        
            
              
                MODERATE HAZARD
              Data Availability: Fair","https://www.ewg.org/skindeep/products/6304976-Essence_GLOSSY_GLAZE_high_shine_lipstick_02_On_Cloud_Nude/","OCTYLDODECANOL, POLYBUTENE, PHYTOSTERYL ISOSTEARATE, TRIDECYL TRIMELLITATE, BIS-DIGLYCERYL POLYACYLADIPATE-2, EUPHORBIA CERIFERA CERA (EUPHORBIA CERIFERA (CANDELILLA) WAX), HELIANTHUS ANNUUS (SUNFLOWER) SEED WAX, DIISOSTEARYL MALATE, TOCOPHERYL ACETATE, ETHYLHEXYLGLYCERIN, PHENOXYETHANOL, CINNAMYL ALCOHOL, CITRONELLOL, DIMETHYL PHENETHYL ACETATE, HEXYL CINNAMAL, LINALOOL, PARFUM (FRAGRANCE), CI 15850 (RED 7 LAKE), CI 77491 (IRON OXIDES), CI 77492 (IRON OXIDES), CI 77499 (IRON OXIDES), CI 77891 (TITANIUM DIOXIDE).","Lipstick","Essence","https://phorcys-static.ewg.org/cdn-cgi/image/width=560,height=800,quality=60/https://phorcys-static.ewg.org/image/contents/820140/original."
"1773503793-106","https://www.ewg.org/skindeep/browse/brands/12717-essence/","https://www.ewg.org/skindeep/browse/brands/12717-essence/?brand=Essence&page=25","FOUNDATION stick, 100 light cool neutral","Essence","https://phorcys-static.ewg.org/cdn-cgi/image/width=480,height=480,quality=60/https://phorcys-static.ewg.org/image/contents/820157/original.","Essence
         FOUNDATION stick, 100 light cool neutral
      
      
        
            
              
                MODERATE HAZARD
              Data Availability: Fair","https://www.ewg.org/skindeep/products/6729140-Essence_FOUNDATION_stick_100_light_cool_neutral/","CAPRYLIC/CAPRIC TRIGLYCERIDE, OCTYLDODECANOL, ISONONYL ISONONANOATE, KAOLIN, ALUMINUM STARCH OCTENYLSUCCINATE, SYNTHETIC WAX, DIMETHICONE, ORYZA SATIVA (RICE) BRAN WAX, SODIUM HYALURONATE, DIMETHICONE/VINYL DIMETHICONE CROSSPOLYMER, DISTEARDIMONIUM HECTORITE, DICALCIUM PHOSPHATE, PENTAERYTHRITYL TETRA-DI-T-BUTYL HYDROXYHYDROCINNAMATE, ETHYLHEXYL PALMITATE, TRIETHOXYCAPRYLYLSILANE, TRIHYDROXYSTEARIN, AROMA (FLAVOR), DIMETHYL PHENETHYL ACETATE, CI 15850 (RED 6), CI 15850 (RED 7 LAKE), CI 42090 (BLUE 1 LAKE), CI 77491 (IRON OXIDES), CI 77492 (IRON OXIDES), CI 77499 (IRON OXIDES), CI 77510 (FERRIC AMMONIUM FERROCYANIDE), CI 77891 (TITANIUM DIOXIDE).","Foundation","Essence","https://phorcys-static.ewg.org/cdn-cgi/image/width=560,height=800,quality=60/https://phorcys-static.ewg.org/image/contents/820157/original."
"1773503795-107","https://www.ewg.org/skindeep/browse/brands/12717-essence/","https://www.ewg.org/skindeep/browse/brands/12717-essence/?brand=Essence&page=25","BABY GOT BRONZE liquid bronzer, 10 Sweet Shadows","Essence","https://phorcys-static.ewg.org/cdn-cgi/image/width=480,height=480,quality=60/https://phorcys-static.ewg.org/image/contents/820235/original.","Essence
         BABY GOT BRONZE liquid bronzer, 10 Sweet Shadows
      
      
        
            
              
                MODERATE HAZARD
              Data Availability: Fair","https://www.ewg.org/skindeep/products/1798696-Essence_BABY_GOT_BRONZE_liquid_bronzer_10_Sweet_Shadows/","AQUA (WATER), COCONUT ALKANES, ISOAMYL LAURATE, SILICA, TALC, PROPANEDIOL, TRI (POLYGLYCERYL-3/LAURYL) HYDROGENATED TRILINOLEATE, ALOE BARBADENSIS LEAF JUICE, POLYGLYCERYL-4 ISOSTEARATE, DISTEARDIMONIUM HECTORITE, COCO-CAPRYLATE/CAPRATE, SODIUM CHLORIDE, SODIUM HYALURONATE, TOCOPHEROL, CAPRYLIC/CAPRIC TRIGLYCERIDE, TRIETHOXYCAPRYLYLSILANE, SODIUM GLUCONATE, DIETHYLHEXYL SYRINGYLIDENEMALONATE, ETHYLHEXYLGLYCERIN, PHENOXYETHANOL, PARFUM (FRAGRANCE), CI 77491 (IRON OXIDES), CI 77492 (IRON OXIDES), CI 77499 (IRON OXIDES), CI 77891 (TITANIUM DIOXIDE).","Bronzer/Highlighter","Essence","https://phorcys-static.ewg.org/cdn-cgi/image/width=560,height=800,quality=60/https://phorcys-static.ewg.org/image/contents/820235/original."
"1773503798-108","https://www.ewg.org/skindeep/browse/brands/12717-essence/","https://www.ewg.org/skindeep/browse/brands/12717-essence/?brand=Essence&page=25","happy matte liquid lipstick, SO CHERRY","Essence","https://phorcys-static.ewg.org/cdn-cgi/image/width=480,height=480,quality=60/https://phorcys-static.ewg.org/image/contents/856673/original.","Essence
         happy matte liquid lipstick, SO CHERRY
      
      
        
            
              
                MODERATE HAZARD
              Data Availability: Limited","https://www.ewg.org/skindeep/products/5489878-Essence_happy_matte_liquid_lipstick_SO_CHERRY/","ISODODECANE, POLYMETHYLSILSESQUIOXANE, DIPENTAERYTHRITYL PENTAISONONANOATE, TRIMETHYLSILOXYSILICATE, C9-12 ALKANE, DISTEARDIMONIUM HECTORITE, DIMETHICONE, PROPYLENE CARBONATE, ETHYLHEXYLGLYCERIN, PHENOXYETHANOL, PARFUM (FRAGRANCE), LIMONENE, CI 15850 (RED 6), CI 15850 (RED 7 LAKE), CI 42090 (BLUE 1 LAKE), CI 77491 (IRON OXIDES), CI 77492 (IRON OXIDES), CI 77891 (TITANIUM DIOXIDE).","Lipstick","Essence","https://phorcys-static.ewg.org/cdn-cgi/image/width=560,height=800,quality=60/https://phorcys-static.ewg.org/image/contents/856673/original."
"1773503800-109","https://www.ewg.org/skindeep/browse/brands/12717-essence/","https://www.ewg.org/skindeep/browse/brands/12717-essence/?brand=Essence&page=25","8H Matte Comfort Lipliner, silky hazelnut 02","Essence","https://phorcys-static.ewg.org/cdn-cgi/image/width=480,height=480,quality=60/https://phorcys-static.ewg.org/image/contents/856758/original.","Essence
         8H Matte Comfort Lipliner, silky hazelnut 02
      
      
        
            
              
                MODERATE HAZARD
              Data Availability: Limited","https://www.ewg.org/skindeep/products/5491817-Essence_8H_Matte_Comfort_Lipliner_silky_hazelnut_02/",": METHYL TRIMETHICONE, ORYZA SATIVA (RICE) BRAN WAX, TRIMETHYLSILOXYSILICATE, SYNTHETIC FLUORPHLOGOPITE, OCTYLDODECANOL, ACRYLATES/DIMETHICONE COPOLYMER, PERSEA GRATISSIMA (AVOCADO) OIL, TOCOPHERYL ACETATE, DISTEARDIMONIUM HECTORITE, PENTAERYTHRITYL TETRA-DI-T-BUTYL HYDROXYHYDROCINNAMATE, PROPYLENE CARBONATE, PARFUM (FRAGRANCE), CI 45410 (RED 28 LAKE), CI 77491, CI 77492, CI 77499 (IRON OXIDES), CI 77891 (TITANIUM DIOXIDE).","Lip Liner","Essence","https://phorcys-static.ewg.org/cdn-cgi/image/width=560,height=800,quality=60/https://phorcys-static.ewg.org/image/contents/856758/original."
"1773503803-110","https://www.ewg.org/skindeep/browse/brands/12717-essence/","https://www.ewg.org/skindeep/browse/brands/12717-essence/?brand=Essence&page=25","Extreme Shine Volume Lipgloss - 101 Milky Way","Essence","https://phorcys-static.ewg.org/cdn-cgi/image/width=480,height=480,quality=60/https://phorcys-static.ewg.org/image/contents/695786/original.","Essence
         Extreme Shine Volume Lipgloss - 101 Milky Way
      
      
        
            
              
                MODERATE HAZARD
              Data Availability: Limited","https://www.ewg.org/skindeep/products/5061729-Essence_Extreme_Shine_Volume_Lipgloss__101_Milky_Way/",": POLYBUTENE, HYDROGENATED POLYISOBUTENE, OCTYLDODECANOL, SILICA DIMETHYL SILYLATE, TRIMETHYLOLPROPANE TRIISOSTEARATE, HYDROGENATED STYRENE/ISOPRENE COPOLYMER, SYNTHETIC FLUORPHLOGOPITE, CAPRYLIC/CAPRIC TRIGLYCERIDE, MENTHOL, CAPRYLYL GLYCOL, BENZYL NICOTINATE, OCTYLDODECYL STEAROYL STEARATE, BARIUM SULFATE, VP/HEXADECENE COPOLYMER, AROMA (FLAVOR), CI 15850 (RED 6), CI 15850 (RED 7 LAKE), CI 42090 (BLUE 1 LAKE), CI 77491 (IRON OXIDES), CI 77891 (TITANIUM DIOXIDE). OR / ODER /OU / OF / O INGREDIENTS: OCTYLDODECANOL, POLYBUTENE, HYDROGENATED POLYISOBUTENE, DICALCIUM PHOSPHATE, SILICA, CALCIUM SODIUM BOROSILICATE, HYDROGENATED STYRENE/ISOPRENE COPOLYMER, CAPRYLIC/CAPRIC TRIGLYCERIDE, MENTHOL, TRIACONTANYL PVP, MICA, PENTAERYTHRITYL TETRA-DI-T-BUTYL HYDROXYHYDROCINNAMATE, ETHYL VANILLIN, TIN OXIDE, PARFUM (FRAGRANCE), CI 77891 (TITANIUM DIOXIDE)","Lip Gloss","Essence","https://phorcys-static.ewg.org/cdn-cgi/image/width=560,height=800,quality=60/https://phorcys-static.ewg.org/image/contents/695786/original."
"1773503806-111","https://www.ewg.org/skindeep/browse/brands/12717-essence/","https://www.ewg.org/skindeep/browse/brands/12717-essence/?brand=Essence&page=25","BABY GOT GLOW liquid highlighter, 20 Rose and Shine","Essence","https://phorcys-static.ewg.org/cdn-cgi/image/width=480,height=480,quality=60/https://phorcys-static.ewg.org/image/contents/856875/original.","Essence
         BABY GOT GLOW liquid highlighter, 20 Rose and Shine
      
      
        
            
              
                MODERATE HAZARD
              Data Availability: Fair","https://www.ewg.org/skindeep/products/2163554-Essence_BABY_GOT_GLOW_liquid_highlighter_20_Rose_and_Shine/",": AQUA (WATER), PROPYLENE GLYCOL, MICA, GLYCERYL STEARATE, MAGNESIUM ALUMINUM SILICATE, STEARIC ACID, SYNTHETIC FLUORPHLOGOPITE, OLEYL ALCOHOL, CAPRYLYL GLYCOL, CARBOMER, ETHYLHEXYLGLYCERIN, HEXYLENE GLYCOL, TRIETHOXYCAPRYLYLSILANE, POTASSIUM HYDROXIDE, PHENOXYETHANOL, PARFUM (FRAGRANCE), TIN OXIDE, CI 77491 (IRON OXIDES), CI 77891 (TITANIUM DIOXIDE).","Bronzer/Highlighter","Essence","https://phorcys-static.ewg.org/cdn-cgi/image/width=560,height=800,quality=60/https://phorcys-static.ewg.org/image/contents/856875/original."
"1773503809-112","https://www.ewg.org/skindeep/browse/brands/12717-essence/","https://www.ewg.org/skindeep/browse/brands/12717-essence/?brand=Essence&page=25","FOUNDATION stick, 80 light pink peach","Essence","https://phorcys-static.ewg.org/cdn-cgi/image/width=480,height=480,quality=60/https://phorcys-static.ewg.org/image/contents/820155/original.","Essence
         FOUNDATION stick, 80 light pink peach
      
      
        
            
              
                MODERATE HAZARD
              Data Availability: Fair","https://www.ewg.org/skindeep/products/2648325-Essence_FOUNDATION_stick_80_light_pink_peach/","CAPRYLIC/CAPRIC TRIGLYCERIDE, OCTYLDODECANOL, ISONONYL ISONONANOATE, KAOLIN, ALUMINUM STARCH OCTENYLSUCCINATE, SYNTHETIC WAX, DIMETHICONE, ORYZA SATIVA (RICE) BRAN WAX, SODIUM HYALURONATE, DIMETHICONE/VINYL DIMETHICONE CROSSPOLYMER, DISTEARDIMONIUM HECTORITE, PENTAERYTHRITYL TETRA-DI-T-BUTYL HYDROXYHYDROCINNAMATE, ETHYLHEXYL PALMITATE, TRIETHOXYCAPRYLYLSILANE, TRIHYDROXYSTEARIN, DICALCIUM PHOSPHATE, AROMA (FLAVOR), DIMETHYL PHENETHYL ACETATE, CI 15850 (RED 6), CI 15850 (RED 7 LAKE), CI 42090 (BLUE 1 LAKE), CI 77491 (IRON OXIDES), CI 77492 (IRON OXIDES), CI 77499 (IRON OXIDES), CI 77510 (FERRIC AMMONIUM FERROCYANIDE), CI 77891 (TITANIUM DIOXIDE).","Foundation","Essence","https://phorcys-static.ewg.org/cdn-cgi/image/width=560,height=800,quality=60/https://phorcys-static.ewg.org/image/contents/820155/original."
"1773503812-113","https://www.ewg.org/skindeep/browse/brands/12717-essence/","https://www.ewg.org/skindeep/browse/brands/12717-essence/?brand=Essence&page=25","LIP OIL, CRANBERRY","Essence","https://phorcys-static.ewg.org/cdn-cgi/image/width=480,height=480,quality=60/https://phorcys-static.ewg.org/image/contents/856779/original.","Essence
         LIP OIL, CRANBERRY
      
      
        
            
              
                MODERATE HAZARD
              Data Availability: Fair","https://www.ewg.org/skindeep/products/9850493-Essence_LIP_OIL_CRANBERRY/",": POLYBUTENE, HYDROGENATED POLYISOBUTENE, ETHYLHEXYL PALMITATE, VACCINIUM MACROCARPON (CRANBERRY) SEED OIL, SIMMONDSIA CHINENSIS (JOJOBA) SEED OIL, TOCOPHERYL ACETATE, ETHYLHEXYLGLYCERIN, PHENOXYETHANOL, BENZYL BENZOATE, PARFUM (FRAGRANCE), CI 45410 (RED 27 LAKE), CI 45410 (RED 28 LAKE).","Lip Gloss","Essence","https://phorcys-static.ewg.org/cdn-cgi/image/width=560,height=800,quality=60/https://phorcys-static.ewg.org/image/contents/856779/original."
"1773503815-114","https://www.ewg.org/skindeep/browse/brands/12717-essence/","https://www.ewg.org/skindeep/browse/brands/12717-essence/?brand=Essence&page=24","FOUNDATION stick, 260 tan deep neutral","Essence","https://phorcys-static.ewg.org/cdn-cgi/image/width=480,height=480,quality=60/https://phorcys-static.ewg.org/image/contents/820177/original.","Essence
         FOUNDATION stick, 260 tan deep neutral
      
      
        
            
              
                MODERATE HAZARD
              Data Availability: Fair","https://www.ewg.org/skindeep/products/4082080-Essence_FOUNDATION_stick_260_tan_deep_neutral/","CAPRYLIC/CAPRIC TRIGLYCERIDE, OCTYLDODECANOL, ISONONYL ISONONANOATE, KAOLIN, ALUMINUM STARCH OCTENYLSUCCINATE, SYNTHETIC WAX, DIMETHICONE, ORYZA SATIVA (RICE) BRAN WAX, SODIUM HYALURONATE, DIMETHICONE/VINYL DIMETHICONE CROSSPOLYMER, DISTEARDIMONIUM HECTORITE, TRIETHOXYCAPRYLYLSILANE, PENTAERYTHRITYL TETRA-DI-T-BUTYL HYDROXYHYDROCINNAMATE, ETHYLHEXYL PALMITATE, TRIHYDROXYSTEARIN, DICALCIUM PHOSPHATE, AROMA (FLAVOR), DIMETHYL PHENETHYL ACETATE, CI 15850 (RED 6), CI 15850 (RED 7 LAKE), CI 42090 (BLUE 1 LAKE), CI 77491 (IRON OXIDES), CI 77492 (IRON OXIDES), CI 77499 (IRON OXIDES), CI 77510 (FERRIC AMMONIUM FERROCYANIDE), CI 77891 (TITANIUM DIOXIDE).","Foundation","Essence","https://phorcys-static.ewg.org/cdn-cgi/image/width=560,height=800,quality=60/https://phorcys-static.ewg.org/image/contents/820177/original."
"1773503818-115","https://www.ewg.org/skindeep/browse/brands/12717-essence/","https://www.ewg.org/skindeep/browse/brands/12717-essence/?brand=Essence&page=24","Super Precise Eyeliner","Essence","https://phorcys-static.ewg.org/cdn-cgi/image/width=480,height=480,quality=60/https://phorcys-static.ewg.org/image/contents/684025/original.","Essence
         Super Precise Eyeliner
      
      
        
            
              
                MODERATE HAZARD
              Data Availability: Fair","https://www.ewg.org/skindeep/products/4056654-Essence_Super_Precise_Eyeliner/","AQUA (WATER), STYRENE/ACRYLATES COPOLYMER, PROPYLENE GLYCOL, ALCOHOL DENAT., BISABOLOL, TOCOPHEROL, XANTHAN GUM, ALLANTOIN, TETRASODIUM EDTA, ETHYLHEXYLGLYCERIN, SODIUM HYDROXIDE, PHENOXYETHANOL, POTASSIUM SORBATE, SODIUM DEHYDROACETATE, FARNESOL, CI 77266 (BLACK 2) (NANO), CI 77499 (IRON OXIDES)","Eye Liner","Essence","https://phorcys-static.ewg.org/cdn-cgi/image/width=560,height=800,quality=60/https://phorcys-static.ewg.org/image/contents/684025/original."
"1773503821-116","https://www.ewg.org/skindeep/browse/brands/12717-essence/","https://www.ewg.org/skindeep/browse/brands/12717-essence/?brand=Essence&page=24","FOUNDATION stick, 320 deep cool","Essence","https://phorcys-static.ewg.org/cdn-cgi/image/width=480,height=480,quality=60/https://phorcys-static.ewg.org/image/contents/820182/original.","Essence
         FOUNDATION stick, 320 deep cool
      
      
        
            
              
                MODERATE HAZARD
              Data Availability: Fair","https://www.ewg.org/skindeep/products/3109291-Essence_FOUNDATION_stick_320_deep_cool/","CAPRYLIC/CAPRIC TRIGLYCERIDE, OCTYLDODECANOL, ISONONYL ISONONANOATE, KAOLIN, ALUMINUM STARCH OCTENYLSUCCINATE, SYNTHETIC WAX, DIMETHICONE, ORYZA SATIVA (RICE) BRAN WAX, SODIUM HYALURONATE, DIMETHICONE/VINYL DIMETHICONE CROSSPOLYMER, DISTEARDIMONIUM HECTORITE, TRIETHOXYCAPRYLYLSILANE, PENTAERYTHRITYL TETRA-DI-T-BUTYL HYDROXYHYDROCINNAMATE, ETHYLHEXYL PALMITATE, TRIHYDROXYSTEARIN, DICALCIUM PHOSPHATE, AROMA (FLAVOR), DIMETHYL PHENETHYL ACETATE, CI 15850 (RED 6), CI 15850 (RED 7 LAKE), CI 42090 (BLUE 1 LAKE), CI 77491 (IRON OXIDES), CI 77492 (IRON OXIDES), CI 77499 (IRON OXIDES), CI 77510 (FERRIC AMMONIUM FERROCYANIDE), CI 77891 (TITANIUM DIOXIDE).","Foundation","Essence","https://phorcys-static.ewg.org/cdn-cgi/image/width=560,height=800,quality=60/https://phorcys-static.ewg.org/image/contents/820182/original."
"1773503824-117","https://www.ewg.org/skindeep/browse/brands/12717-essence/","https://www.ewg.org/skindeep/browse/brands/12717-essence/?brand=Essence&page=24","Extreme Shine Volume Lip Gloss, Crystal Clear","Essence","https://phorcys-static.ewg.org/cdn-cgi/image/width=480,height=480,quality=60/https://phorcys-static.ewg.org/image/contents/655093/original.","Essence
         Extreme Shine Volume Lip Gloss, Crystal Clear 
      
      
        
            
              
                MODERATE HAZARD
              Data Availability: Limited","https://www.ewg.org/skindeep/products/1025574-Essence_Extreme_Shine_Volume_Lip_Gloss_Crystal_Clear_/","POLYBUTENE, OCTYLDODECANOL, HYDROGENATED POLYISOBUTENE, SILICA DIMETHYL SILYLATE, DISTEARDIMONIUM HECTORITE, HYDROGENATED STYRENE/ISOPRENE COPOLYMER, ALUMINUM CALCIUM SODIUM SILICATE, CAPRYLIC/CAPRIC TRIGLYCERIDE, TOCOPHERYL ACETATE, CALCIUM ALUMINUM BOROSILICATE, OCTYLDODECYL STEAROYL STEARATE, SYNTHETIC FLUORPHLOGOPITE, MICA, PENTAERYTHRITYL TETRA-DI-T-BUTYL HYDROXYHYDROCINNAMATE, PROPYLENE CARBONATE, BARIUM SULFATE, SODIUM SACCHARIN, TIN OXIDE, VP/HEXADECENE COPOLYMER, AROMA (FLAVOR), CI 15850 (RED 6), CI 15850 (RED 7 LAKE), CI 42090 (BLUE 1 LAKE), CI 77491 (IRON OXIDES), CI 77891 (TITANIUM DIOXIDE)","Lip Gloss","Essence","https://phorcys-static.ewg.org/cdn-cgi/image/width=560,height=800,quality=60/https://phorcys-static.ewg.org/image/contents/655093/original."
"1773503827-118","https://www.ewg.org/skindeep/browse/brands/12717-essence/","https://www.ewg.org/skindeep/browse/brands/12717-essence/?brand=Essence&page=24","extreme shine lipgloss, Sparkling Purple","Essence","https://phorcys-static.ewg.org/cdn-cgi/image/width=480,height=480,quality=60/https://phorcys-static.ewg.org/image/contents/856814/original.","Essence
         extreme shine lipgloss, Sparkling Purple
      
      
        
            
              
                MODERATE HAZARD
              Data Availability: Fair","https://www.ewg.org/skindeep/products/8150102-Essence_extreme_shine_lipgloss_Sparkling_Purple/",": POLYBUTENE, HYDROGENATED POLYISOBUTENE, OCTYLDODECANOL, SILICA DIMETHYL SILYLATE, TRIMETHYLOLPROPANE TRIISOSTEARATE, HYDROGENATED STYRENE/ISOPRENE COPOLYMER, CALCIUM SODIUM BOROSILICATE, CAPRYLIC/CAPRIC TRIGLYCERIDE, PENTAERYTHRITYL TETRA-DI-T-BUTYL HYDROXYHYDROCINNAMATE, CALCIUM ALUMINUM BOROSILICATE, CAPRYLYL GLYCOL, SODIUM SACCHARIN, OCTYLDODECYL STEAROYL STEARATE, TIN OXIDE, VP/HEXADECENE COPOLYMER, BARIUM SULFATE, AROMA (FLAVOR), CI 15850 (RED 6), CI 15850 (RED 7 LAKE), CI 42090 (BLUE 1 LAKE), CI 77491 (IRON OXIDES), CI 77891 (TITANIUM DIOXIDE).","Lip Gloss","Essence","https://phorcys-static.ewg.org/cdn-cgi/image/width=560,height=800,quality=60/https://phorcys-static.ewg.org/image/contents/856814/original."
"1773503830-119","https://www.ewg.org/skindeep/browse/brands/12717-essence/","https://www.ewg.org/skindeep/browse/brands/12717-essence/?brand=Essence&page=24","Extreme Shine Volume Lipgloss - 04 Purple Rain","Essence","https://phorcys-static.ewg.org/cdn-cgi/image/width=480,height=480,quality=60/https://phorcys-static.ewg.org/image/contents/763991/original.","Essence
         Extreme Shine Volume Lipgloss - 04 Purple Rain
      
      
        
            
              
                MODERATE HAZARD
              Data Availability: Limited","https://www.ewg.org/skindeep/products/7371155-Essence_Extreme_Shine_Volume_Lipgloss__04_Purple_Rain/","POLYBUTENE, OCTYLDODECANOL, HYDROGENATED POLYISOBUTENE, SILICA DIMETHYL SILYLATE, SYNTHETIC FLUORPHLOGOPITE, DISTEARDIMONIUM HECTORITE, HYDROGENATED STYRENE/ISOPRENE COPOLYMER, CAPRYLIC/CAPRIC TRIGLYCERIDE, TOCOPHERYL ACETATE, PENTAERYTHRITYL TETRA-DI-T-BUTYL HYDROXYHYDROCINNAMATE, OCTYLDODECYL STEAROYL STEARATE, PROPYLENE CARBONATE, CALCIUM ALUMINUM BOROSILICATE, SILICA, SODIUM SACCHARIN, BARIUM SULFATE, TIN OXIDE, VP/HEXADECENE COPOLYMER, AROMA (FLAVOR), CI 15850 (RED 6), CI 15850 (RED 7 LAKE), CI 42090 (BLUE 1 LAKE), CI 77491 (IRON OXIDES), CI 77891 (TITANIUM DIOXIDE).","Lip Gloss","Essence","https://phorcys-static.ewg.org/cdn-cgi/image/width=560,height=800,quality=60/https://phorcys-static.ewg.org/image/contents/763991/original."
"1773503833-120","https://www.ewg.org/skindeep/browse/brands/12717-essence/","https://www.ewg.org/skindeep/browse/brands/12717-essence/?brand=Essence&page=24","FOUNDATION stick, 110 light warm neutral","Essence","https://phorcys-static.ewg.org/cdn-cgi/image/width=480,height=480,quality=60/https://phorcys-static.ewg.org/image/contents/820159/original.","Essence
         FOUNDATION stick, 110 light warm neutral
      
      
        
            
              
                MODERATE HAZARD
              Data Availability: Fair","https://www.ewg.org/skindeep/products/2477004-Essence_FOUNDATION_stick_110_light_warm_neutral/","CAPRYLIC/CAPRIC TRIGLYCERIDE, OCTYLDODECANOL, ISONONYL ISONONANOATE, KAOLIN, ALUMINUM STARCH OCTENYLSUCCINATE, SYNTHETIC WAX, DIMETHICONE, ORYZA SATIVA (RICE) BRAN WAX, SODIUM HYALURONATE, DIMETHICONE/VINYL DIMETHICONE CROSSPOLYMER, DISTEARDIMONIUM HECTORITE, DICALCIUM PHOSPHATE, PENTAERYTHRITYL TETRA-DI-T-BUTYL HYDROXYHYDROCINNAMATE, ETHYLHEXYL PALMITATE, TRIETHOXYCAPRYLYLSILANE, TRIHYDROXYSTEARIN, AROMA (FLAVOR), DIMETHYL PHENETHYL ACETATE, CI 15850 (RED 6), CI 15850 (RED 7 LAKE), CI 42090 (BLUE 1 LAKE), CI 77491 (IRON OXIDES), CI 77492 (IRON OXIDES), CI 77499 (IRON OXIDES), CI 77510 (FERRIC AMMONIUM FERROCYANIDE), CI 77891 (TITANIUM DIOXIDE).","Foundation","Essence","https://phorcys-static.ewg.org/cdn-cgi/image/width=560,height=800,quality=60/https://phorcys-static.ewg.org/image/contents/820159/original."
"1773503836-121","https://www.ewg.org/skindeep/browse/brands/12717-essence/","https://www.ewg.org/skindeep/browse/brands/12717-essence/?brand=Essence&page=24",", Pure Nude Highlighter Palette (2020 formulation)","Essence","https://phorcys-static.ewg.org/cdn-cgi/image/width=480,height=480,quality=60/https://phorcys-static.ewg.org/image/contents/583530/original.","Essence
         , Pure Nude Highlighter Palette (2020 formulation)
      
      
        
            
              
                MODERATE HAZARD
              Data Availability: Fair","https://www.ewg.org/skindeep/products/936740-Essence_Essence_Pure_Nude_Highlighter_Palette_2020_formulation/","TALC, SYNTHETIC FLUORPHLOGOPITE, TITANIUM DIOXIDE, MICA, DIMETHICONE, ETHYLHEXYL STEARATE, SYNTHETIC WAX, STEARYL DIMETHICONE, BIS-DIGLYCERYL POLYACYLADIPATE-2, ETHYLHEXYL PALMITATE, MAGNESIUM STEARATE, OCTADECENE, OCTYLDODECYL STEAROYL STEARATE, CAPRYLYL GLYCOL, BHT, TIN OXIDE, PHENOXYETHANOL, CI 77007 (ULTRAMARINES), CI 77492 (IRON OXIDES). AND SYNTHETIC FLUORPHLOGOPITE, TITANIUM DIOXIDE, TALC, DIMETHICONE, SYNTHETIC WAX, ETHYLHEXYL STEARATE, BIS-DIGLYCERYL POLYACYLADIPATE-2, ETHYLHEXYL PALMITATE, MAGNESIUM STEARATE, STEARYL DIMETHICONE, OCTYLDODECYL STEAROYL STEARATE, OCTADECENE, CAPRYLYL GLYCOL, BHT, TIN OXIDE, PHENOXYETHANOL, CI 16035 (RED 40 LAKE), CI 19140 (YELLOW 5 LAKE). AND SYNTHETIC FLUORPHLOGOPITE, TITANIUM DIOXIDE, TALC, ETHYLHEXYL STEARATE, DIMETHICONE, SYNTHETIC WAX, STEARYL DIMETHICONE, BIS-DIGLYCERYL POLYACYLADIPATE-2, MAGNESIUM STEARATE, ETHYLHEXYL PALMITATE, OCTADECENE, OCTYLDODECYL STEAROYL STEARATE, CAPRYLYL GLYCOL, BHT, TIN OXIDE, PHENOXYETHANOL, CI 16035 (RED 40 LAKE), CI 77007 (ULTRAMARINES), CI 77492 (IRON OXIDES), CI 77742 (MANGANESE VIOLET). AND SYNTHETIC FLUORPHLOGOPITE, TALC, TITANIUM DIOXIDE, STEARYL DIMETHICONE, SYNTHETIC WAX, DIMETHICONE, ETHYLHEXYL STEARATE, BIS-DIGLYCERYL POLYACYLADIPATE-2, ETHYLHEXYL PALMITATE, MAGNESIUM STEARATE, OCTADECENE, OCTYLDODECYL STEAROYL STEARATE, CAPRYLYL GLYCOL, BHT, TIN OXIDE, PHENOXYETHANOL, CI 16035 (RED 40 LAKE), CI 19140 (YELLOW 5 LAKE), CI 77007 (ULTRAMARINES).","Bronzer/Highlighter","Essence","https://phorcys-static.ewg.org/cdn-cgi/image/width=560,height=800,quality=60/https://phorcys-static.ewg.org/image/contents/583530/original."
"1773503839-122","https://www.ewg.org/skindeep/browse/brands/12717-essence/","https://www.ewg.org/skindeep/browse/brands/12717-essence/?brand=Essence&page=24","Cosmetics  | Lash Princess Eyeliner Pen | Vegan & Cruelty...","Essence","https://phorcys-static.ewg.org/cdn-cgi/image/width=480,height=480,quality=60/https://phorcys-static.ewg.org/image/contents/767208/original.","Essence
         Cosmetics  | Lash Princess Eyeliner Pen | Vegan & Cruelty...
      
      
        
            
              
                MODERATE HAZARD
              Data Availability: Fair","https://www.ewg.org/skindeep/products/4242516-Essence_Cosmetics_essence__Lash_Princess_Eyeliner_Pen__Vegan__Cruelty_Free_Brown/","AQUA (WATER), STYRENE/ACRYLATES/AMMONIUM METHACRYLATE COPOLYMER, GLYCERIN, ALCOHOL DENAT., PPG-26-BUTETH-26, PEG-40 HYDROGENATED CASTOR OIL, PEG/PPG-14/4 DIMETHICONE, BUTYLENE GLYCOL, SODIUM CHLORIDE, CAPRYLYL GLYCOL, SODIUM LAURETH-12 SULFATE, SODIUM LAURETH SULFATE, DISODIUM EDTA, SIMETHICONE, PROPYLENE GLYCOL, ETHYLHEXYLGLYCERIN, AMMONIUM HYDROXIDE, PENTAERYTHRITYL TETRA-DI-T-BUTYL HYDROXYHYDROCINNAMATE, SODIUM CARBONATE, PHENOXYETHANOL, POTASSIUM SORBATE, CI 77491 (IRON OXIDES), CI 77510 (FERRIC AMMONIUM FERROCYANIDE), CI 77891 (TITANIUM DIOXIDE).","Eye Liner","Essence","https://phorcys-static.ewg.org/cdn-cgi/image/width=560,height=800,quality=60/https://phorcys-static.ewg.org/image/contents/767208/original."
"1773503842-123","https://www.ewg.org/skindeep/browse/brands/12717-essence/","https://www.ewg.org/skindeep/browse/brands/12717-essence/?brand=Essence&page=24","What the Fake! Plumping Lip Filler, Oh My Plump! 01","Essence","https://phorcys-static.ewg.org/cdn-cgi/image/width=480,height=480,quality=60/https://static.ewg.org/skindeep/img/missing_images/sd_logo.png","Essence
         What the Fake! Plumping Lip Filler, Oh My Plump! 01
      
      
        
            
              
                MODERATE HAZARD
              Data Availability: Fair","https://www.ewg.org/skindeep/products/1000700-Essence_What_the_Fake_Plumping_Lip_Filler_Oh_My_Plump_01/","BIS-DIGLYCERYL POLYACYLADIPATE-2, POLYBUTENE, TRIDECYL TRIMELLITATE, DIISOSTEARYL MALATE, HYDROGENATED MICROCRYSTALLINE WAX, DIPENTAERYTHRITYL HEXAHYDROXYSTEARATE/HEXASTEARATE/HEXAROSINATE, SILICA, GLYCERYL BEHENATE/ EICOSADIOATE, VANILLYL BUTYL ETHER, SODIUM HYALURONATE, TOCOPHERYL ACETATE, HYDROGENATED JOJOBA OIL, MICA, ETHYL MENTHANE CARBOXAMID , ETHYLHEXYLGLYCERIN, BUTYLENE GLYCOL, AQUA (WATER), VITIS VIN FERA (GRAPE) SEED EXTRACT, PHENOXYETHANOL, PARFUM (FRAGRANCE), CI 77891 (TITANIUM DIOXIDE).","Lip Plumper","Essence","https://phorcys-static.ewg.org/cdn-cgi/image/width=560,height=800,quality=60/https://static.ewg.org/skindeep/img/missing_images/sd_logo.png"
"1773503844-124","https://www.ewg.org/skindeep/browse/brands/12717-essence/","https://www.ewg.org/skindeep/browse/brands/12717-essence/?brand=Essence&page=24","FIX IT LIKE A PRO TRANSPARENT BROW FIXING GEL","Essence","https://phorcys-static.ewg.org/cdn-cgi/image/width=480,height=480,quality=60/https://phorcys-static.ewg.org/image/contents/820228/original.","Essence
         FIX IT LIKE A PRO TRANSPARENT BROW FIXING GEL
      
      
        
            
              
                MODERATE HAZARD
              Data Availability: Fair","https://www.ewg.org/skindeep/products/5812222-Essence_FIX_IT_LIKE_A_PRO_TRANSPARENT_BROW_FIXING_GEL/","AQUA (WATER), PVP, PROPYLENE GLYCOL, PANTHENOL, HYDROXYETHYLCELLULOSE, ACRYLATES COPOLYMER, ETHYLHEXYLGLYCERIN, SODIUM HYDROXIDE, PHENOXYETHANOL, PARFUM (FRAGRANCE).","Brow Liner","Essence","https://phorcys-static.ewg.org/cdn-cgi/image/width=560,height=800,quality=60/https://phorcys-static.ewg.org/image/contents/820228/original."
"1773503848-125","https://www.ewg.org/skindeep/browse/brands/12717-essence/","https://www.ewg.org/skindeep/browse/brands/12717-essence/?brand=Essence&page=24","FOUNDATION stick, 150 light warm pink","Essence","https://phorcys-static.ewg.org/cdn-cgi/image/width=480,height=480,quality=60/https://phorcys-static.ewg.org/image/contents/820164/original.","Essence
         FOUNDATION stick, 150 light warm pink
      
      
        
            
              
                MODERATE HAZARD
              Data Availability: Fair","https://www.ewg.org/skindeep/products/9775720-Essence_FOUNDATION_stick_150_light_warm_pink/","CAPRYLIC/CAPRIC TRIGLYCERIDE, OCTYLDODECANOL, ISONONYL ISONONANOATE, KAOLIN, ALUMINUM STARCH OCTENYLSUCCINATE, SYNTHETIC WAX, DIMETHICONE, ORYZA SATIVA (RICE) BRAN WAX, SODIUM HYALURONATE, DIMETHICONE/VINYL DIMETHICONE CROSSPOLYMER, DISTEARDIMONIUM HECTORITE, DICALCIUM PHOSPHATE, PENTAERYTHRITYL TETRA-DI-T-BUTYL HYDROXYHYDROCINNAMATE, ETHYLHEXYL PALMITATE, TRIETHOXYCAPRYLYLSILANE, TRIHYDROXYSTEARIN, AROMA (FLAVOR), DIMETHYL PHENETHYL ACETATE, CI 15850 (RED 6), CI 15850 (RED 7 LAKE), CI 42090 (BLUE 1 LAKE), CI 77491 (IRON OXIDES), CI 77492 (IRON OXIDES), CI 77499 (IRON OXIDES), CI 77510 (FERRIC AMMONIUM FERROCYANIDE), CI 77891 (TITANIUM DIOXIDE).","Foundation","Essence","https://phorcys-static.ewg.org/cdn-cgi/image/width=560,height=800,quality=60/https://phorcys-static.ewg.org/image/contents/820164/original."
"1773503850-126","https://www.ewg.org/skindeep/browse/brands/12717-essence/","https://www.ewg.org/skindeep/browse/brands/12717-essence/?brand=Essence&page=23","JUICY MELON tinted lip & cheek balm, pH Reacting Pink","Essence","https://phorcys-static.ewg.org/cdn-cgi/image/width=480,height=480,quality=60/https://phorcys-static.ewg.org/image/contents/820207/original.","Essence
         JUICY MELON tinted lip & cheek balm, pH Reacting Pink
      
      
        
            
              
                MODERATE HAZARD
              Data Availability: Limited","https://www.ewg.org/skindeep/products/3800913-Essence_JUICY_MELON_tinted_lip__cheek_balm_pH_Reacting_Pink/","TRIETHYLHEXANOIN, POLYISOBUTENE, ETHYLHEXYL PALMITATE, BIS-DIGLYCERYL POLYACYLADIPATE-2, DIBUTYL LAUROYL GLUTAMIDE, DIBUTYL ETHYLHEXANOYL GLUTAMIDE, LIMNANTHES ALBA (MEADOWFOAM) SEED OIL, TOCOPHERYL ACETATE, HYDROLYZED SODIUM HYALURONATE, GLYCERYL BEHENATE, ETHYLHEXYLGLYCERIN, PHENOXYETHANOL, BENZYL ALCOHOL, PARFUM (FRAGRANCE), CITRONELLOL, CI 15850 (RED 6 LAKE), CI 45410 (RED 27).","Blush","","https://phorcys-static.ewg.org/cdn-cgi/image/width=560,height=800,quality=60/https://phorcys-static.ewg.org/image/contents/820207/original."
"1773503853-127","https://www.ewg.org/skindeep/browse/brands/12717-essence/","https://www.ewg.org/skindeep/browse/brands/12717-essence/?brand=Essence&page=23","FOUNDATION stick, 230 tan neutral","Essence","https://phorcys-static.ewg.org/cdn-cgi/image/width=480,height=480,quality=60/https://phorcys-static.ewg.org/image/contents/820174/original.","Essence
         FOUNDATION stick, 230 tan neutral
      
      
        
            
              
                MODERATE HAZARD
              Data Availability: Fair","https://www.ewg.org/skindeep/products/5569687-Essence_FOUNDATION_stick_230_tan_neutral/","CAPRYLIC/CAPRIC TRIGLYCERIDE, OCTYLDODECANOL, ISONONYL ISONONANOATE, KAOLIN, ALUMINUM STARCH OCTENYLSUCCINATE, SYNTHETIC WAX, DIMETHICONE, ORYZA SATIVA (RICE) BRAN WAX, SODIUM HYALURONATE, DIMETHICONE/VINYL DIMETHICONE CROSSPOLYMER, DISTEARDIMONIUM HECTORITE, DICALCIUM PHOSPHATE, PENTAERYTHRITYL TETRA-DI-T-BUTYL HYDROXYHYDROCINNAMATE, TRIETHOXYCAPRYLYLSILANE, ETHYLHEXYL PALMITATE, TRIHYDROXYSTEARIN, AROMA (FLAVOR), DIMETHYL PHENETHYL ACETATE, CI 15850 (RED 6), CI 15850 (RED 7 LAKE), CI 42090 (BLUE 1 LAKE), CI 77491 (IRON OXIDES), CI 77492 (IRON OXIDES), CI 77499 (IRON OXIDES), CI 77510 (FERRIC AMMONIUM FERROCYANIDE), CI 77891 (TITANIUM DIOXIDE).","Foundation","Essence","https://phorcys-static.ewg.org/cdn-cgi/image/width=560,height=800,quality=60/https://phorcys-static.ewg.org/image/contents/820174/original."
"1773503856-128","https://www.ewg.org/skindeep/browse/brands/12717-essence/","https://www.ewg.org/skindeep/browse/brands/12717-essence/?brand=Essence&page=23","JUICY BOMB body mist, 02 Caramel Crush","Essence","https://phorcys-static.ewg.org/cdn-cgi/image/width=480,height=480,quality=60/https://phorcys-static.ewg.org/image/contents/820135/original.","Essence
         JUICY BOMB body mist, 02 Caramel Crush
      
      
        
            
              
                MODERATE HAZARD
              Data Availability: Fair","https://www.ewg.org/skindeep/products/8786898-Essence_JUICY_BOMB_body_mist_02_Caramel_Crush/","ALCOHOL DENAT., AQUA (WATER), PARFUM (FRAGRANCE), KAEMPFERIA GALANGA ROOT EXTRACT, PONGAMIA PINNATA SEED EXTRACT, TRIETHYL CITRATE, ISOAMYL LAURATE, BENZYL SALICYLATE, TETRAMETHYL ACETYLOCTAHYDRONAPHTHALENES, VANILLIN, COUMARIN, BENZALDEHYDE, ANISE ALCOHOL.","Body Spray","Essence","https://phorcys-static.ewg.org/cdn-cgi/image/width=560,height=800,quality=60/https://phorcys-static.ewg.org/image/contents/820135/original."
"1773503859-129","https://www.ewg.org/skindeep/browse/brands/12717-essence/","https://www.ewg.org/skindeep/browse/brands/12717-essence/?brand=Essence&page=23","GLOSSY GLAZE high shine lipstick, 01 Livin La Vida Mocha","Essence","https://phorcys-static.ewg.org/cdn-cgi/image/width=480,height=480,quality=60/https://phorcys-static.ewg.org/image/contents/820138/original.","Essence
         GLOSSY GLAZE high shine lipstick, 01 Livin La Vida Mocha
      
      
        
            
              
                MODERATE HAZARD
              Data Availability: Fair","https://www.ewg.org/skindeep/products/2574573-Essence_GLOSSY_GLAZE_high_shine_lipstick_01_Livin_La_Vida_Mocha/","OCTYLDODECANOL, POLYBUTENE, PHYTOSTERYL ISOSTEARATE, TRIDECYL TRIMELLITATE, BIS-DIGLYCERYL POLYACYLADIPATE-2, EUPHORBIA CERIFERA CERA (EUPHORBIA CERIFERA (CANDELILLA) WAX), HELIANTHUS ANNUUS (SUNFLOWER) SEED WAX, DIISOSTEARYL MALATE, TOCOPHERYL ACETATE, ETHYLHEXYLGLYCERIN, PHENOXYETHANOL, CINNAMYL ALCOHOL, CITRONELLOL, DIMETHYL PHENETHYL ACETATE, HEXYL CINNAMAL, LINALOOL, PARFUM (FRAGRANCE), CI 15850 (RED 7 LAKE), CI 77491 (IRON OXIDES), CI 77492 (IRON OXIDES), CI 77499 (IRON OXIDES), CI 77891 (TITANIUM DIOXIDE).","Lipstick","Essence","https://phorcys-static.ewg.org/cdn-cgi/image/width=560,height=800,quality=60/https://phorcys-static.ewg.org/image/contents/820138/original."
"1773503861-130","https://www.ewg.org/skindeep/browse/brands/12717-essence/","https://www.ewg.org/skindeep/browse/brands/12717-essence/?brand=Essence&page=23","Cosmetics Volume Hero Waterproof Mascara","Essence","https://phorcys-static.ewg.org/cdn-cgi/image/width=480,height=480,quality=60/https://phorcys-static.ewg.org/image/contents/572504/original.","Essence
         Cosmetics Volume Hero Waterproof Mascara
      
      
        
            
              
                MODERATE HAZARD
              Data Availability: Fair","https://www.ewg.org/skindeep/products/956205-Essence_Cosmetics_Volume_Hero_Waterproof_Mascara/","ISODODECANE, CERA ALBA (BEESWAX), AQUA (WATER), NYLON-12, EUPHORBIA CERIFERA (CANDELILLA) WAX, TRIMETHYLSILOXYSILICATE, VP/HEXADECENE COPOLYMER, PROPYLENE GLYCOL, COPERNICIA CERIFERA (CARNAUBA) WAX, RICINUS COMMUNIS (CASTOR) SEED OIL, TOCOPHERYL ACETATE, BISABOLOL, TOCOPHEROL, ETHYLHEXYLGLYCERIN, POTASSIUM HYDROXIDE, PHENOXYETHANOL, POTASSIUM SORBATE, FARNESOL, CI 77499 (IRON OXIDES).","Mascara","Essence","https://phorcys-static.ewg.org/cdn-cgi/image/width=560,height=800,quality=60/https://phorcys-static.ewg.org/image/contents/572504/original."
"1773503864-131","https://www.ewg.org/skindeep/browse/brands/12717-essence/","https://www.ewg.org/skindeep/browse/brands/12717-essence/?brand=Essence&page=23","FaBOWlous lip beautifier, 01 Bow-tiful Kiss!","Essence","https://phorcys-static.ewg.org/cdn-cgi/image/width=480,height=480,quality=60/https://phorcys-static.ewg.org/image/contents/820197/original.","Essence
         FaBOWlous lip beautifier, 01 Bow-tiful Kiss!
      
      
        
            
              
                MODERATE HAZARD
              Data Availability: Fair","https://www.ewg.org/skindeep/products/3564774-Essence_FaBOWlous_lip_beautifier_01_Bowtiful_Kiss/","METHYL HYDROGENATED ROSINATE, HYDROGENATED POLYISOBUTENE, HYDROGENATED POLYDECENE, OCTYLDODECANOL, CAPRYLIC/CAPRIC/MYRISTIC/STEARIC TRIGLYCERIDE, SYNTHETIC WAX, DIMER DILINOLEYL DIMER DILINOLEATE, EUPHORBIA CERIFERA CERA (EUPHORBIA CERIFERA (CANDELILLA) WAX), CALCIUM TITANIUM BOROSILICATE, BEHENYL BEHENATE, POLYGLYCERYL-2 TRIISOSTEARATE, TOCOPHERYL ACETATE, SALVIA HISPANICA SEED OIL, CAPRYLIC/CAPRIC TRIGLYCERIDE, TOCOPHEROL, ALOE BARBADENSIS LEAF EXTRACT, POLYHYDROXYSTEARIC ACID, SILICA, PHENOXYETHANOL, PARFUM (FRAGRANCE), HEXYL CINNAMAL, CITRONELLOL, LINALOOL, CINNAMYL ALCOHOL, ALUMINUM HYDROXIDE, TIN OXIDE, CI 77491 (IRON OXIDES), CI 77492 (IRON OXIDES), CI 77499 (IRON OXIDES), CI 77891 (TITANIUM DIOXIDE).","Lip Balm","Essence","https://phorcys-static.ewg.org/cdn-cgi/image/width=560,height=800,quality=60/https://phorcys-static.ewg.org/image/contents/820197/original."
"1773503868-132","https://www.ewg.org/skindeep/browse/brands/12717-essence/","https://www.ewg.org/skindeep/browse/brands/12717-essence/?brand=Essence&page=23","FOUNDATION stick, 210 medium tan golden","Essence","https://phorcys-static.ewg.org/cdn-cgi/image/width=480,height=480,quality=60/https://phorcys-static.ewg.org/image/contents/820172/original.","Essence
         FOUNDATION stick, 210 medium tan golden
      
      
        
            
              
                MODERATE HAZARD
              Data Availability: Fair","https://www.ewg.org/skindeep/products/7533412-Essence_FOUNDATION_stick_210_medium_tan_golden/","CAPRYLIC/CAPRIC TRIGLYCERIDE, OCTYLDODECANOL, ISONONYL ISONONANOATE, KAOLIN, ALUMINUM STARCH OCTENYLSUCCINATE, SYNTHETIC WAX, DIMETHICONE, ORYZA SATIVA (RICE) BRAN WAX, SODIUM HYALURONATE, DIMETHICONE/VINYL DIMETHICONE CROSSPOLYMER, DISTEARDIMONIUM HECTORITE, PENTAERYTHRITYL TETRA-DI-T-BUTYL HYDROXYHYDROCINNAMATE, TRIETHOXYCAPRYLYLSILANE, ETHYLHEXYL PALMITATE, TRIHYDROXYSTEARIN, DICALCIUM PHOSPHATE, AROMA (FLAVOR), DIMETHYL PHENETHYL ACETATE, CI 15850 (RED 6), CI 15850 (RED 7 LAKE), CI 42090 (BLUE 1 LAKE), CI 77491 (IRON OXIDES), CI 77492 (IRON OXIDES), CI 77499 (IRON OXIDES), CI 77510 (FERRIC AMMONIUM FERROCYANIDE), CI 77891 (TITANIUM DIOXIDE).","Foundation","Essence","https://phorcys-static.ewg.org/cdn-cgi/image/width=560,height=800,quality=60/https://phorcys-static.ewg.org/image/contents/820172/original."
"1773503871-133","https://www.ewg.org/skindeep/browse/brands/12717-essence/","https://www.ewg.org/skindeep/browse/brands/12717-essence/?brand=Essence&page=23","FOUNDATION stick, 40 fair pink peach","Essence","https://phorcys-static.ewg.org/cdn-cgi/image/width=480,height=480,quality=60/https://phorcys-static.ewg.org/image/contents/820153/original.","Essence
         FOUNDATION stick, 40 fair pink peach
      
      
        
            
              
                MODERATE HAZARD
              Data Availability: Fair","https://www.ewg.org/skindeep/products/51403-Essence_FOUNDATION_stick_40_fair_pink_peach/","CAPRYLIC/CAPRIC TRIGLYCERIDE, OCTYLDODECANOL, ISONONYL ISONONANOATE, KAOLIN, ALUMINUM STARCH OCTENYLSUCCINATE, SYNTHETIC WAX, DIMETHICONE, ORYZA SATIVA (RICE) BRAN WAX, SODIUM HYALURONATE, DIMETHICONE/VINYL DIMETHICONE CROSSPOLYMER, DISTEARDIMONIUM HECTORITE, DICALCIUM PHOSPHATE, PENTAERYTHRITYL TETRA-DI-T-BUTYL HYDROXYHYDROCINNAMATE, ETHYLHEXYL PALMITATE, TRIETHOXYCAPRYLYLSILANE, TRIHYDROXYSTEARIN, AROMA (FLAVOR), DIMETHYL PHENETHYL ACETATE, CI 15850 (RED 6), CI 15850 (RED 7 LAKE), CI 42090 (BLUE 1 LAKE), CI 77491 (IRON OXIDES), CI 77492 (IRON OXIDES), CI 77499 (IRON OXIDES), CI 77510 (FERRIC AMMONIUM FERROCYANIDE), CI 77891 (TITANIUM DIOXIDE).","Foundation","Essence","https://phorcys-static.ewg.org/cdn-cgi/image/width=560,height=800,quality=60/https://phorcys-static.ewg.org/image/contents/820153/original."
"1773503873-134","https://www.ewg.org/skindeep/browse/brands/12717-essence/","https://www.ewg.org/skindeep/browse/brands/12717-essence/?brand=Essence&page=23",", I Love Ex Tre Me Waterproof Volume Mascara, Ultra Black","Essence","https://phorcys-static.ewg.org/cdn-cgi/image/width=480,height=480,quality=60/https://phorcys-static.ewg.org/image/contents/583319/original.","Essence
         , I Love Ex Tre Me Waterproof Volume Mascara, Ultra Black
      
      
        
            
              
                MODERATE HAZARD
              Data Availability: Fair","https://www.ewg.org/skindeep/products/951718-Essence_Essence_I_Love_Ex_Tre_Me_Waterproof_Volume_Mascara_Ultra_Black/","ISODODECANE, CERA ALBA (BEESWAX), AQUA (WATER), NYLON-12, EUPHORBIA CERIFERA (CANDELILLA) WAX, TRIMETHYLSILOXYSILICATE, VP/HEXADECENE COPOLYMER, PROPYLENE GLYCOL, COPERNICIA CERIFERA (CARNAUBA) WAX, RICINUS COMMUNIS (CASTOR) SEED OIL, TOCOPHERYLACETATE, BISABOLOL, TOCOPHEROL, ETHYLHEXYLGLYCERIN, POTASSIUM HYDROXIDE, PHENOXYETHANOL, POTASSIUM SORBATE, FARNESOL, CI 77499 (IRON OXIDES).","Mascara","Essence","https://phorcys-static.ewg.org/cdn-cgi/image/width=560,height=800,quality=60/https://phorcys-static.ewg.org/image/contents/583319/original."
"1773503876-135","https://www.ewg.org/skindeep/browse/brands/12717-essence/","https://www.ewg.org/skindeep/browse/brands/12717-essence/?brand=Essence&page=23","JUICY BOMB PARTY lip oil, Marvellous Mango","Essence","https://phorcys-static.ewg.org/cdn-cgi/image/width=480,height=480,quality=60/https://phorcys-static.ewg.org/image/contents/856668/original.","Essence
         JUICY BOMB PARTY lip oil, Marvellous Mango
      
      
        
            
              
                MODERATE HAZARD
              Data Availability: Limited","https://www.ewg.org/skindeep/products/878615-Essence_JUICY_BOMB_PARTY_lip_oil_Marvellous_Mango/","DIISOSTEARYL MALATE, TRIDECYL TRIMELLITATE, POLYISOBUTENE, SILICA, SIMMONDSIA CHINENSIS (JOJOBA) SEED OIL, LIMNANTHES ALBA (MEADOWFOAM) SEED OIL, TOCOPHERYL ACETATE, HYDROLYZED SODIUM HYALURONATE, GLYCERYL BEHENATE, ETHYLHEXYLGLYCERIN, PHENOXYETHANOL, PARFUM (FRAGRANCE), LIMONENE, CI 15850 (RED 6 LAKE), CI 15850 (RED 7 LAKE).","Lip Gloss","Essence","https://phorcys-static.ewg.org/cdn-cgi/image/width=560,height=800,quality=60/https://phorcys-static.ewg.org/image/contents/856668/original."
"1773503879-136","https://www.ewg.org/skindeep/browse/brands/12717-essence/","https://www.ewg.org/skindeep/browse/brands/12717-essence/?brand=Essence&page=23","JELLY JEWELS glitter eyeshadow topper, 02 Celestial Shimmer","Essence","https://phorcys-static.ewg.org/cdn-cgi/image/width=480,height=480,quality=60/https://phorcys-static.ewg.org/image/contents/820128/original.","Essence
         JELLY JEWELS glitter eyeshadow topper, 02 Celestial Shimmer
      
      
        
            
              
                MODERATE HAZARD
              Data Availability: Fair","https://www.ewg.org/skindeep/products/3229865-Essence_JELLY_JEWELS_glitter_eyeshadow_topper_02_Celestial_Shimmer/","AQUA (WATER), BUTYLENE GLYCOL, ALCOHOL DENAT., CALCIUM SODIUM BOROSILICATE, POLYLACTIC ACID, PEG-240/HDI COPOLYMER BIS-DECYLTETRADECETH-20 ETHER, SYNTHETIC FLUORPHLOGOPITE, ACRYLATES/C10-30 ALKYL ACRYLATE CROSSPOLYMER, SILICA, ETHYLHEXYLGLYCERIN, ACRYLATES COPOLYMER, POTASSIUM LAURATE, BHT, PHENOXYETHANOL, TIN OXIDE, CI 77000 (ALUMINUM POWDER), CI 77891 (TITANIUM DIOXIDE).","Eye Shadow","Essence","https://phorcys-static.ewg.org/cdn-cgi/image/width=560,height=800,quality=60/https://phorcys-static.ewg.org/image/contents/820128/original."
"1773503882-137","https://www.ewg.org/skindeep/browse/brands/12717-essence/","https://www.ewg.org/skindeep/browse/brands/12717-essence/?brand=Essence&page=23","FOUNDATION stick, 60 fair cool yellow","Essence","https://phorcys-static.ewg.org/cdn-cgi/image/width=480,height=480,quality=60/https://phorcys-static.ewg.org/image/contents/820154/original.","Essence
         FOUNDATION stick, 60 fair cool yellow
      
      
        
            
              
                MODERATE HAZARD
              Data Availability: Fair","https://www.ewg.org/skindeep/products/7447199-Essence_FOUNDATION_stick_60_fair_cool_yellow/","CAPRYLIC/CAPRIC TRIGLYCERIDE, OCTYLDODECANOL, ISONONYL ISONONANOATE, KAOLIN, ALUMINUM STARCH OCTENYLSUCCINATE, SYNTHETIC WAX, DIMETHICONE, DICALCIUM PHOSPHATE, ORYZA SATIVA (RICE) BRAN WAX, SODIUM HYALURONATE, DIMETHICONE/VINYL DIMETHICONE CROSSPOLYMER, DISTEARDIMONIUM HECTORITE, PENTAERYTHRITYL TETRA-DI-T-BUTYL HYDROXYHYDROCINNAMATE, ETHYLHEXYL PALMITATE, TRIETHOXYCAPRYLYLSILANE, TRIHYDROXYSTEARIN, AROMA (FLAVOR), DIMETHYL PHENETHYL ACETATE, CI 15850 (RED 6), CI 15850 (RED 7 LAKE), CI 42090 (BLUE 1 LAKE), CI 77491 (IRON OXIDES), CI 77492 (IRON OXIDES), CI 77499 (IRON OXIDES), CI 77510 (FERRIC AMMONIUM FERROCYANIDE), CI 77891 (TITANIUM DIOXIDE).","Foundation","Essence","https://phorcys-static.ewg.org/cdn-cgi/image/width=560,height=800,quality=60/https://phorcys-static.ewg.org/image/contents/820154/original."
"1773503885-138","https://www.ewg.org/skindeep/browse/brands/12717-essence/","https://www.ewg.org/skindeep/browse/brands/12717-essence/?brand=Essence&page=22","BABY GOT BRONZE liquid bronzer, 30 Vacation Vibes","Essence","https://phorcys-static.ewg.org/cdn-cgi/image/width=480,height=480,quality=60/https://phorcys-static.ewg.org/image/contents/820238/original.","Essence
         BABY GOT BRONZE liquid bronzer, 30 Vacation Vibes
      
      
        
            
              
                MODERATE HAZARD
              Data Availability: Fair","https://www.ewg.org/skindeep/products/8002876-Essence_BABY_GOT_BRONZE_liquid_bronzer_30_Vacation_Vibes/","AQUA (WATER), COCONUT ALKANES, ISOAMYL LAURATE, SILICA, TALC, PROPANEDIOL, TRI (POLYGLYCERYL-3/LAURYL) HYDROGENATED TRILINOLEATE, ALOE BARBADENSIS LEAF JUICE, POLYGLYCERYL-4 ISOSTEARATE, DISTEARDIMONIUM HECTORITE, COCO-CAPRYLATE/CAPRATE, SODIUM CHLORIDE, SODIUM HYALURONATE, TOCOPHEROL, CAPRYLIC/CAPRIC TRIGLYCERIDE, TRIETHOXYCAPRYLYLSILANE, SODIUM GLUCONATE, DIETHYLHEXYL SYRINGYLIDENEMALONATE, ETHYLHEXYLGLYCERIN, PHENOXYETHANOL, PARFUM (FRAGRANCE), CI 77491 (IRON OXIDES), CI 77492 (IRON OXIDES), CI 77499 (IRON OXIDES), CI 77891 (TITANIUM DIOXIDE).","Bronzer/Highlighter","Essence","https://phorcys-static.ewg.org/cdn-cgi/image/width=560,height=800,quality=60/https://phorcys-static.ewg.org/image/contents/820238/original."
"1773503888-139","https://www.ewg.org/skindeep/browse/brands/12717-essence/","https://www.ewg.org/skindeep/browse/brands/12717-essence/?brand=Essence&page=22","FOUNDATION stick, 201 medium tan neutral","Essence","https://phorcys-static.ewg.org/cdn-cgi/image/width=480,height=480,quality=60/https://phorcys-static.ewg.org/image/contents/820168/original.","Essence
         FOUNDATION stick, 201 medium tan neutral
      
      
        
            
              
                MODERATE HAZARD
              Data Availability: Fair","https://www.ewg.org/skindeep/products/7776451-Essence_FOUNDATION_stick_201_medium_tan_neutral/","CAPRYLIC/CAPRIC TRIGLYCERIDE, OCTYLDODECANOL, ISONONYL ISONONANOATE, KAOLIN, ALUMINUM STARCH OCTENYLSUCCINATE, SYNTHETIC WAX, DIMETHICONE, ORYZA SATIVA (RICE) BRAN WAX, SODIUM HYALURONATE, DIMETHICONE/VINYL DIMETHICONE CROSSPOLYMER, DISTEARDIMONIUM HECTORITE, DICALCIUM PHOSPHATE, PENTAERYTHRITYL TETRA-DI-T-BUTYL HYDROXYHYDROCINNAMATE, TRIETHOXYCAPRYLYLSILANE, ETHYLHEXYL PALMITATE, TRIHYDROXYSTEARIN, AROMA (FLAVOR), DIMETHYL PHENETHYL ACETATE, CI 15850 (RED 6), CI 15850 (RED 7 LAKE), CI 42090 (BLUE 1 LAKE), CI 77491 (IRON OXIDES), CI 77492 (IRON OXIDES), CI 77499 (IRON OXIDES), CI 77510 (FERRIC AMMONIUM FERROCYANIDE), CI 77891 (TITANIUM DIOXIDE).","Foundation","Essence","https://phorcys-static.ewg.org/cdn-cgi/image/width=560,height=800,quality=60/https://phorcys-static.ewg.org/image/contents/820168/original."
"1773503891-140","https://www.ewg.org/skindeep/browse/brands/12717-essence/","https://www.ewg.org/skindeep/browse/brands/12717-essence/?brand=Essence&page=22","BABY GOT BLUSH liquid blush, 40 Coral Crush","Essence","https://phorcys-static.ewg.org/cdn-cgi/image/width=480,height=480,quality=60/https://phorcys-static.ewg.org/image/contents/856865/original.","Essence
         BABY GOT BLUSH liquid blush, 40 Coral Crush
      
      
        
            
              
                MODERATE HAZARD
              Data Availability: Fair","https://www.ewg.org/skindeep/products/9740896-Essence_BABY_GOT_BLUSH_liquid_blush_40_Coral_Crush/",": AQUA (WATER), COCONUT ALKANES, ISOAMYL LAURATE, SILICA, TALC, PROPANEDIOL, POLYGLYCERYL-4 OLEATE, POLYGLYCERYL-4 ISOSTEARATE, ALOE BARBADENSIS LEAF JUICE, DIATOMACEOUS EARTH, DISTEARDIMONIUM HECTORITE, COCO-CAPRYLATE/CAPRATE, MAGNESIUM SULFATE, SODIUM HYALURONATE, TOCOPHEROL, POLYGLYCERYL-3 POLYRICINOLEATE, TRIETHOXYCAPRYLYLSILANE, ETHYLHEXYLGLYCERIN, PHENOXYETHANOL, PARFUM (FRAGRANCE), CI 15850 (RED 7), CI 77491 (IRON OXIDES), CI 77492 (IRON OXIDES), CI 77891 (TITANIUM DIOXIDE).","Blush","Essence","https://phorcys-static.ewg.org/cdn-cgi/image/width=560,height=800,quality=60/https://phorcys-static.ewg.org/image/contents/856865/original."
"1773503894-141","https://www.ewg.org/skindeep/browse/brands/12717-essence/","https://www.ewg.org/skindeep/browse/brands/12717-essence/?brand=Essence&page=22","Cosmetics Get BIG! Lashes Volume Curl Mascara","Essence","https://phorcys-static.ewg.org/cdn-cgi/image/width=480,height=480,quality=60/https://phorcys-static.ewg.org/image/contents/572500/original.","Essence
         Cosmetics Get BIG! Lashes Volume Curl Mascara
      
      
        
            
              
                MODERATE HAZARD
              Data Availability: Limited","https://www.ewg.org/skindeep/products/956201-Essence_Cosmetics_Get_BIG_Lashes_Volume_Curl_Mascara/","AQUA (WATER), PARAFFIN, SYNTHETIC BEESWAX, STEARETH-20, CARNAUBA (COPERNICIA CERIFERA) WAX, ALCOHOL DENAT., STEARETH-2, GLYCERYL BEHENATE, CETYL ALCOHOL, TOCOPHERYL ACETATE, TOCOPHEROL, JOJOBA ESTERS, METHYLPROPANEDIOL, HYDROXYETHYLCELLULOSE, CAPRYLYL GLYCOL, SIMETHICONE, POLYURETHANE-14, AMP-ACRYLATES COPOLYMER, AMINOMETHYL PROPANEDIOL, AMINOMETHYL PROPANOL, ISOPROPYL ACETATE, BHT, PHENOXYETHANOL, CI 77499 (IRON OXIDES).","Mascara","Essence","https://phorcys-static.ewg.org/cdn-cgi/image/width=560,height=800,quality=60/https://phorcys-static.ewg.org/image/contents/572500/original."
"1773503897-142","https://www.ewg.org/skindeep/browse/brands/12717-essence/","https://www.ewg.org/skindeep/browse/brands/12717-essence/?brand=Essence&page=22","Long Lasting Eye Pencil, Tu-Tu-Tourquoise 17","Essence","https://phorcys-static.ewg.org/cdn-cgi/image/width=480,height=480,quality=60/https://phorcys-static.ewg.org/image/contents/856727/original.","Essence
         Long Lasting Eye Pencil, Tu-Tu-Tourquoise 17
      
      
        
            
              
                MODERATE HAZARD
              Data Availability: Fair","https://www.ewg.org/skindeep/products/1981753-Essence_Long_Lasting_Eye_Pencil_TuTuTourquoise_17/","METHYL TRIMETHICONE, ORYZA SATIVA (RICE) BRAN WAX, SYNTHETIC FLUORPHLOGOPITE, TRIMETHYLSILOXYSILICATE, MICA, OCTYLDODECANOL, ACRYLATES/DIMETHICONE COPOLYMER, RAYON, UREA, DISTEARDIMONIUM HECTORITE, GLYCERIN, PULLULAN, PROPYLENE CARBONATE, PENTAERYTHRITYL TETRA-DI-T-BUTYL HYDROXYHYDROCINNAMATE, SILICA, CI 42090 (BLUE 1 LAKE), CI 77000 (ALUMINUM POWDER), CI 77492 (IRON OXIDES), CI 77891 (TITANIUM DIOXIDE).","Eye Liner","Essence","https://phorcys-static.ewg.org/cdn-cgi/image/width=560,height=800,quality=60/https://phorcys-static.ewg.org/image/contents/856727/original."
"1773503900-143","https://www.ewg.org/skindeep/browse/brands/12717-essence/","https://www.ewg.org/skindeep/browse/brands/12717-essence/?brand=Essence&page=22","BABY GOT BRONZE liquid bronzer, 50 Sun Lover","Essence","https://phorcys-static.ewg.org/cdn-cgi/image/width=480,height=480,quality=60/https://phorcys-static.ewg.org/image/contents/820241/original.","Essence
         BABY GOT BRONZE liquid bronzer, 50 Sun Lover
      
      
        
            
              
                MODERATE HAZARD
              Data Availability: Fair","https://www.ewg.org/skindeep/products/7204530-Essence_BABY_GOT_BRONZE_liquid_bronzer_50_Sun_Lover/","AQUA (WATER), COCONUT ALKANES, ISOAMYL LAURATE, SILICA, TALC, PROPANEDIOL, TRI (POLYGLYCERYL-3/LAURYL) HYDROGENATED TRILINOLEATE, ALOE BARBADENSIS LEAF JUICE, POLYGLYCERYL-4 ISOSTEARATE, DISTEARDIMONIUM HECTORITE, COCO-CAPRYLATE/CAPRATE, SODIUM CHLORIDE, SODIUM HYALURONATE, TOCOPHEROL, CAPRYLIC/CAPRIC TRIGLYCERIDE, TRIETHOXYCAPRYLYLSILANE, SODIUM GLUCONATE, DIETHYLHEXYL SYRINGYLIDENEMALONATE, ETHYLHEXYLGLYCERIN, PHENOXYETHANOL, PARFUM (FRAGRANCE), CI 77491 (IRON OXIDES), CI 77492 (IRON OXIDES), CI 77499 (IRON OXIDES), CI 77891 (TITANIUM DIOXIDE).","Bronzer/Highlighter","Essence","https://phorcys-static.ewg.org/cdn-cgi/image/width=560,height=800,quality=60/https://phorcys-static.ewg.org/image/contents/820241/original."
"1773503903-144","https://www.ewg.org/skindeep/browse/brands/12717-essence/","https://www.ewg.org/skindeep/browse/brands/12717-essence/?brand=Essence&page=22","FOUNDATION stick, 310 deep peach","Essence","https://phorcys-static.ewg.org/cdn-cgi/image/width=480,height=480,quality=60/https://phorcys-static.ewg.org/image/contents/820183/original.","Essence
         FOUNDATION stick, 310 deep peach
      
      
        
            
              
                MODERATE HAZARD
              Data Availability: Fair","https://www.ewg.org/skindeep/products/9235158-Essence_FOUNDATION_stick_310_deep_peach/","CAPRYLIC/CAPRIC TRIGLYCERIDE, OCTYLDODECANOL, ISONONYL ISONONANOATE, KAOLIN, ALUMINUM STARCH OCTENYLSUCCINATE, SYNTHETIC WAX, DIMETHICONE, ORYZA SATIVA (RICE) BRAN WAX, SODIUM HYALURONATE, DIMETHICONE/VINYL DIMETHICONE CROSSPOLYMER, DISTEARDIMONIUM HECTORITE, TRIETHOXYCAPRYLYLSILANE, PENTAERYTHRITYL TETRA-DI-T-BUTYL HYDROXYHYDROCINNAMATE, ETHYLHEXYL PALMITATE, TRIHYDROXYSTEARIN, DICALCIUM PHOSPHATE, AROMA (FLAVOR), DIMETHYL PHENETHYL ACETATE, CI 15850 (RED 6), CI 15850 (RED 7 LAKE), CI 42090 (BLUE 1 LAKE), CI 77491 (IRON OXIDES), CI 77492 (IRON OXIDES), CI 77499 (IRON OXIDES), CI 77510 (FERRIC AMMONIUM FERROCYANIDE), CI 77891 (TITANIUM DIOXIDE).","Foundation","Essence","https://phorcys-static.ewg.org/cdn-cgi/image/width=560,height=800,quality=60/https://phorcys-static.ewg.org/image/contents/820183/original."
"1773503906-145","https://www.ewg.org/skindeep/browse/brands/12717-essence/","https://www.ewg.org/skindeep/browse/brands/12717-essence/?brand=Essence&page=22","BABY GOT GLOW liquid highlighter, 30 Breezy Bronze","Essence","https://phorcys-static.ewg.org/cdn-cgi/image/width=480,height=480,quality=60/https://phorcys-static.ewg.org/image/contents/856876/original.","Essence
         BABY GOT GLOW liquid highlighter, 30 Breezy Bronze
      
      
        
            
              
                MODERATE HAZARD
              Data Availability: Fair","https://www.ewg.org/skindeep/products/7497715-Essence_BABY_GOT_GLOW_liquid_highlighter_30_Breezy_Bronze/",": AQUA (WATER), PROPYLENE GLYCOL, MICA, GLYCERYL STEARATE, MAGNESIUM ALUMINUM SILICATE, STEARIC ACID, PARFUM (FRAGRANCE), OLEYL ALCOHOL, CAPRYLYL GLYCOL, CARBOMER, ETHYLHEXYLGLYCERIN, HEXYLENE GLYCOL, POTASSIUM HYDROXIDE, PHENOXYETHANOL, TIN OXIDE, CI 77491 (IRON OXIDES), CI 77891 (TITANIUM DIOXIDE).","Bronzer/Highlighter","Essence","https://phorcys-static.ewg.org/cdn-cgi/image/width=560,height=800,quality=60/https://phorcys-static.ewg.org/image/contents/856876/original."
"1773503909-146","https://www.ewg.org/skindeep/browse/brands/12717-essence/","https://www.ewg.org/skindeep/browse/brands/12717-essence/?brand=Essence&page=22","FOUNDATION stick, 300 deep red","Essence","https://phorcys-static.ewg.org/cdn-cgi/image/width=480,height=480,quality=60/https://phorcys-static.ewg.org/image/contents/820181/original.","Essence
         FOUNDATION stick, 300 deep red
      
      
        
            
              
                MODERATE HAZARD
              Data Availability: Fair","https://www.ewg.org/skindeep/products/7023724-Essence_FOUNDATION_stick_300_deep_red/","CAPRYLIC/CAPRIC TRIGLYCERIDE, OCTYLDODECANOL, ISONONYL ISONONANOATE, KAOLIN, ALUMINUM STARCH OCTENYLSUCCINATE, SYNTHETIC WAX, DIMETHICONE, ORYZA SATIVA (RICE) BRAN WAX, SODIUM HYALURONATE, DIMETHICONE/VINYL DIMETHICONE CROSSPOLYMER, DISTEARDIMONIUM HECTORITE, TRIETHOXYCAPRYLYLSILANE, PENTAERYTHRITYL TETRA-DI-T-BUTYL HYDROXYHYDROCINNAMATE, ETHYLHEXYL PALMITATE, TRIHYDROXYSTEARIN, DICALCIUM PHOSPHATE, AROMA (FLAVOR), DIMETHYL PHENETHYL ACETATE, CI 15850 (RED 6), CI 15850 (RED 7 LAKE), CI 42090 (BLUE 1 LAKE), CI 77491 (IRON OXIDES), CI 77492 (IRON OXIDES), CI 77499 (IRON OXIDES), CI 77510 (FERRIC AMMONIUM FERROCYANIDE), CI 77891 (TITANIUM DIOXIDE).","Foundation","Essence","https://phorcys-static.ewg.org/cdn-cgi/image/width=560,height=800,quality=60/https://phorcys-static.ewg.org/image/contents/820181/original."
"1773503912-147","https://www.ewg.org/skindeep/browse/brands/12717-essence/","https://www.ewg.org/skindeep/browse/brands/12717-essence/?brand=Essence&page=22","JUICY BOMB PARTY lip oil, Peach Perfect","Essence","https://phorcys-static.ewg.org/cdn-cgi/image/width=480,height=480,quality=60/https://phorcys-static.ewg.org/image/contents/856666/original.","Essence
         JUICY BOMB PARTY lip oil, Peach Perfect
      
      
        
            
              
                MODERATE HAZARD
              Data Availability: Fair","https://www.ewg.org/skindeep/products/899217-Essence_JUICY_BOMB_PARTY_lip_oil_Peach_Perfect/","DIISOSTEARYL MALATE, TRIDECYL TRIMELLITATE, POLYISOBUTENE, SILICA, SIMMONDSIA CHINENSIS (JOJOBA) SEED OIL, LIMNANTHES ALBA (MEADOWFOAM) SEED OIL, TOCOPHERYL ACETATE, HYDROLYZED SODIUM HYALURONATE, GLYCERYL BEHENATE, ETHYLHEXYLGLYCERIN, CALCIUM ALUMINUM BOROSILICATE, PHENOXYETHANOL, PARFUM (FRAGRANCE), TIN OXIDE, CI 15850 (RED 7 LAKE), CI 77891 (TITANIUM DIOXIDE).","Lip Gloss","Essence","https://phorcys-static.ewg.org/cdn-cgi/image/width=560,height=800,quality=60/https://phorcys-static.ewg.org/image/contents/856666/original."
"1773503914-148","https://www.ewg.org/skindeep/browse/brands/12717-essence/","https://www.ewg.org/skindeep/browse/brands/12717-essence/?brand=Essence&page=22","SOMEBUNNY LIKE YOU lipgloss, 01 You Make Me So Hoppy!","Essence","https://phorcys-static.ewg.org/cdn-cgi/image/width=480,height=480,quality=60/https://phorcys-static.ewg.org/image/contents/820189/original.","Essence
         SOMEBUNNY LIKE YOU lipgloss, 01 You Make Me So Hoppy!
      
      
        
            
              
                MODERATE HAZARD
              Data Availability: Fair","https://www.ewg.org/skindeep/products/1210530-Essence_SOMEBUNNY_LIKE_YOU_lipgloss_01_You_Make_Me_So_Hoppy/","ETHYLHEXYL PALMITATE, POLYBUTENE, SILICA DIMETHYL SILYLATE, TOCOPHERYL ACETATE, ARGANIA SPINOSA KERNEL OIL, CALCIUM SODIUM BOROSILICATE, ETHYLHEXYLGLYCERIN, BENZYL SALICYLATE, PHENOXYETHANOL, BENZYL ALCOHOL, PARFUM (FRAGRANCE), VANILLIN, TIN OXIDE, CI 15850 (RED 6 LAKE), CI 77491 (IRON OXIDES), CI 77891 (TITANIUM DIOXIDE).","Lip Gloss","Essence","https://phorcys-static.ewg.org/cdn-cgi/image/width=560,height=800,quality=60/https://phorcys-static.ewg.org/image/contents/820189/original."
"1773503917-149","https://www.ewg.org/skindeep/browse/brands/12717-essence/","https://www.ewg.org/skindeep/browse/brands/12717-essence/?brand=Essence&page=22","FOUNDATION stick, 160 light medium pink peach","Essence","https://phorcys-static.ewg.org/cdn-cgi/image/width=480,height=480,quality=60/https://phorcys-static.ewg.org/image/contents/820163/original.","Essence
         FOUNDATION stick, 160 light medium pink peach
      
      
        
            
              
                MODERATE HAZARD
              Data Availability: Fair","https://www.ewg.org/skindeep/products/6366748-Essence_FOUNDATION_stick_160_light_medium_pink_peach/","CAPRYLIC/CAPRIC TRIGLYCERIDE, OCTYLDODECANOL, ISONONYL ISONONANOATE, KAOLIN, ALUMINUM STARCH OCTENYLSUCCINATE, SYNTHETIC WAX, DIMETHICONE, ORYZA SATIVA (RICE) BRAN WAX, SODIUM HYALURONATE, DIMETHICONE/VINYL DIMETHICONE CROSSPOLYMER, DISTEARDIMONIUM HECTORITE, DICALCIUM PHOSPHATE, PENTAERYTHRITYL TETRA-DI-T-BUTYL HYDROXYHYDROCINNAMATE, TRIETHOXYCAPRYLYLSILANE, ETHYLHEXYL PALMITATE, TRIHYDROXYSTEARIN, AROMA (FLAVOR), DIMETHYL PHENETHYL ACETATE, CI 15850 (RED 6), CI 15850 (RED 7 LAKE), CI 42090 (BLUE 1 LAKE), CI 77491 (IRON OXIDES), CI 77492 (IRON OXIDES), CI 77499 (IRON OXIDES), CI 77510 (FERRIC AMMONIUM FERROCYANIDE), CI 77891 (TITANIUM DIOXIDE).","Foundation","Essence","https://phorcys-static.ewg.org/cdn-cgi/image/width=560,height=800,quality=60/https://phorcys-static.ewg.org/image/contents/820163/original."
"1773503920-150","https://www.ewg.org/skindeep/browse/brands/12717-essence/","https://www.ewg.org/skindeep/browse/brands/12717-essence/?brand=Essence&page=21","Cosmetics Lash Princess False Lash Effect Waterproof Mascara","Essence","https://phorcys-static.ewg.org/cdn-cgi/image/width=480,height=480,quality=60/https://phorcys-static.ewg.org/image/contents/572493/original.","Essence
         Cosmetics Lash Princess False Lash Effect Waterproof Mascara
      
      
        
            
              
                MODERATE HAZARD
              Data Availability: Fair","https://www.ewg.org/skindeep/products/956194-Essence_Cosmetics_Lash_Princess_False_Lash_Effect_Waterproof_Mascara/","ISODODECANE, CERA ALBA (BEESWAX), AQUA (WATER), NYLON-12, EUPHORBIA CERIFERA (CANDELILLA) WAX, TRIMETHYLSILOXYSILICATE, VP/HEXADECENE COPOLYMER, PROPYLENE GLYCOL, COPERNICIA CERIFERA (CARNAUBA) WAX, RICINUS COMMUNIS (CASTOR) SEED OIL, TOCOPHERYL ACETATE, BISABOLOL, TOCOPHEROL, ETHYLHEXYLGLYCERIN, POLYESTER-4, POTASSIUM HYDROXIDE, PHENOXYETHANOL, POTASSIUM SORBATE, FARNESOL, CI 77499 (IRON OXIDES).","Mascara","Essence","https://phorcys-static.ewg.org/cdn-cgi/image/width=560,height=800,quality=60/https://phorcys-static.ewg.org/image/contents/572493/original."
"1773503922-151","https://www.ewg.org/skindeep/browse/brands/12717-essence/","https://www.ewg.org/skindeep/browse/brands/12717-essence/?brand=Essence&page=21","JUICY BOMB PARTY jumbo lipgloss","Essence","https://phorcys-static.ewg.org/cdn-cgi/image/width=480,height=480,quality=60/https://phorcys-static.ewg.org/image/contents/856665/original.","Essence
         JUICY BOMB PARTY jumbo lipgloss
      
      
        
            
              
                MODERATE HAZARD
              Data Availability: Fair","https://www.ewg.org/skindeep/products/8218939-Essence_JUICY_BOMB_PARTY_jumbo_lipgloss/","ETHYLHEXYL STEARATE, RICINUS COMMUNIS (CASTOR) SEED OIL, SILICA DIMETHYL SILYLATE, POLYGLYCERYL-2 ISOSTEARATE/DIMER DILINOLEATE COPOLYMER, PRUNUS AMYGDALUS DULCIS (SWEET ALMOND) OIL, TOCOPHERYL ACETATE, STEVIA REBAUDIANA EXTRACT, PHENYLPROPANOL, MICA, PARFUM (FRAGRANCE), BENZYL BENZOATE, CI 77891 (TITANIUM DIOXIDE).","Lip Gloss","Essence","https://phorcys-static.ewg.org/cdn-cgi/image/width=560,height=800,quality=60/https://phorcys-static.ewg.org/image/contents/856665/original."
"1773503925-152","https://www.ewg.org/skindeep/browse/brands/12717-essence/","https://www.ewg.org/skindeep/browse/brands/12717-essence/?brand=Essence&page=21","extreme shine lipgloss, Biscuit Bliss","Essence","https://phorcys-static.ewg.org/cdn-cgi/image/width=480,height=480,quality=60/https://phorcys-static.ewg.org/image/contents/856817/original.","Essence
         extreme shine lipgloss, Biscuit Bliss
      
      
        
            
              
                MODERATE HAZARD
              Data Availability: Fair","https://www.ewg.org/skindeep/products/1015142-Essence_extreme_shine_lipgloss_Biscuit_Bliss/",": OCTYLDODECANOL, POLYBUTENE, HYDROGENATED POLYISOBUTENE, DICALCIUM PHOSPHATE, SILICA, HYDROGENATED STYRENE/ISOPRENE COPOLYMER, CAPRYLIC/CAPRIC TRIGLYCERIDE, TRIACONTANYL PVP, SYNTHETIC FLUORPHLOGOPITE, PENTAERYTHRITYL TETRA-DI-T-BUTYL HYDROXYHYDROCINNAMATE, ETHYL VANILLIN, PARFUM (FRAGRANCE), DIMETHYL PHENETHYL ACETATE, TIN OXIDE, CI 15850 (RED 7 LAKE), CI 42090 (BLUE 1 LAKE), CI 77491 (IRON OXIDES), CI 77492 (IRON OXIDES), CI 77499 (IRON OXIDES), CI 77891 (TITANIUM DIOXIDE).","Lip Gloss","Essence","https://phorcys-static.ewg.org/cdn-cgi/image/width=560,height=800,quality=60/https://phorcys-static.ewg.org/image/contents/856817/original."
"1773503928-153","https://www.ewg.org/skindeep/browse/brands/12717-essence/","https://www.ewg.org/skindeep/browse/brands/12717-essence/?brand=Essence&page=21","FOUNDATION stick, 130 light cool pink","Essence","https://phorcys-static.ewg.org/cdn-cgi/image/width=480,height=480,quality=60/https://phorcys-static.ewg.org/image/contents/820162/original.","Essence
         FOUNDATION stick, 130 light cool pink
      
      
        
            
              
                MODERATE HAZARD
              Data Availability: Fair","https://www.ewg.org/skindeep/products/3367182-Essence_FOUNDATION_stick_130_light_cool_pink/","CAPRYLIC/CAPRIC TRIGLYCERIDE, OCTYLDODECANOL, ISONONYL ISONONANOATE, KAOLIN, ALUMINUM STARCH OCTENYLSUCCINATE, SYNTHETIC WAX, DIMETHICONE, ORYZA SATIVA (RICE) BRAN WAX, SODIUM HYALURONATE, DIMETHICONE/VINYL DIMETHICONE CROSSPOLYMER, DISTEARDIMONIUM HECTORITE, DICALCIUM PHOSPHATE, PENTAERYTHRITYL TETRA-DI-T-BUTYL HYDROXYHYDROCINNAMATE, ETHYLHEXYL PALMITATE, TRIETHOXYCAPRYLYLSILANE, TRIHYDROXYSTEARIN, AROMA (FLAVOR), DIMETHYL PHENETHYL ACETATE, CI 15850 (RED 6), CI 15850 (RED 7 LAKE), CI 42090 (BLUE 1 LAKE), CI 77491 (IRON OXIDES), CI 77492 (IRON OXIDES), CI 77499 (IRON OXIDES), CI 77510 (FERRIC AMMONIUM FERROCYANIDE), CI 77891 (TITANIUM DIOXIDE).","Foundation","Essence","https://phorcys-static.ewg.org/cdn-cgi/image/width=560,height=800,quality=60/https://phorcys-static.ewg.org/image/contents/820162/original."
"1773503931-154","https://www.ewg.org/skindeep/browse/brands/12717-essence/","https://www.ewg.org/skindeep/browse/brands/12717-essence/?brand=Essence&page=21","Extreme Shine Volume Lipgloss - 07 Peach Please","Essence","https://phorcys-static.ewg.org/cdn-cgi/image/width=480,height=480,quality=60/https://phorcys-static.ewg.org/image/contents/674222/original.","Essence
         Extreme Shine Volume Lipgloss - 07 Peach Please
      
      
        
            
              
                MODERATE HAZARD
              Data Availability: Limited","https://www.ewg.org/skindeep/products/1043542-Essence_Extreme_Shine_Volume_Lipgloss__07_Peach_Please/","POLYBUTENE, OCTYLDODECANOL, HYDROGENATED POLYISOBUTENE, SILICA DIMETHYL SILYLATE, DISTEARDIMONIUM HECTORITE, MICA, HYDROGENATED STYRENE/ISOPRENE COPOLYMER, CAPRYLIC/CAPRIC TRIGLYCERIDE, TOCOPHERYL ACETATE, OCTYLDODECYL STEAROYL STEARATE, SYNTHETIC FLUORPHLOGOPITE, PENTAERYTHRITYL TETRA-DI-T-BUTYL HYDROXYHYDROCINNAMATE, PROPYLENE CARBONATE, CALCIUM ALUMINUM BOROSILICATE, BARIUM SULFATE, SODIUM SACCHARIN, TIN OXIDE, VP/HEXADECENE COPOLYMER, AROMA (FLAVOR), CI 15850 (RED 6), CI 15850 (RED 7 LAKE), CI 42090 (BLUE 1 LAKE), CI 77491 (IRON OXIDES), CI 77891 (TITANIUM DIOXIDE)","Lip Gloss","Essence","https://phorcys-static.ewg.org/cdn-cgi/image/width=560,height=800,quality=60/https://phorcys-static.ewg.org/image/contents/674222/original."
"1773503934-155","https://www.ewg.org/skindeep/browse/brands/12717-essence/","https://www.ewg.org/skindeep/browse/brands/12717-essence/?brand=Essence&page=21","BABY GOT GLOW liquid highlighter, 10 Sassy in Silk","Essence","https://phorcys-static.ewg.org/cdn-cgi/image/width=480,height=480,quality=60/https://phorcys-static.ewg.org/image/contents/856874/original.","Essence
         BABY GOT GLOW liquid highlighter, 10 Sassy in Silk
      
      
        
            
              
                MODERATE HAZARD
              Data Availability: Fair","https://www.ewg.org/skindeep/products/8802956-Essence_BABY_GOT_GLOW_liquid_highlighter_10_Sassy_in_Silk/",": AQUA (WATER), PROPYLENE GLYCOL, MICA, GLYCERYL STEARATE, MAGNESIUM ALUMINUM SILICATE, STEARIC ACID, OLEYL ALCOHOL, CAPRYLYL GLYCOL, CARBOMER, ETHYLHEXYLGLYCERIN, HEXYLENE GLYCOL, TRIETHOXYCAPRYLYLSILANE, POTASSIUM HYDROXIDE, PHENOXYETHANOL, PARFUM (FRAGRANCE), TIN OXIDE, CI 77491 (IRON OXIDES), CI 77891 (TITANIUM DIOXIDE).","Bronzer/Highlighter","Essence","https://phorcys-static.ewg.org/cdn-cgi/image/width=560,height=800,quality=60/https://phorcys-static.ewg.org/image/contents/856874/original."
"1773503936-156","https://www.ewg.org/skindeep/browse/brands/12717-essence/","https://www.ewg.org/skindeep/browse/brands/12717-essence/?brand=Essence&page=21","Cosmetics I Love Extreme Volume Waterproof Mascara","Essence","https://phorcys-static.ewg.org/cdn-cgi/image/width=480,height=480,quality=60/https://phorcys-static.ewg.org/image/contents/572497/original.","Essence
         Cosmetics I Love Extreme Volume Waterproof Mascara
      
      
        
            
              
                MODERATE HAZARD
              Data Availability: Fair","https://www.ewg.org/skindeep/products/956198-Essence_Cosmetics_I_Love_Extreme_Volume_Waterproof_Mascara/","ISODODECANE, CERA ALBA (BEESWAX), AQUA (WATER), NYLON-12, CANDELILLA (EUPHORBIA CERIFERA) WAX, TRIMETHYLSILOXYSILICATE, VP/HEXADECENE COPOLYMER, CARNAUBA (COPERNICIA CERIFERA) WAX, PROPYLENE GLYCOL, RICINUS COMMUNIS (CASTOR) SEED OIL, TOCOPHERYL ACETATE, ETHYLHEXYLGLYCERIN, BISABOLOL, TOCOPHEROL, POTASSIUM HYDROXIDE, POTASSIUM SORBATE, PHENOXYETHANOL, FARNESOL, CI 77499 (IRON OXIDES).","Mascara","Essence","https://phorcys-static.ewg.org/cdn-cgi/image/width=560,height=800,quality=60/https://phorcys-static.ewg.org/image/contents/572497/original."
"1773503939-157","https://www.ewg.org/skindeep/browse/brands/12717-essence/","https://www.ewg.org/skindeep/browse/brands/12717-essence/?brand=Essence&page=21","extreme shine lipgloss, Glazed Berry","Essence","https://phorcys-static.ewg.org/cdn-cgi/image/width=480,height=480,quality=60/https://phorcys-static.ewg.org/image/contents/856816/original.","Essence
         extreme shine lipgloss, Glazed Berry
      
      
        
            
              
                MODERATE HAZARD
              Data Availability: Limited","https://www.ewg.org/skindeep/products/1490240-Essence_extreme_shine_lipgloss_Glazed_Berry/",": POLYBUTENE, HYDROGENATED POLYISOBUTENE, OCTYLDODECANOL, SILICA DIMETHYL SILYLATE, TRIMETHYLOLPROPANE TRIISOSTEARATE, HYDROGENATED STYRENE/ISOPRENE COPOLYMER, CAPRYLIC/CAPRIC TRIGLYCERIDE, TOCOPHEROL, VP/HEXADECENE COPOLYMER, OCTYLDODECYL STEAROYL STEARATE, CAPRYLYL GLYCOL, SYNTHETIC FLUORPHLOGOPITE, PENTAERYTHRITYL TETRA-DI-T-BUTYL HYDROXYHYDROCINNAMATE, AROMA (FLAVOR), BARIUM SULFATE, CI 15850 (RED 7), CI 42090 (BLUE 1 LAKE), CI 77491 (IRON OXIDES), CI 77891 (TITANIUM DIOXIDE).","Lip Gloss","Essence","https://phorcys-static.ewg.org/cdn-cgi/image/width=560,height=800,quality=60/https://phorcys-static.ewg.org/image/contents/856816/original."
"1773503942-158","https://www.ewg.org/skindeep/browse/brands/12717-essence/","https://www.ewg.org/skindeep/browse/brands/12717-essence/?brand=Essence&page=21","JUICY BOMB Shiny Lipgloss, Lovely Litchi 101","Essence","https://phorcys-static.ewg.org/cdn-cgi/image/width=480,height=480,quality=60/https://phorcys-static.ewg.org/image/contents/856791/original.","Essence
         JUICY BOMB Shiny Lipgloss, Lovely Litchi 101
      
      
        
            
              
                MODERATE HAZARD
              Data Availability: Fair","https://www.ewg.org/skindeep/products/5792506-Essence_JUICY_BOMB_Shiny_Lipgloss_Lovely_Litchi_101/","ETHYLHEXYL STEARATE, RICINUS COMMUNIS (CASTOR) SEED OIL, SILICA DIMETHYL SILYLATE, POLYGLYCERYL-2 ISOSTEARATE/DIMER DILINOLEATE COPOLYMER, PRUNUS AMYGDALUS DULCIS (SWEET ALMOND) OIL, STEVIA REBAUDIANA EXTRACT, PHENYLPROPANOL, TOCOPHERYL ACETATE, MICA, PARFUM (FRAGRANCE), BENZYL BENZOATE, CI 77891 (TITANIUM DIOXIDE).","Lip Gloss","Essence","https://phorcys-static.ewg.org/cdn-cgi/image/width=560,height=800,quality=60/https://phorcys-static.ewg.org/image/contents/856791/original."
"1773503945-159","https://www.ewg.org/skindeep/browse/brands/12717-essence/","https://www.ewg.org/skindeep/browse/brands/12717-essence/?brand=Essence&page=21","FOUNDATION stick, 200 medium tan cool pink","Essence","https://phorcys-static.ewg.org/cdn-cgi/image/width=480,height=480,quality=60/https://phorcys-static.ewg.org/image/contents/820169/original.","Essence
         FOUNDATION stick, 200 medium tan cool pink
      
      
        
            
              
                MODERATE HAZARD
              Data Availability: Fair","https://www.ewg.org/skindeep/products/4433017-Essence_FOUNDATION_stick_200_medium_tan_cool_pink/","CAPRYLIC/CAPRIC TRIGLYCERIDE, OCTYLDODECANOL, ISONONYL ISONONANOATE, KAOLIN, ALUMINUM STARCH OCTENYLSUCCINATE, SYNTHETIC WAX, DIMETHICONE, ORYZA SATIVA (RICE) BRAN WAX, SODIUM HYALURONATE, DIMETHICONE/VINYL DIMETHICONE CROSSPOLYMER, DISTEARDIMONIUM HECTORITE, DICALCIUM PHOSPHATE, PENTAERYTHRITYL TETRA-DI-T-BUTYL HYDROXYHYDROCINNAMATE, TRIETHOXYCAPRYLYLSILANE, ETHYLHEXYL PALMITATE, TRIHYDROXYSTEARIN, AROMA (FLAVOR), DIMETHYL PHENETHYL ACETATE, CI 15850 (RED 6), CI 15850 (RED 7 LAKE), CI 42090 (BLUE 1 LAKE), CI 77491 (IRON OXIDES), CI 77492 (IRON OXIDES), CI 77499 (IRON OXIDES), CI 77510 (FERRIC AMMONIUM FERROCYANIDE), CI 77891 (TITANIUM DIOXIDE).","Foundation","Essence","https://phorcys-static.ewg.org/cdn-cgi/image/width=560,height=800,quality=60/https://phorcys-static.ewg.org/image/contents/820169/original."
"1773503948-160","https://www.ewg.org/skindeep/browse/brands/12717-essence/","https://www.ewg.org/skindeep/browse/brands/12717-essence/?brand=Essence&page=21","Polly Pocket™ lip glaze, Polly2K","Essence","https://phorcys-static.ewg.org/cdn-cgi/image/width=480,height=480,quality=60/https://phorcys-static.ewg.org/image/contents/856651/original.","Essence
         Polly Pocket™ lip glaze, Polly2K
      
      
        
            
              
                MODERATE HAZARD
              Data Availability: Fair","https://www.ewg.org/skindeep/products/8434215-Essence_Polly_Pocket_lip_glaze_Polly2K/","ETHYLHEXYL PALMITATE, POLYBUTENE, HYDROGENATED POLYISOBUTENE, ARGANIA SPINOSA KERNEL OIL, SILICA DIMETHYL SILYLATE, TOCOPHERYL ACETATE, CALCIUM ALUMINUM BOROSILICATE, ETHYLHEXYLGLYCERIN, PHENOXYETHANOL, PARFUM (FRAGRANCE), DIMETHYL PHENETHYL ACETATE, CITRONELLOL, HEXYL CINNAMAL, LINALOOL, TIN OXIDE, CI 45410 (RED 27 LAKE), CI 77742 (MANGANESE VIOLET), CI 77891 (TITANIUM DIOXIDE).","Lip Gloss","Essence","https://phorcys-static.ewg.org/cdn-cgi/image/width=560,height=800,quality=60/https://phorcys-static.ewg.org/image/contents/856651/original."
"1773503951-161","https://www.ewg.org/skindeep/browse/brands/12717-essence/","https://www.ewg.org/skindeep/browse/brands/12717-essence/?brand=Essence&page=21","JUICY BOMB Shiny Lipgloss, Pineapple Paradise 001","Essence","https://phorcys-static.ewg.org/cdn-cgi/image/width=480,height=480,quality=60/https://phorcys-static.ewg.org/image/contents/856789/original.","Essence
         JUICY BOMB Shiny Lipgloss, Pineapple Paradise 001
      
      
        
            
              
                MODERATE HAZARD
              Data Availability: Fair","https://www.ewg.org/skindeep/products/2654029-Essence_JUICY_BOMB_Shiny_Lipgloss_Pineapple_Paradise_001/",": ETHYLHEXYL PALMITATE, HYDROGENATED POLYISOBUTENE, CAPRYLIC/CAPRIC TRIGLYCERIDE, POLYBUTENE, EUPHORBIA CERIFERA CERA (EUPHORBIA CERIFERA (CANDELILLA) WAX), SIMMONDSIA CHINENSIS (JOJOBA) SEED OIL, ARGANIA SPINOSA KERNEL OIL, PRUNUS AMYGDALUS DULCIS (SWEET ALMOND) OIL, SYNTHETIC FLUORPHLOGOPITE, PHENOXYETHANOL, PARFUM (FRAGRANCE), TIN OXIDE, CI 19140 (YELLOW 5 LAKE), CI 77891 (TITANIUM DIOXIDE).","Lip Gloss","Essence","https://phorcys-static.ewg.org/cdn-cgi/image/width=560,height=800,quality=60/https://phorcys-static.ewg.org/image/contents/856789/original."
"1773503954-162","https://www.ewg.org/skindeep/browse/brands/12717-essence/","https://www.ewg.org/skindeep/browse/brands/12717-essence/?brand=Essence&page=20","FOUNDATION stick, 20 fair pink","Essence","https://phorcys-static.ewg.org/cdn-cgi/image/width=480,height=480,quality=60/https://phorcys-static.ewg.org/image/contents/820151/original.","Essence
         FOUNDATION stick, 20 fair pink
      
      
        
            
              
                MODERATE HAZARD
              Data Availability: Fair","https://www.ewg.org/skindeep/products/8392704-Essence_FOUNDATION_stick_20_fair_pink/","CAPRYLIC/CAPRIC TRIGLYCERIDE, OCTYLDODECANOL, ISONONYL ISONONANOATE, KAOLIN, ALUMINUM STARCH OCTENYLSUCCINATE, SYNTHETIC WAX, DIMETHICONE, ORYZA SATIVA (RICE) BRAN WAX, SODIUM HYALURONATE, DIMETHICONE/VINYL DIMETHICONE CROSSPOLYMER, DISTEARDIMONIUM HECTORITE, DICALCIUM PHOSPHATE, PENTAERYTHRITYL TETRA-DI-T-BUTYL HYDROXYHYDROCINNAMATE, ETHYLHEXYL PALMITATE, TRIETHOXYCAPRYLYLSILANE, TRIHYDROXYSTEARIN, AROMA (FLAVOR), DIMETHYL PHENETHYL ACETATE, CI 15850 (RED 6), CI 15850 (RED 7 LAKE), CI 42090 (BLUE 1 LAKE), CI 77491 (IRON OXIDES), CI 77492 (IRON OXIDES), CI 77499 (IRON OXIDES), CI 77510 (FERRIC AMMONIUM FERROCYANIDE), CI 77891 (TITANIUM DIOXIDE).","Foundation","Essence","https://phorcys-static.ewg.org/cdn-cgi/image/width=560,height=800,quality=60/https://phorcys-static.ewg.org/image/contents/820151/original."
"1773503957-163","https://www.ewg.org/skindeep/browse/brands/12717-essence/","https://www.ewg.org/skindeep/browse/brands/12717-essence/?brand=Essence&page=20","FOUNDATION stick, 30 fair warm yellow","Essence","https://phorcys-static.ewg.org/cdn-cgi/image/width=480,height=480,quality=60/https://phorcys-static.ewg.org/image/contents/820152/original.","Essence
         FOUNDATION stick, 30 fair warm yellow
      
      
        
            
              
                MODERATE HAZARD
              Data Availability: Fair","https://www.ewg.org/skindeep/products/9562856-Essence_FOUNDATION_stick_30_fair_warm_yellow/","CAPRYLIC/CAPRIC TRIGLYCERIDE, OCTYLDODECANOL, ISONONYL ISONONANOATE, KAOLIN, ALUMINUM STARCH OCTENYLSUCCINATE, SYNTHETIC WAX, DIMETHICONE, ORYZA SATIVA (RICE) BRAN WAX, SODIUM HYALURONATE, DIMETHICONE/VINYL DIMETHICONE CROSSPOLYMER, DISTEARDIMONIUM HECTORITE, PENTAERYTHRITYL TETRA-DI-T-BUTYL HYDROXYHYDROCINNAMATE, ETHYLHEXYL PALMITATE, DICALCIUM PHOSPHATE, TRIETHOXYCAPRYLYLSILANE, TRIHYDROXYSTEARIN, AROMA (FLAVOR), DIMETHYL PHENETHYL ACETATE, CI 15850 (RED 6), CI 15850 (RED 7 LAKE), CI 42090 (BLUE 1 LAKE), CI 77491 (IRON OXIDES), CI 77492 (IRON OXIDES), CI 77499 (IRON OXIDES), CI 77510 (FERRIC AMMONIUM FERROCYANIDE), CI 77891 (TITANIUM DIOXIDE).","Foundation","Essence","https://phorcys-static.ewg.org/cdn-cgi/image/width=560,height=800,quality=60/https://phorcys-static.ewg.org/image/contents/820152/original."
"1773503959-164","https://www.ewg.org/skindeep/browse/brands/12717-essence/","https://www.ewg.org/skindeep/browse/brands/12717-essence/?brand=Essence&page=20","BABY GOT GLAZE balm stick","Essence","https://phorcys-static.ewg.org/cdn-cgi/image/width=480,height=480,quality=60/https://phorcys-static.ewg.org/image/contents/820130/original.","Essence
         BABY GOT GLAZE balm stick
      
      
        
            
              
                MODERATE HAZARD
              Data Availability: Fair","https://www.ewg.org/skindeep/products/5620006-Essence_BABY_GOT_GLAZE_balm_stick/","HYDROGENATED COCONUT OIL, RICINUS COMMUNIS (CASTOR) SEED OIL, HELIANTHUS ANNUUS (SUNFLOWER) SEED OIL, CAPRYLIC/CAPRIC TRIGLYCERIDE, ISOSTEARYL ISOSTEARATE, TRIBEHENIN, CETYL ALCOHOL, ORYZA SATIVA BRAN CERA (ORYZA SATIVA (RICE) BRAN WAX), ALUMINA, TOCOPHEROL, PARFUM (FRAGRANCE), TIN OXIDE, CI 45410 (RED 28 LAKE), CI 77891 (TITANIUM DIOXIDE).","Blush","","https://phorcys-static.ewg.org/cdn-cgi/image/width=560,height=800,quality=60/https://phorcys-static.ewg.org/image/contents/820130/original."
"1773503962-165","https://www.ewg.org/skindeep/browse/brands/12717-essence/","https://www.ewg.org/skindeep/browse/brands/12717-essence/?brand=Essence&page=20","Long Lasting Eye Pencil, I Have A Green 12","Essence","https://phorcys-static.ewg.org/cdn-cgi/image/width=480,height=480,quality=60/https://phorcys-static.ewg.org/image/contents/856729/original.","Essence
         Long Lasting Eye Pencil, I Have A Green 12
      
      
        
            
              
                MODERATE HAZARD
              Data Availability: Fair","https://www.ewg.org/skindeep/products/9445573-Essence_Long_Lasting_Eye_Pencil_I_Have_A_Green_12/","METHYL TRIMETHICONE, ORYZA SATIVA (RICE) BRAN WAX, TRIMETHYLSILOXYSILICATE, MICA, OCTYLDODECANOL, ACRYLATES/DIMETHICONE COPOLYMER, RAYON, UREA, GLYCERIN, PULLULAN, DISTEARDIMONIUM HECTORITE, TIN OXIDE, PENTAERYTHRITYL TETRA-DI-T-BUTYL HYDROXYHYDROCINNAMATE, PROPYLENE CARBONATE, SILICA, CI 77000 (ALUMINUM POWDER), CI 77491 (IRON OXIDES), CI 77492 (IRON OXIDES), CI 77499 (IRON OXIDES), CI 77510 (FERRIC AMMONIUM FERROCYANIDE), CI 77510 (FERRIC FERROCYANIDE), CI 77891 (TITANIUM DIOXIDE).","Eye Liner","Essence","https://phorcys-static.ewg.org/cdn-cgi/image/width=560,height=800,quality=60/https://phorcys-static.ewg.org/image/contents/856729/original."
"1773503965-166","https://www.ewg.org/skindeep/browse/brands/12717-essence/","https://www.ewg.org/skindeep/browse/brands/12717-essence/?brand=Essence&page=20","BABY GOT BRONZE liquid bronzer, 40 Tan-Tastic","Essence","https://phorcys-static.ewg.org/cdn-cgi/image/width=480,height=480,quality=60/https://phorcys-static.ewg.org/image/contents/820239/original.","Essence
         BABY GOT BRONZE liquid bronzer, 40 Tan-Tastic
      
      
        
            
              
                MODERATE HAZARD
              Data Availability: Fair","https://www.ewg.org/skindeep/products/9588518-Essence_BABY_GOT_BRONZE_liquid_bronzer_40_TanTastic/","AQUA (WATER), COCONUT ALKANES, ISOAMYL LAURATE, SILICA, TALC, PROPANEDIOL, TRI (POLYGLYCERYL-3/LAURYL) HYDROGENATED TRILINOLEATE, ALOE BARBADENSIS LEAF JUICE, POLYGLYCERYL-4 ISOSTEARATE, DISTEARDIMONIUM HECTORITE, COCO-CAPRYLATE/CAPRATE, SODIUM CHLORIDE, SODIUM HYALURONATE, TOCOPHEROL, CAPRYLIC/CAPRIC TRIGLYCERIDE, TRIETHOXYCAPRYLYLSILANE, SODIUM GLUCONATE, DIETHYLHEXYL SYRINGYLIDENEMALONATE, ETHYLHEXYLGLYCERIN, PHENOXYETHANOL, PARFUM (FRAGRANCE), CI 77491 (IRON OXIDES), CI 77492 (IRON OXIDES), CI 77499 (IRON OXIDES), CI 77891 (TITANIUM DIOXIDE).","Bronzer/Highlighter","Essence","https://phorcys-static.ewg.org/cdn-cgi/image/width=560,height=800,quality=60/https://phorcys-static.ewg.org/image/contents/820239/original."
"1773503968-167","https://www.ewg.org/skindeep/browse/brands/12717-essence/","https://www.ewg.org/skindeep/browse/brands/12717-essence/?brand=Essence&page=20","8H Matte Comfort Lipliner, classic red 07","Essence","https://phorcys-static.ewg.org/cdn-cgi/image/width=480,height=480,quality=60/https://phorcys-static.ewg.org/image/contents/856765/original.","Essence
         8H Matte Comfort Lipliner, classic red 07
      
      
        
            
              
                MODERATE HAZARD
              Data Availability: Limited","https://www.ewg.org/skindeep/products/9251383-Essence_8H_Matte_Comfort_Lipliner_classic_red_07/",": METHYL TRIMETHICONE, ORYZA SATIVA (RICE) BRAN WAX, SYNTHETIC FLUORPHLOGOPITE, TRIMETHYLSILOXYSILICATE, OCTYLDODECANOL, ACRYLATES/DIMETHICONE COPOLYMER, PERSEA GRATISSIMA (AVOCADO) OIL, TOCOPHERYL ACETATE, DISTEARDIMONIUM HECTORITE, PENTAERYTHRITYL TETRA-DI-T-BUTYL HYDROXYHYDROCINNAMATE, PROPYLENE CARBONATE, PARFUM (FRAGRANCE), CI 15850 (RED 6), CI 15850 (RED 7 LAKE), CI 77891 (TITANIUM DIOXIDE).","Lip Liner","Essence","https://phorcys-static.ewg.org/cdn-cgi/image/width=560,height=800,quality=60/https://phorcys-static.ewg.org/image/contents/856765/original."
"1773503970-168","https://www.ewg.org/skindeep/browse/brands/12717-essence/","https://www.ewg.org/skindeep/browse/brands/12717-essence/?brand=Essence&page=20","Extreme Shine Volume Lipgloss, Candy Shop","Essence","https://phorcys-static.ewg.org/cdn-cgi/image/width=480,height=480,quality=60/https://phorcys-static.ewg.org/image/contents/661894/original.","Essence
         Extreme Shine Volume Lipgloss, Candy Shop
      
      
        
            
              
                MODERATE HAZARD
              Data Availability: Limited","https://www.ewg.org/skindeep/products/1033199-Essence_Extreme_Shine_Volume_Lipgloss_Candy_Shop/","POLYBUTENE, OCTYLDODECANOL, HYDROGENATED POLYISOBUTENE, SILICA DIMETHYL SILYLATE, DISTEARDIMONIUM HECTORITE, HYDROGENATED STYRENE/ISOPRENE COPOLYMER, ALUMINUM CALCIUM SODIUM SILICATE, CAPRYLIC/CAPRIC TRIGLYCERIDE, TOCOPHERYL ACETATE, CALCIUM ALUMINUM BOROSILICATE, OCTYLDODECYL STEAROYL STEARATE, SYNTHETIC FLUORPHLOGOPITE, MICA, PENTAERYTHRITYL TETRA-DI-T-BUTYL HYDROXYHYDROCINNAMATE, PROPYLENE CARBONATE, BARIUM SULFATE, SODIUM SACCHARIN, TIN OXIDE, VP/HEXADECENE COPOLYMER, AROMA (FLAVOR), CI 15850 (RED 6), CI 15850 (RED 7 LAKE), CI 42090 (BLUE 1 LAKE), CI 77491 (IRON OXIDES), CI 77891 (TITANIUM DIOXIDE)","Lip Gloss","Essence","https://phorcys-static.ewg.org/cdn-cgi/image/width=560,height=800,quality=60/https://phorcys-static.ewg.org/image/contents/661894/original."
"1773503973-169","https://www.ewg.org/skindeep/browse/brands/12717-essence/","https://www.ewg.org/skindeep/browse/brands/12717-essence/?brand=Essence&page=20","MY HEART BEATS DISCO discoball lipgloss, 01 Meet Me At The...","Essence","https://phorcys-static.ewg.org/cdn-cgi/image/width=480,height=480,quality=60/https://phorcys-static.ewg.org/image/contents/820246/original.","Essence
         MY HEART BEATS DISCO discoball lipgloss, 01 Meet Me At The...
      
      
        
            
              
                MODERATE HAZARD
              Data Availability: Limited","https://www.ewg.org/skindeep/products/555572-Essence_MY_HEART_BEATS_DISCO_discoball_lipgloss_01_Meet_Me_At_The_Disco_Ball/","BIS-DIGLYCERYL POLYACYLADIPATE-2, TRIDECYL TRIMELLITATE, POLYISOBUTENE, DIISOSTEARYL MALATE, PENTAERYTHRITYL TETRAISOSTEARATE, SYNTHETIC WAX, POLYGLYCERYL-2 TRIISOSTEARATE, SYNTHETIC FLUORPHLOGOPITE, COCOS NUCIFERA (COCONUT) OIL, PRUNUS AVIUM (SWEET CHERRY) SEED OIL, RUBUS CHAMAEMORUS SEED OIL, VITIS VINIFERA (GRAPE) SEED OIL, TOCOPHERYL ACETATE, PHENOXYETHANOL, PARFUM (FRAGRANCE), LIMONENE, TIN OXIDE, ALUMINUM HYDROXIDE, CI 15850 (RED 7), CI 77491 (IRON OXIDES), CI 77492 (IRON OXIDES), CI 77499 (IRON OXIDES), CI 77891 (TITANIUM DIOXIDE).","Lip Gloss","Essence","https://phorcys-static.ewg.org/cdn-cgi/image/width=560,height=800,quality=60/https://phorcys-static.ewg.org/image/contents/820246/original."
"1773503976-170","https://www.ewg.org/skindeep/browse/brands/12717-essence/","https://www.ewg.org/skindeep/browse/brands/12717-essence/?brand=Essence&page=20","Baby Got Blush Stick, Rose All Day 030","Essence","https://phorcys-static.ewg.org/cdn-cgi/image/width=480,height=480,quality=60/https://phorcys-static.ewg.org/image/contents/811919/original.","Essence
         Baby Got Blush Stick, Rose All Day 030
      
      
        
            
              
                MODERATE HAZARD
              Data Availability: Fair","https://www.ewg.org/skindeep/products/4400152-Essence_Baby_Got_Blush_Stick_Rose_All_Day_030/","RICINUS COMMUNIS (CASTOR) SEED OIL, OCTYLDODECANOL, NEOPENTYL GLYCOL DICAPRYLATE/ DICAPRATE, CALCIUM CARBONATE, ISOSTEARYL ALCOHOL, KAOLIN, ORYZA SATIVA (RICE) BRAN WAX, EUPHORBIA CERIFERA (CANDELILLA) WAX, COCOS NUCIFERA (COCONUT) OIL, DISTEARDIMONIUM HECTORITE, TOCOPHERYL ACETATE, GLYCERYL CAPRYLATE, PENTAERYTHRITYL TETRA-DI-T-BUTYL HYDROXYHYDROCINNAMATE, ALUMINUM HYDROXIDE, PARFUM (FRAGRANCE), CI 15850 (RED 7 LAKE), CI 77491 (IRON OXIDES), CI 77492 (IRON OXIDES), CI 77499 (IRON OXIDES), CI 77891 (TITANIUM DIOXIDE)","Blush","Essence","https://phorcys-static.ewg.org/cdn-cgi/image/width=560,height=800,quality=60/https://phorcys-static.ewg.org/image/contents/811919/original."
"1773503979-171","https://www.ewg.org/skindeep/browse/brands/12717-essence/","https://www.ewg.org/skindeep/browse/brands/12717-essence/?brand=Essence&page=20","FOUNDATION stick, 340 very deep red","Essence","https://phorcys-static.ewg.org/cdn-cgi/image/width=480,height=480,quality=60/https://phorcys-static.ewg.org/image/contents/820185/original.","Essence
         FOUNDATION stick, 340 very deep red
      
      
        
            
              
                MODERATE HAZARD
              Data Availability: Fair","https://www.ewg.org/skindeep/products/9200787-Essence_FOUNDATION_stick_340_very_deep_red/","CAPRYLIC/CAPRIC TRIGLYCERIDE, OCTYLDODECANOL, ISONONYL ISONONANOATE, KAOLIN, ALUMINUM STARCH OCTENYLSUCCINATE, SYNTHETIC WAX, DIMETHICONE, ORYZA SATIVA (RICE) BRAN WAX, SODIUM HYALURONATE, DIMETHICONE/VINYL DIMETHICONE CROSSPOLYMER, DISTEARDIMONIUM HECTORITE, TRIETHOXYCAPRYLYLSILANE, PENTAERYTHRITYL TETRA-DI-T-BUTYL HYDROXYHYDROCINNAMATE, ETHYLHEXYL PALMITATE, TRIHYDROXYSTEARIN, DICALCIUM PHOSPHATE, AROMA (FLAVOR), DIMETHYL PHENETHYL ACETATE, CI 15850 (RED 6), CI 15850 (RED 7 LAKE), CI 42090 (BLUE 1 LAKE), CI 77491 (IRON OXIDES), CI 77492 (IRON OXIDES), CI 77499 (IRON OXIDES), CI 77510 (FERRIC AMMONIUM FERROCYANIDE), CI 77891 (TITANIUM DIOXIDE).","Foundation","Essence","https://phorcys-static.ewg.org/cdn-cgi/image/width=560,height=800,quality=60/https://phorcys-static.ewg.org/image/contents/820185/original."
"1773503982-172","https://www.ewg.org/skindeep/browse/brands/12717-essence/","https://www.ewg.org/skindeep/browse/brands/12717-essence/?brand=Essence&page=20","FOUNDATION stick, 360 very deep neutral","Essence","https://phorcys-static.ewg.org/cdn-cgi/image/width=480,height=480,quality=60/https://phorcys-static.ewg.org/image/contents/820187/original.","Essence
         FOUNDATION stick, 360 very deep neutral
      
      
        
            
              
                MODERATE HAZARD
              Data Availability: Fair","https://www.ewg.org/skindeep/products/5569769-Essence_FOUNDATION_stick_360_very_deep_neutral/","CAPRYLIC/CAPRIC TRIGLYCERIDE, OCTYLDODECANOL, ISONONYL ISONONANOATE, KAOLIN, ALUMINUM STARCH OCTENYLSUCCINATE, SYNTHETIC WAX, DIMETHICONE, ORYZA SATIVA (RICE) BRAN WAX, SODIUM HYALURONATE, DIMETHICONE/VINYL DIMETHICONE CROSSPOLYMER, DISTEARDIMONIUM HECTORITE, TRIETHOXYCAPRYLYLSILANE, PENTAERYTHRITYL TETRA-DI-T-BUTYL HYDROXYHYDROCINNAMATE, ETHYLHEXYL PALMITATE, TRIHYDROXYSTEARIN, DICALCIUM PHOSPHATE, AROMA (FLAVOR), DIMETHYL PHENETHYL ACETATE, CI 15850 (RED 6), CI 15850 (RED 7 LAKE), CI 42090 (BLUE 1 LAKE), CI 77491 (IRON OXIDES), CI 77492 (IRON OXIDES), CI 77499 (IRON OXIDES), CI 77510 (FERRIC AMMONIUM FERROCYANIDE), CI 77891 (TITANIUM DIOXIDE).","Foundation","Essence","https://phorcys-static.ewg.org/cdn-cgi/image/width=560,height=800,quality=60/https://phorcys-static.ewg.org/image/contents/820187/original."
"1773503985-173","https://www.ewg.org/skindeep/browse/brands/12717-essence/","https://www.ewg.org/skindeep/browse/brands/12717-essence/?brand=Essence&page=20","it's Bubble Gum fun bouncy blush, 01 Make My Heart Bubble","Essence","https://phorcys-static.ewg.org/cdn-cgi/image/width=480,height=480,quality=60/https://phorcys-static.ewg.org/image/contents/820205/original.","Essence
         it's Bubble Gum fun bouncy blush, 01 Make My Heart Bubble
      
      
        
            
              
                MODERATE HAZARD
              Data Availability: Fair","https://www.ewg.org/skindeep/products/1879393-Essence_its_Bubble_Gum_fun_bouncy_blush_01_Make_My_Heart_Bubble/","MICA, DIMETHICONE, VINYL DIMETHICONE/METHICONE SILSESQUIOXANE CROSSPOLYMER, SILICA, MAGNESIUM STEARATE, TRIMETHYLSILOXYSILICATE, TOCOPHERYL ACETATE, DIMETHICONE/VINYL DIMETHICONE CROSSPOLYMER, ETHYLHEXYLGLYCERIN, PHENOXYETHANOL, PARFUM (FRAGRANCE), CI 15850 (RED 6), CI 15850 (RED 7 LAKE), CI 45410 (RED 28 LAKE), CI 77491 (IRON OXIDES), CI 77891 (TITANIUM DIOXIDE).","Blush","Essence","https://phorcys-static.ewg.org/cdn-cgi/image/width=560,height=800,quality=60/https://phorcys-static.ewg.org/image/contents/820205/original."
"1773503988-174","https://www.ewg.org/skindeep/browse/brands/12717-essence/","https://www.ewg.org/skindeep/browse/brands/12717-essence/?brand=Essence&page=19","Lash Princess False Lash Effect Waterproof Mascara - 0.4 fl oz","Essence","https://phorcys-static.ewg.org/cdn-cgi/image/width=480,height=480,quality=60/https://phorcys-static.ewg.org/image/contents/643440/original.","Essence
         Lash Princess False Lash Effect Waterproof Mascara - 0.4 fl oz
      
      
        
            
              
                MODERATE HAZARD
              Data Availability: Fair","https://www.ewg.org/skindeep/products/1018631-Essence_Lash_Princess_False_Lash_Effect_Waterproof_Mascara__04_fl_oz/","ISODODECANE, CERA ALBA (BEESWAX), AQUA (WATER), NYLON-12, EUPHORBIA CERIFERA (CANDELILLA) WAX, TRIMETHYLSILOXYSILICATE, VP/HEXADECENE COPOLYMER, PROPYLENE GLYCOL, COPERNICIA CERIFERA (CARNAUBA) WAX, RICINUS COMMUNIS (CASTOR) SEED OIL, TOCOPHERYL ACETATE, BISABOLOL, TOCOPHEROL, ETHYLHEXYLGLYCERIN, POLYESTER-4, POTASSIUM HYDROXIDE, PHENOXYETHANOL, POTASSIUM SORBATE, FARNESOL, CI 77499 (IRON OXIDES)","Mascara","Essence","https://phorcys-static.ewg.org/cdn-cgi/image/width=560,height=800,quality=60/https://phorcys-static.ewg.org/image/contents/643440/original."
"1773503991-175","https://www.ewg.org/skindeep/browse/brands/12717-essence/","https://www.ewg.org/skindeep/browse/brands/12717-essence/?brand=Essence&page=19","it's Bubble Gum fun overnight jelly lip mask, 01 Gummy'licious","Essence","https://phorcys-static.ewg.org/cdn-cgi/image/width=480,height=480,quality=60/https://phorcys-static.ewg.org/image/contents/820204/original.","Essence
         it's Bubble Gum fun overnight jelly lip mask, 01 Gummy'licious
      
      
        
            
              
                MODERATE HAZARD
              Data Availability: Fair","https://www.ewg.org/skindeep/products/3323961-Essence_its_Bubble_Gum_fun_overnight_jelly_lip_mask_01_Gummylicious/","PENTAERYTHRITYL TETRAISOSTEARATE, POLYISOBUTENE, ETHYLHEXYL PALMITATE, POLYGLYCERYL-3 DIISOSTEARATE, HYDROXYSTEARIC ACID, SILICA DIMETHYL SILYLATE, PERSEA GRATISSIMA (AVOCADO) OIL, TOCOPHERYL ACETATE, STEARIC ACID, PALMITIC ACID, PHENOXYETHANOL, PARFUM (FRAGRANCE), LIMONENE, BENZYL BENZOATE, EUGENOL, ALUMINUM HYDROXIDE, CI 15850 (RED 7), CI 77891 (TITANIUM DIOXIDE).","Lip Gloss","Essence","https://phorcys-static.ewg.org/cdn-cgi/image/width=560,height=800,quality=60/https://phorcys-static.ewg.org/image/contents/820204/original."
"1773503994-176","https://www.ewg.org/skindeep/browse/brands/12717-essence/","https://www.ewg.org/skindeep/browse/brands/12717-essence/?brand=Essence&page=19","FOUNDATION stick, 220 medium tan pink","Essence","https://phorcys-static.ewg.org/cdn-cgi/image/width=480,height=480,quality=60/https://phorcys-static.ewg.org/image/contents/820173/original.","Essence
         FOUNDATION stick, 220 medium tan pink
      
      
        
            
              
                MODERATE HAZARD
              Data Availability: Fair","https://www.ewg.org/skindeep/products/171080-Essence_FOUNDATION_stick_220_medium_tan_pink/","CAPRYLIC/CAPRIC TRIGLYCERIDE, OCTYLDODECANOL, ISONONYL ISONONANOATE, KAOLIN, ALUMINUM STARCH OCTENYLSUCCINATE, SYNTHETIC WAX, DIMETHICONE, ORYZA SATIVA (RICE) BRAN WAX, SODIUM HYALURONATE, DIMETHICONE/VINYL DIMETHICONE CROSSPOLYMER, DISTEARDIMONIUM HECTORITE, PENTAERYTHRITYL TETRA-DI-T-BUTYL HYDROXYHYDROCINNAMATE, TRIETHOXYCAPRYLYLSILANE, ETHYLHEXYL PALMITATE, TRIHYDROXYSTEARIN, DICALCIUM PHOSPHATE, AROMA (FLAVOR), DIMETHYL PHENETHYL ACETATE, CI 15850 (RED 6), CI 15850 (RED 7 LAKE), CI 42090 (BLUE 1 LAKE), CI 77491 (IRON OXIDES), CI 77492 (IRON OXIDES), CI 77499 (IRON OXIDES), CI 77510 (FERRIC AMMONIUM FERROCYANIDE), CI 77891 (TITANIUM DIOXIDE).","Foundation","Essence","https://phorcys-static.ewg.org/cdn-cgi/image/width=560,height=800,quality=60/https://phorcys-static.ewg.org/image/contents/820173/original."
"1773503997-177","https://www.ewg.org/skindeep/browse/brands/12717-essence/","https://www.ewg.org/skindeep/browse/brands/12717-essence/?brand=Essence&page=19","FOUNDATION stick, 202 medium golden","Essence","https://phorcys-static.ewg.org/cdn-cgi/image/width=480,height=480,quality=60/https://phorcys-static.ewg.org/image/contents/820171/original.","Essence
         FOUNDATION stick, 202 medium golden
      
      
        
            
              
                MODERATE HAZARD
              Data Availability: Fair","https://www.ewg.org/skindeep/products/2531471-Essence_FOUNDATION_stick_202_medium_golden/","CAPRYLIC/CAPRIC TRIGLYCERIDE, OCTYLDODECANOL, ISONONYL ISONONANOATE, KAOLIN, ALUMINUM STARCH OCTENYLSUCCINATE, SYNTHETIC WAX, DIMETHICONE, ORYZA SATIVA (RICE) BRAN WAX, SODIUM HYALURONATE, DIMETHICONE/VINYL DIMETHICONE CROSSPOLYMER, DISTEARDIMONIUM HECTORITE, DICALCIUM PHOSPHATE, PENTAERYTHRITYL TETRA-DI-T-BUTYL HYDROXYHYDROCINNAMATE, TRIETHOXYCAPRYLYLSILANE, ETHYLHEXYL PALMITATE, TRIHYDROXYSTEARIN, AROMA (FLAVOR), DIMETHYL PHENETHYL ACETATE, CI 15850 (RED 6), CI 15850 (RED 7 LAKE), CI 42090 (BLUE 1 LAKE), CI 77491 (IRON OXIDES), CI 77492 (IRON OXIDES), CI 77499 (IRON OXIDES), CI 77510 (FERRIC AMMONIUM FERROCYANIDE), CI 77891 (TITANIUM DIOXIDE).","Foundation","Essence","https://phorcys-static.ewg.org/cdn-cgi/image/width=560,height=800,quality=60/https://phorcys-static.ewg.org/image/contents/820171/original."
"1773504000-178","https://www.ewg.org/skindeep/browse/brands/12717-essence/","https://www.ewg.org/skindeep/browse/brands/12717-essence/?brand=Essence&page=19","Baby Got Blush, sweets & roses 40","Essence","https://phorcys-static.ewg.org/cdn-cgi/image/width=480,height=480,quality=60/https://phorcys-static.ewg.org/image/contents/856860/original.","Essence
         Baby Got Blush, sweets & roses 40
      
      
        
            
              
                MODERATE HAZARD
              Data Availability: Fair","https://www.ewg.org/skindeep/products/240622-Essence_Baby_Got_Blush_sweets__roses_40/",": RICINUS COMMUNIS (CASTOR) SEED OIL, OCTYLDODECANOL, NEOPENTYL GLYCOL DICAPRYLATE/DICAPRATE, KAOLIN, CALCIUM CARBONATE, ISOSTEARYL ALCOHOL, ORYZA SATIVA (RICE) BRAN WAX, EUPHORBIA CERIFERA CERA (EUPHORBIA CERIFERA (CANDELILLA) WAX), COCOS NUCIFERA (COCONUT) OIL, TOCOPHERYL ACETATE, DISTEARDIMONIUM HECTORITE, GLYCERYL CAPRYLATE, PENTAERYTHRITYL TETRA-DI-T-BUTYL HYDROXYHYDROCINNAMATE, PARFUM (FRAGRANCE), CI 15850 (RED 6 LAKE), CI 77491, CI 77492, CI 77499 (IRON OXIDES), CI 77891 (TITANIUM DIOXIDE).","Blush","Essence","https://phorcys-static.ewg.org/cdn-cgi/image/width=560,height=800,quality=60/https://phorcys-static.ewg.org/image/contents/856860/original."
"1773504003-179","https://www.ewg.org/skindeep/browse/brands/12717-essence/","https://www.ewg.org/skindeep/browse/brands/12717-essence/?brand=Essence&page=19","FOUNDATION stick, 290 deep neutral","Essence","https://phorcys-static.ewg.org/cdn-cgi/image/width=480,height=480,quality=60/https://phorcys-static.ewg.org/image/contents/820180/original.","Essence
         FOUNDATION stick, 290 deep neutral
      
      
        
            
              
                MODERATE HAZARD
              Data Availability: Fair","https://www.ewg.org/skindeep/products/6644077-Essence_FOUNDATION_stick_290_deep_neutral/","CAPRYLIC/CAPRIC TRIGLYCERIDE, OCTYLDODECANOL, ISONONYL ISONONANOATE, KAOLIN, ALUMINUM STARCH OCTENYLSUCCINATE, SYNTHETIC WAX, DIMETHICONE, ORYZA SATIVA (RICE) BRAN WAX, SODIUM HYALURONATE, DIMETHICONE/VINYL DIMETHICONE CROSSPOLYMER, DISTEARDIMONIUM HECTORITE, TRIETHOXYCAPRYLYLSILANE, PENTAERYTHRITYL TETRA-DI-T-BUTYL HYDROXYHYDROCINNAMATE, ETHYLHEXYL PALMITATE, TRIHYDROXYSTEARIN, DICALCIUM PHOSPHATE, AROMA (FLAVOR), DIMETHYL PHENETHYL ACETATE, CI 15850 (RED 6), CI 15850 (RED 7 LAKE), CI 42090 (BLUE 1 LAKE), CI 77491 (IRON OXIDES), CI 77492 (IRON OXIDES), CI 77499 (IRON OXIDES), CI 77510 (FERRIC AMMONIUM FERROCYANIDE), CI 77891 (TITANIUM DIOXIDE).","Foundation","Essence","https://phorcys-static.ewg.org/cdn-cgi/image/width=560,height=800,quality=60/https://phorcys-static.ewg.org/image/contents/820180/original."
"1773504006-180","https://www.ewg.org/skindeep/browse/brands/12717-essence/","https://www.ewg.org/skindeep/browse/brands/12717-essence/?brand=Essence&page=19","Baby Got Blush Stick, Peaches & Cream 20","Essence","https://phorcys-static.ewg.org/cdn-cgi/image/width=480,height=480,quality=60/https://phorcys-static.ewg.org/image/contents/811229/original.","Essence
         Baby Got Blush Stick, Peaches & Cream 20
      
      
        
            
              
                MODERATE HAZARD
              Data Availability: Fair","https://www.ewg.org/skindeep/products/9716153-Essence_Baby_Got_Blush_Stick_Peaches__Cream_20/","RICINUS COMMUNIS (CASTOR) SEED OIL, OCTYLDODECANOL, NEOPENTYL GLYCOL DICAPRYLATE/ DICAPRATE, CALCIUM CARBONATE, ISOSTEARYL ALCOHOL, KAOLIN, ORYZA SATIVA (RICE) BRAN WAX, EUPHORBIA CERIFERA (CANDELILLA) WAX, COCOS NUCIFERA (COCONUT) OIL, TOCOPHERYL ACETATE, DISTEARDIMONIUM HECTORITE, GLYCERYL CAPRYLATE, PENTAERYTHRITYL TETRA-DI-T-BUTYL HYDROXYHYDROCINNAMATE, PARFUM (FRAGRANCE), CI 15850 (RED 6 LAKE), CI 77491 (IRON OXIDES), CI 77492 (IRON OXIDES), CI 77499 (IRON OXIDES), CI 77891 (TITANIUM DIOXIDE).","Blush","Essence","https://phorcys-static.ewg.org/cdn-cgi/image/width=560,height=800,quality=60/https://phorcys-static.ewg.org/image/contents/811229/original."
"1773504009-181","https://www.ewg.org/skindeep/browse/brands/12717-essence/","https://www.ewg.org/skindeep/browse/brands/12717-essence/?brand=Essence&page=19","LOVE IT A CHOCO' LOT! blush mousse, 01 A Chocoholic's Dream!","Essence","https://phorcys-static.ewg.org/cdn-cgi/image/width=480,height=480,quality=60/https://phorcys-static.ewg.org/image/contents/820198/original.","Essence
         LOVE IT A CHOCO' LOT! blush mousse, 01 A Chocoholic's Dream!
      
      
        
            
              
                MODERATE HAZARD
              Data Availability: Fair","https://www.ewg.org/skindeep/products/9725149-Essence_LOVE_IT_A_CHOCO_LOT_blush_mousse_01_A_Chocoholics_Dream/","DIMETHICONE, METHYL HYDROGENATED ROSINATE, ETHYLHEXYL PALMITATE, HELIANTHUS ANNUUS SEED WAX, SILICA, DIMETHICONE CROSSPOLYMER, ISONONYL ISONONANOATE, TOCOPHERYL ACETATE, SIMMONDSIA CHINENSIS (JOJOBA) SEED OIL, ETHYLHEXYLGLYCERIN, PHENOXYETHANOL, BENZYL BENZOATE, PARFUM (FRAGRANCE), CI 15850 (RED 6 LAKE), CI 77491 (IRON OXIDES), CI 77492 (IRON OXIDES), CI 77499 (IRON OXIDES), CI 77891 (TITANIUM DIOXIDE).","Blush","Essence","https://phorcys-static.ewg.org/cdn-cgi/image/width=560,height=800,quality=60/https://phorcys-static.ewg.org/image/contents/820198/original."
"1773504012-182","https://www.ewg.org/skindeep/browse/brands/12717-essence/","https://www.ewg.org/skindeep/browse/brands/12717-essence/?brand=Essence&page=19","What The Fake! Plumping Lip Filler, oh my nude! 02","Essence","https://phorcys-static.ewg.org/cdn-cgi/image/width=480,height=480,quality=60/https://static.ewg.org/skindeep/img/missing_images/sd_logo.png","Essence
         What The Fake! Plumping Lip Filler, oh my nude! 02
      
      
        
            
              
                MODERATE HAZARD
              Data Availability: Fair","https://www.ewg.org/skindeep/products/7682177-Essence_What_The_Fake_Plumping_Lip_Filler_oh_my_nude_02/","BIS-DIGLYCERYL POLYACYLADIPATE-2, POLYBUTENE, TRIDECYL TRIMELLITATE, DIISOSTEARYL MALATE, COPERNICIA CERIFERA (CARNAUBA) WAX, DIPENTAERYTHRITYL HEXAHYDROXYSTEARATE/HEXASTEARATE/HEXAROSINATE, SILICA, GLYCERYL BEHENATE/EICOSADIOATE, VANILLYL BUTYL ETHER, SODIUM HYALURONATE, HYDROGENATED JOJOBA OIL, CINNAMOMUM ZEYLANICUM LEAF OIL, MICA, TOCOPHERYL ACETATE, ETHYL MENTHANE CARBOXAMIDE, ETHYLHEXYLGLYCERIN, BUTYLENE GLYCOL, AQUA (WATER), VITIS VINIFERA (GRAPE) SEED EXTRACT, PHENOXYETHANOL, EUGENOL, BENZYL BENZOATE, LINALOOL, CI 15850 (RED 6 LAKE), CI 15850 (RED 6), CI 77491 (IRON OXIDES), CI 77492 (IRON OXIDES), CI 77499 (IRON OXIDES), CI 77891 (TITANIUM DIOXIDE)","Lip Liner","Essence","https://phorcys-static.ewg.org/cdn-cgi/image/width=560,height=800,quality=60/https://static.ewg.org/skindeep/img/missing_images/sd_logo.png"
"1773504015-183","https://www.ewg.org/skindeep/browse/brands/12717-essence/","https://www.ewg.org/skindeep/browse/brands/12717-essence/?brand=Essence&page=19","Juicy Bomb Glossy Butter Balm, 05 Choco-Lot To Handle","Essence","https://phorcys-static.ewg.org/cdn-cgi/image/width=480,height=480,quality=60/https://phorcys-static.ewg.org/image/contents/851621/original.","Essence
         Juicy Bomb Glossy Butter Balm, 05 Choco-Lot To Handle
      
      
        
            
              
                MODERATE HAZARD
              Data Availability: Limited","https://www.ewg.org/skindeep/products/8372193-Essence_Juicy_Bomb_Glossy_Butter_Balm_05_ChocoLot_To_Handle/","DIISOSTEARYL MALATE, TRIDECYL TRIMELLITATE, SYNTHETIC WAX, TRIETHYLHEXANOIN, POLYISOBUTENE, BIS-BEHENYL/ISOSTEARYL/PHYTOSTERYL DIMER DILINOLEYL DIMER DILINOLEATE, BIS-DIGLYCERYL POLYACYLADIPATE-2, PENTAERYTHRITYL TETRAISOSTEARATE, POLYGLYCERYL-2 TRIISOSTEARATE, TOCOPHERYL ACETATE, VITIS VINIFERA (GRAPE) SEED OIL, BUTYROSPERMUM PARKII (SHEA) BUTTER, COCOS NUCIFERA (COCONUT) OIL, PRUNUS AVIUM (SWEET CHERRY) SEED OIL, TOCOPHEROL, PHENOXYETHANOL, BENZYL ALCOHOL, PARFUM (FRAGRANCE), ALUMINUM HYDROXIDE, CI 77491 (IRON OXIDES), CI 77492 (IRON OXIDES), CI 77499 (IRON OXIDES), CI 77891 (TITANIUM DIOXIDE).","Lip Balm","Essence","https://phorcys-static.ewg.org/cdn-cgi/image/width=560,height=800,quality=60/https://phorcys-static.ewg.org/image/contents/851621/original."
"1773504017-184","https://www.ewg.org/skindeep/browse/brands/12717-essence/","https://www.ewg.org/skindeep/browse/brands/12717-essence/?brand=Essence&page=19","LOVE IT A CHOCO' LOT! lip oil, 01 Oh So Chocolatey!","Essence","https://phorcys-static.ewg.org/cdn-cgi/image/width=480,height=480,quality=60/https://phorcys-static.ewg.org/image/contents/820199/original.","Essence
         LOVE IT A CHOCO' LOT! lip oil, 01 Oh So Chocolatey!
      
      
        
            
              
                MODERATE HAZARD
              Data Availability: Fair","https://www.ewg.org/skindeep/products/2824348-Essence_LOVE_IT_A_CHOCO_LOT_lip_oil_01_Oh_So_Chocolatey/","DIISOSTEAROYL POLYGLYCERYL-3 DIMER DILINOLEATE, DIISOSTEARYL MALATE, HELIANTHUS ANNUUS (SUNFLOWER) SEED OIL, RICINUS COMMUNIS (CASTOR) SEED OIL, SILICA, POLYGLYCERYL-2 ISOSTEARATE/DIMER DILINOLEATE COPOLYMER, SIMMONDSIA CHINENSIS (JOJOBA) SEED OIL, TOCOPHERYL ACETATE, ROSA CANINA FRUIT EXTRACT, PARFUM (FRAGRANCE), CI 15850 (RED 7), CI 77491 (IRON OXIDES), CI 77492 (IRON OXIDES), CI 77499 (IRON OXIDES).","Lip Gloss","Essence","https://phorcys-static.ewg.org/cdn-cgi/image/width=560,height=800,quality=60/https://phorcys-static.ewg.org/image/contents/820199/original."
"1773504020-185","https://www.ewg.org/skindeep/browse/brands/12717-essence/","https://www.ewg.org/skindeep/browse/brands/12717-essence/?brand=Essence&page=19",", Myskin Perfector Loose Fixing Powder, Deep 50","Essence","https://phorcys-static.ewg.org/cdn-cgi/image/width=480,height=480,quality=60/https://phorcys-static.ewg.org/image/contents/583524/original.","Essence
         , Myskin Perfector Loose Fixing Powder, Deep 50
      
      
        
            
              
                MODERATE HAZARD
              Data Availability: Fair","https://www.ewg.org/skindeep/products/959468-Essence_Essence_Myskin_Perfector_Loose_Fixing_Powder_Deep_50/","TALC, SILICA, POLYMETHYL METHACRYLATE, MICA, SQUALANE, BORON NITRIDE, DIMETHICONE, POTASSIUM SORBATE, SODIUM DEHYDROACETATE, DEHYDROACETIC ACID, CI 77491, CI 77492, CI 77499 (IRON OXIDES), CI 77891 (TITANIUM DIOXIDE).","Facial Powder","Essence","https://phorcys-static.ewg.org/cdn-cgi/image/width=560,height=800,quality=60/https://phorcys-static.ewg.org/image/contents/583524/original."
"1773504023-186","https://www.ewg.org/skindeep/browse/brands/12717-essence/","https://www.ewg.org/skindeep/browse/brands/12717-essence/?brand=Essence&page=18","Highlighter Palette (2018 formulation)","Essence","https://phorcys-static.ewg.org/cdn-cgi/image/width=480,height=480,quality=60/https://static.ewg.org/skindeep/img/missing_images/sd_logo.png","Essence
         Highlighter Palette (2018 formulation)
      
      
        
            
              
                MODERATE HAZARD
              Data Availability: Fair","https://www.ewg.org/skindeep/products/877869-Essence_Highlighter_Palette_2018_formulation/","TALC, SYNTHETIC FLUORPHLOGOPITE, MICA, SILICA, DIMETHICONE, MAGNESIUM STEARATE, PENTAERYTHRITYL TETRAISOSTEARATE, ISOPROPYL ISOSTEARATE, SYNTHETIC WAX, PARAFFINUM LIQUIDUM (MINERAL OIL), DIISOSTEARYL MALATE, ETHYLHEXYL STEARATE, TIN OXIDE, ETHYLHEXYLGLYCERIN, PHENOXYETHANOL, CI 77491, CI 77492, CI 77499 (IRON OXIDES), CI 77891 (TITANIUM DIOXIDE). AND/UND INGREDIENTS: MICA, TALC, SYNTHETIC FLUORPHLOGOPITE, SILICA, DIMETHICONE, MAGNESIUM STEARATE, PENTAERYTHRITYL TETRAISOSTEARATE, ISOPROPYL ISOSTEARATE, SYNTHETIC WAX, PARAFFINUM LIQUIDUM (MINERAL OIL), DIISOSTEARYL MALATE, ETHYLHEXYL STEARATE, TIN OXIDE, ETHYLHEXYLGLYCERIN, PHENOXYETHANOL, CI 77491, CI 77492, CI 77499 (IRON OXIDES), CI 77891 (TITANIUM DIOXIDE).","Bronzer/Highlighter","Essence","https://phorcys-static.ewg.org/cdn-cgi/image/width=560,height=800,quality=60/https://static.ewg.org/skindeep/img/missing_images/sd_logo.png"
"1773504025-187","https://www.ewg.org/skindeep/browse/brands/12717-essence/","https://www.ewg.org/skindeep/browse/brands/12717-essence/?brand=Essence&page=18","JUICY BOMB PARTY lip oil, Adorable Apple","Essence","https://phorcys-static.ewg.org/cdn-cgi/image/width=480,height=480,quality=60/https://phorcys-static.ewg.org/image/contents/856669/original.","Essence
         JUICY BOMB PARTY lip oil, Adorable Apple
      
      
        
            
              
                MODERATE HAZARD
              Data Availability: Limited","https://www.ewg.org/skindeep/products/2971245-Essence_JUICY_BOMB_PARTY_lip_oil_Adorable_Apple/","DIISOSTEARYL MALATE, TRIDECYL TRIMELLITATE, POLYISOBUTENE, SILICA, SIMMONDSIA CHINENSIS (JOJOBA) SEED OIL, LIMNANTHES ALBA (MEADOWFOAM) SEED OIL, TOCOPHERYL ACETATE, HYDROLYZED SODIUM HYALURONATE, GLYCERYL BEHENATE, ETHYLHEXYLGLYCERIN, PHENOXYETHANOL, PARFUM (FRAGRANCE), CI 77492 (IRON OXIDES).","Lip Gloss","Essence","https://phorcys-static.ewg.org/cdn-cgi/image/width=560,height=800,quality=60/https://phorcys-static.ewg.org/image/contents/856669/original."
"1773504029-188","https://www.ewg.org/skindeep/browse/brands/12717-essence/","https://www.ewg.org/skindeep/browse/brands/12717-essence/?brand=Essence&page=18",", Salut Paris Eyeshadow Palette 02","Essence","https://phorcys-static.ewg.org/cdn-cgi/image/width=480,height=480,quality=60/https://phorcys-static.ewg.org/image/contents/583531/original.","Essence
         , Salut Paris Eyeshadow Palette 02
      
      
        
            
              
                MODERATE HAZARD
              Data Availability: Fair","https://www.ewg.org/skindeep/products/957030-Essence_Essence_Salut_Paris_Eyeshadow_Palette_02/","TALC, MICA, MAGNESIUM STEARATE, BARIUM SULFATE, POLYETHYLENE, TOCOPHERYL ACETATE, DIMETHICONE, ETHYLHEXYLGLYCERIN, SILICA, PHENOXYETHANOL, CI 77491 (IRON OXIDES), CI 77891 (TITANIUM DIOXIDE). AND INGREDIENTS: TALC, MICA, SILICA, POLYETHYLENE, MAGNESIUM STEARATE, DIMETHICONE, TOCOPHERYL ACETATE, ETHYLHEXYLGLYCERIN, PHENOXYETHANOL, MAY CONTAIN/[+/-]: CI 77491, CI 77492, CI 77499 (IRON OXIDES), CI 77891 (TITANIUM DIOXIDE). AND INGREDIENTS: TALC, MICA, TOCOPHERYL ACETATE, POLYETHYLENE, SILICA, MAGNESIUM STEARATE, DIMETHICONE, ETHYLHEXYLGLYCERIN, PHENOXYETHANOL, CI 77007 (ULTRAMARINES), CI 77491, CI 77499 (IRON OXIDES), CI 77891 (TITANIUM DIOXIDE). AND INGREDIENTS: TALC, MAGNESIUM STEARATE, DIMETHICONE, MICA, TOCOPHERYL ACETATE, POLYETHYLENE, ETHYLHEXYLGLYCERIN, TIN OXIDE, SILICA, PHENOXYETHANOL, CI 75470 (CARMINE), CI 77491, CI 77499 (IRON OXIDES), CI 77891 (TITANIUM DIOXIDE). AND INGREDIENTS: MAGNESIUM STEARATE, MICA, TALC, POLYETHYLENE, TOCOPHERYL ACETATE, SILICA, DIMETHICONE, BARIUM SULFATE, ETHYLHEXYLGLYCERIN, PHENOXYETHANOL, CI 77491, CI 77499 (IRON OXIDES), CI 77891 (TITANIUM DIOXIDE). AND INGREDIENTS: MICA, TALC, DIMETHICONE, MAGNESIUM STEARATE, SILICA, TRIETHOXYCAPRYLYLSILANE, POLYETHYLENE, TOCOPHERYL ACETATE, BARIUM SULFATE, ETHYLHEXYLGLYCERIN, PHENOXYETHANOL, CI 77007 (ULTRAMARINES), CI 77491, CI 77499 (IRON OXIDES). AND INGREDIENTS: TALC, MICA, DIMETHICONE, MAGNESIUM STEARATE, POLYETHYLNE, TOCOPHERYL ACETATE, SILICA, TRIETHOXYCAPRYLYLSILANE, ETHYLHEXYLGLYCERIN, PHENOXYETHANOL, CI 77491, CI 77492, CI 77499 (IRON OXIDES), CI 77891 (TITANIUM DIOXIDE).","Eye Shadow","Essence","https://phorcys-static.ewg.org/cdn-cgi/image/width=560,height=800,quality=60/https://phorcys-static.ewg.org/image/contents/583531/original."
"1773504032-189","https://www.ewg.org/skindeep/browse/brands/12717-essence/","https://www.ewg.org/skindeep/browse/brands/12717-essence/?brand=Essence&page=18","Salut Paris Eyeshadow Palette 02 (2019 formulation)","Essence","https://phorcys-static.ewg.org/cdn-cgi/image/width=480,height=480,quality=60/https://phorcys-static.ewg.org/image/contents/756037/original.","Essence
         Salut Paris Eyeshadow Palette 02 (2019 formulation)
      
      
        
            
              
                MODERATE HAZARD
              Data Availability: Fair","https://www.ewg.org/skindeep/products/916607-Essence_Salut_Paris_Eyeshadow_Palette_02_2019_formulation/",": TALC, MICA, MAGNESIUM STEARATE, BARIUM SULFATE, POLYETHYLENE, TOCOPHERYL ACETATE, DIMETHICONE, ETHYLHEXYLGLYCERIN, SILICA, PHENOXYETHANOL, CI 77491 (IRON OXIDES), CI 77891 (TITANIUM DIOXIDE). AND/UND INGREDIENTS: TALC, MICA, SILICA, POLYETHYLENE, MAGNESIUM STEARATE, DIMETHICONE, TOCOPHERYL ACETATE, ETHYLHEXYLGLYCERIN, PHENOXYETHANOL, MAY CONTAIN/[+/-: CI 77491, CI 77492, CI 77499 (IRON OXIDES), CI 77891 (TITANIUM DIOXIDE). AND/UND INGREDIENTS: TALC, MICA, TOCOPHERYL ACETATE, POLYETHYLENE, SILICA, MAGNESIUM STEARATE, DIMETHICONE, ETHYLHEXYLGLYCERIN, PHENOXYETHANOL, CI 77007 (ULTRAMARINES), CI 77491, CI 77499 (IRON OXIDES), CI 77891 (TITANIUM DIOXIDE). AND/UND INGREDIENTS: TALC, MAGNESIUM STEARATE, DIMETHICONE, MICA, TOCOPHERYL ACETATE, POLYETHYLENE, ETHYLHEXYLGLYCERIN, TIN OXIDE, SILICA, PHENOXYETHANOL, CI 75470 (CARMINE), CI 77491, CI 77499 (IRON OXIDES), CI 77891 (TITANIUM DIOXIDE). AND/UND INGREDIENTS: MAGNESIUM STEARATE, MICA, TALC, POLYETHYLENE, TOCOPHERYL ACETATE, SILICA, DIMETHICONE, BARIUM SULFATE, ETHYLHEXYLGLYCERIN, PHENOXYETHANOL, CI 77491, CI 77499 (IRON OXIDES), CI 77891 (TITANIUM DIOXIDE). AND/UND INGREDIENTS: MICA, TALC, DIMETHICONE, MAGNESIUM STEARATE, SILICA, TRIETHOXYCAPRYLYLSILANE, POLYETHYLENE, TOCOPHERYL ACETATE BARIUM SULFATE, ETHYLHEXYLGLYCERIN, PHENOXYETHANOL, CI 77007 (ULTRAMARINES), CI 77491, CI 77499 (IRON OXIDES). AND/UND INGREDIENTS: TALC, MICA, DIMETHICONE, MAGNESIUM STEARATE, POLYETHYLNE, TOCOPHERYL ACETATE, SILICA, TRIETHOXYCAPRYLYLSILANE, ETHYLHEXYLGLYCERIN, PHENOXYETHANOL, CI 77491, CI 77492, CI 77499 (IRON OXIDES), CI 77891 (TITANIUM DIOXIDE).","Eye Shadow","Essence","https://phorcys-static.ewg.org/cdn-cgi/image/width=560,height=800,quality=60/https://phorcys-static.ewg.org/image/contents/756037/original."
"1773504035-190","https://www.ewg.org/skindeep/browse/brands/12717-essence/","https://www.ewg.org/skindeep/browse/brands/12717-essence/?brand=Essence&page=18","the Blush, Bespoke 20","Essence","https://phorcys-static.ewg.org/cdn-cgi/image/width=480,height=480,quality=60/https://phorcys-static.ewg.org/image/contents/583535/original.","Essence
         the Blush, Bespoke 20
      
      
        
            
              
                MODERATE HAZARD
              Data Availability: Fair","https://www.ewg.org/skindeep/products/956577-Essence_the_Blush_Bespoke_20/","TALC, MICA, DIMETHICONE, ISOCETYL STEAROYL - STEARATE, OCTYLDODECYL STEARATE, PARAFFINUM LIQUIDUM (MINERAL OIL), TOCOPHERYL ACETATE, TOCOPHEROL, PETROLATUM, ETHYLHEXYLGLYCERIN, PHENOXYETHANOL, CI 77491, CI 77499 (IRON OXIDES), CI 77891 (TITANIUM DIOXIDE).","Blush","Essence","https://phorcys-static.ewg.org/cdn-cgi/image/width=560,height=800,quality=60/https://phorcys-static.ewg.org/image/contents/583535/original."
"1773504038-191","https://www.ewg.org/skindeep/browse/brands/12717-essence/","https://www.ewg.org/skindeep/browse/brands/12717-essence/?brand=Essence&page=18","Stay Long Lasting Foundation, Soft Vanilla 08","Essence","https://phorcys-static.ewg.org/cdn-cgi/image/width=480,height=480,quality=60/https://static.ewg.org/skindeep/img/missing_images/sd_logo.png","Essence
         Stay Long Lasting Foundation, Soft Vanilla 08
      
      
        
            
              
                MODERATE HAZARD
              Data Availability: Fair","https://www.ewg.org/skindeep/products/4701918-Essence_Stay_Long_Lasting_Foundation_Soft_Vanilla_08/","AQUA (WATER), ISODODECANE, C13-15 ALKANE, POLYGLYCERYL-4 DIISOSTEARATE/ POLYHYDROXYSTEARATE/SEBACATE, C12-15 ALKYL BENZOATE, ZINC STEARATE, PROPANEDIOL, MAGNESIUM SULFATE, PENTYLENE GLYCOL, TOCOPHEROL, ETHYLENE BRASSYLATE, 1,2-HEXANEDIOL, DISTEARDIMONIUM HECTORITE, CAPRYLHYDROXAMIC ACID, SILICA, LECITHIN, PROPYLENE CARBONATE, STEARIC ACID, SODIUM CHLORIDE, ASCORBYL PALMITATE, ALUMINUM STARCH OCTENYL SUCCINATE, CITRIC ACID, CI 77491 (IRON OXIDES), CI 77492 (IRON OXIDES), CI 77499 (IRON OXIDES), CI 77891 (TITANIUM DIOXIDE)","Foundation","Essence","https://phorcys-static.ewg.org/cdn-cgi/image/width=560,height=800,quality=60/https://static.ewg.org/skindeep/img/missing_images/sd_logo.png"
"1773504041-192","https://www.ewg.org/skindeep/browse/brands/12717-essence/","https://www.ewg.org/skindeep/browse/brands/12717-essence/?brand=Essence&page=18","Bye Bye Panda Eyes! Smudge-Proof Volumizing & Defining...","Essence","https://phorcys-static.ewg.org/cdn-cgi/image/width=480,height=480,quality=60/https://phorcys-static.ewg.org/image/contents/643353/original.","Essence
         Bye Bye Panda Eyes! Smudge-Proof Volumizing & Defining...
      
      
        
            
              
                MODERATE HAZARD
              Data Availability: Fair","https://www.ewg.org/skindeep/products/1018950-Essence_Bye_Bye_Panda_Eyes_SmudgeProof_Volumizing__Defining_Mascara_01/","AQUA (WATER), COPERNICIA CERIFERA (CARNAUBA) WAX, SYNTHETIC BEESWAX, BUTYLENE GLYCOL, POLYURETHANE-35, GLYCERYL STEARATE, PEG-100 STEARATE, CETEARYL ALCOHOL, STEARIC ACID, KAOLIN, PALMITIC ACID, ACACIA SENEGAL GUM, TOCOPHEROL, ETHYLHEXYLGLYCERIN, HYDROXYETHYLCELLULOSE, METHYLPROPANEDIOL, POLYESTER-4, CAPRYLYL GLYCOL, PHENYLPROPANOL, SODIUM NITRATE, POTASSIUM HYDROXIDE, PHENOXYETHANOL, POTASSIUM SORBATE, SODIUM BENZOATE, SODIUM DEHYDROACETATE, CI 77499 (IRON OXIDES)","Mascara","Essence","https://phorcys-static.ewg.org/cdn-cgi/image/width=560,height=800,quality=60/https://phorcys-static.ewg.org/image/contents/643353/original."
"1773504044-193","https://www.ewg.org/skindeep/browse/brands/12717-essence/","https://www.ewg.org/skindeep/browse/brands/12717-essence/?brand=Essence&page=18","you make my day! baked highlighter","Essence","https://phorcys-static.ewg.org/cdn-cgi/image/width=480,height=480,quality=60/https://phorcys-static.ewg.org/image/contents/856824/original.","Essence
         you make my day! baked highlighter
      
      
        
            
              
                MODERATE HAZARD
              Data Availability: Fair","https://www.ewg.org/skindeep/products/5085283-Essence_you_make_my_day_baked_highlighter/",": MICA, TALC, SYNTHETIC FLUORPHLOGOPITE, OCTYLDODECYL STEAROYL STEARATE, HYDROGENATED POLYISOBUTENE, CETYL ETHYLHEXANOATE, MAGNESIUM STEARATE, SYNTHETIC WAX, SILICA, TOCOPHERYL ACETATE, ETHYLHEXYLGLYCERIN, TRIETHOXYCAPRYLYLSILANE, PHENOXYETHANOL, TIN OXIDE, CI 15850 (RED 6 LAKE), CI 15850 (RED 7 LAKE), CI 42090 (BLUE 1 LAKE), CI 77007 (ULTRAMARINES), CI 77491 (IRON OXIDES), CI 77492 (IRON OXIDES), CI 77891 (TITANIUM DIOXIDE).","Bronzer/Highlighter","Essence","https://phorcys-static.ewg.org/cdn-cgi/image/width=560,height=800,quality=60/https://phorcys-static.ewg.org/image/contents/856824/original."
"1773504047-194","https://www.ewg.org/skindeep/browse/brands/12717-essence/","https://www.ewg.org/skindeep/browse/brands/12717-essence/?brand=Essence&page=18","Cosmetics Get BIG! Lahses Triple Black Mascara","Essence","https://phorcys-static.ewg.org/cdn-cgi/image/width=480,height=480,quality=60/https://phorcys-static.ewg.org/image/contents/572503/original.","Essence
         Cosmetics Get BIG! Lahses Triple Black Mascara
      
      
        
            
              
                MODERATE HAZARD
              Data Availability: Fair","https://www.ewg.org/skindeep/products/956204-Essence_Cosmetics_Get_BIG_Lahses_Triple_Black_Mascara/","AQUA (WATER), SYNTHETIC BEESWAX, PARAFFIN, ACACIA SENEGAL GUM , STEARIC ACID, PALMITIC ACID, BUTYLENE GLYCOL, GLYCERYL STEARATE, PENTYLENE GLYCOL, POLYBUTENE, VP/EICOSENE COPOLYMER, COPERNICIA CERIFERA (CARNAUBA) WAX, AMINOMETHYL PROPANOL, PANTHENOL, ORYZA SATIVA (RICE) BRAN WAX, HYDROGENATED RICE BRAN WAX, GLYCERIN, ACRYLATES COPOLYMER, HYDROXYETHYLCELLULOSE, PVP, MYRISTIC ACID, BEHENIC ACID, ARACHIDIC ACID, OLEIC ACID, PHENOXYETHANOL, SORBIC ACID, DEHYDROACETIC ACID, CI 77266 (BLACK 2) (NANO), CI 77499 (IRON OXIDES)","Mascara","Essence","https://phorcys-static.ewg.org/cdn-cgi/image/width=560,height=800,quality=60/https://phorcys-static.ewg.org/image/contents/572503/original."
"1773504049-195","https://www.ewg.org/skindeep/browse/brands/12717-essence/","https://www.ewg.org/skindeep/browse/brands/12717-essence/?brand=Essence&page=18","JUICY BOMB PARTY shower gel","Essence","https://phorcys-static.ewg.org/cdn-cgi/image/width=480,height=480,quality=60/https://phorcys-static.ewg.org/image/contents/856660/original.","Essence
         JUICY BOMB PARTY shower gel
      
      
        
            
              
                MODERATE HAZARD
              Data Availability: Fair","https://www.ewg.org/skindeep/products/8632797-Essence_JUICY_BOMB_PARTY_shower_gel/","AQUA (WATER), COCAMIDOPROPYL BETAINE, COCO-GLUCOSIDE, DISODIUM LAURYL SULFOSUCCINATE, GLYCERIN, TOCOPHEROL, GLYCERYL OLEATE, HYDROGENATED PALM GLYCERIDES CITRATE, CITRIC ACID, SODIUM BENZOATE, POTASSIUM SORBATE, PARFUM (FRAGRANCE), CI 14700 (RED 4).","Body Wash/Cleanser","Essence","https://phorcys-static.ewg.org/cdn-cgi/image/width=560,height=800,quality=60/https://phorcys-static.ewg.org/image/contents/856660/original."
"1773504052-196","https://www.ewg.org/skindeep/browse/brands/12717-essence/","https://www.ewg.org/skindeep/browse/brands/12717-essence/?brand=Essence&page=18","HELLO, GOOD STUFF! GLOW-C SERUM","Essence","https://phorcys-static.ewg.org/cdn-cgi/image/width=480,height=480,quality=60/https://phorcys-static.ewg.org/image/contents/820132/original.","Essence
         HELLO, GOOD STUFF! GLOW-C SERUM
      
      
        
            
              
                MODERATE HAZARD
              Data Availability: Fair","https://www.ewg.org/skindeep/products/8448730-Essence_HELLO_GOOD_STUFF_GLOWC_SERUM/","AQUA (WATER), SODIUM ASCORBYL PHOSPHATE, GLYCERIN, CAPRYLIC/CAPRIC TRIGLYCERIDE, GLYCERYL STEARATE CITRATE, CETEARYL ALCOHOL, CITRIC ACID, SODIUM CITRATE, CITRUS SINENSIS (ORANGE) FRUIT EXTRACT, TOCOPHERYL ACETATE, CINNAMOMUM CASSIA BARK EXTRACT, TOCOPHEROL, XANTHAN GUM, GLYCERYL CAPRYLATE, ETHYLHEXYLGLYCERIN, SODIUM GLUCONATE, SODIUM STEAROYL GLUTAMATE, SODIUM CHLORIDE, SODIUM SULFATE, PHENOXYETHANOL, BENZYL ALCOHOL, CI 15510 (ORANGE 4).","Serums & Essences","Essence","https://phorcys-static.ewg.org/cdn-cgi/image/width=560,height=800,quality=60/https://phorcys-static.ewg.org/image/contents/820132/original."
"1773504055-197","https://www.ewg.org/skindeep/browse/brands/12717-essence/","https://www.ewg.org/skindeep/browse/brands/12717-essence/?brand=Essence&page=18","Super Fine Liner Pen, Deep Black 01","Essence","https://phorcys-static.ewg.org/cdn-cgi/image/width=480,height=480,quality=60/https://phorcys-static.ewg.org/image/contents/856695/original.","Essence
         Super Fine Liner Pen, Deep Black 01
      
      
        
            
              
                MODERATE HAZARD
              Data Availability: Fair","https://www.ewg.org/skindeep/products/9968084-Essence_Super_Fine_Liner_Pen_Deep_Black_01/","AQUA (WATER), ALCOHOL DENAT., AMMONIUM ACRYLATES COPOLYMER, ACRYLATES COPOLYMER, METHYLPROPANEDIOL, PROPANEDIOL, GLYCERIN, ISOPROPYL ALCOHOL, VP/VA COPOLYMER, CAPRYLYL GLYCOL, SIMETHICONE, PHENYLPROPANOL, PHENOXYETHANOL, CI 77266 (BLACK 2) (NANO).","Eye Liner","Essence","https://phorcys-static.ewg.org/cdn-cgi/image/width=560,height=800,quality=60/https://phorcys-static.ewg.org/image/contents/856695/original."
"1773504058-198","https://www.ewg.org/skindeep/browse/brands/12717-essence/","https://www.ewg.org/skindeep/browse/brands/12717-essence/?brand=Essence&page=17","silky BLUR PORELESS PRIMER","Essence","https://phorcys-static.ewg.org/cdn-cgi/image/width=480,height=480,quality=60/https://phorcys-static.ewg.org/image/contents/820141/original.","Essence
         silky BLUR PORELESS PRIMER
      
      
        
            
              
                MODERATE HAZARD
              Data Availability: Fair","https://www.ewg.org/skindeep/products/3848527-Essence_silky_BLUR_PORELESS_PRIMER/","AQUA (WATER), HORDEUM VULGARE (BARLEY) SEED FLOUR, DIETHYLHEXYL CARBONATE, COCO-CAPRYLATE, NIACINAMIDE, POLYGLYCERYL-4 DIISOSTEARATE/POLYHYDROXYSTEARATE/SEBACATE, ORYZA SATIVA (RICE) STARCH, HYDROGENATED CASTOR OIL, MAGNESIUM SULFATE, TOCOPHEROL, OCTYLDODECANOL, DISTEARDIMONIUM HECTORITE, PROPYLENE CARBONATE, PHENOXYETHANOL, BENZOIC ACID, DEHYDROACETIC ACID, PARFUM (FRAGRANCE), TETRAMETHYL ACETYLOCTAHYDRONAPHTHALENES, DIMETHYL PHENETHYL ACETATE, CI 77491 (IRON OXIDES), CI 77492 (IRON OXIDES), CI 77499 (IRON OXIDES).","Makeup Primer","Essence","https://phorcys-static.ewg.org/cdn-cgi/image/width=560,height=800,quality=60/https://phorcys-static.ewg.org/image/contents/820141/original."
"1773504060-199","https://www.ewg.org/skindeep/browse/brands/12717-essence/","https://www.ewg.org/skindeep/browse/brands/12717-essence/?brand=Essence&page=17","aloha, babes! liquid blush, 01 Sun Rays & Island Days","Essence","https://phorcys-static.ewg.org/cdn-cgi/image/width=480,height=480,quality=60/https://phorcys-static.ewg.org/image/contents/856819/original.","Essence
         aloha, babes! liquid blush, 01 Sun Rays & Island Days
      
      
        
            
              
                MODERATE HAZARD
              Data Availability: Fair","https://www.ewg.org/skindeep/products/9875558-Essence_aloha_babes_liquid_blush_01_Sun_Rays__Island_Days/",": AQUA (WATER), GLYCERIN, ALCOHOL DENAT., PROPYLENE GLYCOL, MICA, SYNTHETIC FLUORPHLOGOPITE, PVP, ACRYLATES COPOLYMER, ETHYLHEXYLGLYCERIN, SODIUM HYDROXIDE, PHENOXYETHANOL, TIN OXIDE, CI 77491 (IRON OXIDES), CI 77510 (FERRIC FERROCYANIDE), CI 77891 (TITANIUM DIOXIDE).","Blush","Essence","https://phorcys-static.ewg.org/cdn-cgi/image/width=560,height=800,quality=60/https://phorcys-static.ewg.org/image/contents/856819/original."
"1773504063-200","https://www.ewg.org/skindeep/browse/brands/12717-essence/","https://www.ewg.org/skindeep/browse/brands/12717-essence/?brand=Essence&page=17",", Ola Rio Eyeshadow Palette","Essence","https://phorcys-static.ewg.org/cdn-cgi/image/width=480,height=480,quality=60/https://phorcys-static.ewg.org/image/contents/583529/original.","Essence
         , Ola Rio Eyeshadow Palette
      
      
        
            
              
                MODERATE HAZARD
              Data Availability: Fair","https://www.ewg.org/skindeep/products/956500-Essence_Essence_Ola_Rio_Eyeshadow_Palette/","TALC, MICA, DIMETHICONE, MAGNESIUM STEARATE, SILICA, POLYETHYLENE, TOCOPHERYL ACETATE, ETHYLHEXYLGLYCERIN, PHENOXYETHANOL, TIN OXIDE, MAY CONTAIN/[+/-): CI 75470 (CARMINE), CI 77491 (IRON OXIDES), CI 77492 (IRON OXIDES), CI 77499 (IRON OXIDES), CI 77891 (TITANIUM DIOXIDE). AND/UND INGREDIENTS: TALC, MICA, DIMETHICONE, MAGNESIUM STEARATE, SILICA, POLYETHYLENE, TRIETHOXYCAPRYLYLSILANE, TOCOPHERYL ACETATE, ETHYLHEXYLGLYCERIN, PHENOXYETHANOL, CI 77491 (IRON OXIDES), CI 77492 (IRON OXIDES), CI 77891 (TITANIUM DIOXIDE). AND/UND INGREDIENTS: CALCIUM SODIUM BOROSILICATE, MICA, DIMETHICONE, MAGNESIUM STEARATE, SILICA, POLYETHYLENE, TOCOPHERYL ACETATE, TIN OXIDE, ETHYLHEXYLGLYCERIN, PHENOXYETHANOL, MAY CONTAIN/[+/-): CI 77491 (IRON OXIDES), CI 77492 (IRON OXIDES), CI 77499 (IRON OXIDES), CI 77891 (TITANIUM DIOXIDE). AND/UND TALC, MICA, DIMETHICONE, MAGNESIUM STEARATE, SILICA, NYLON-12, POLYETHYLENE, TOCOPHERYL ACETATE, ETHYLHEXYLGLYCERIN, PHENOXYETHANOL, CI 77491 (IRON OXIDES).","Eye Shadow","Essence","https://phorcys-static.ewg.org/cdn-cgi/image/width=560,height=800,quality=60/https://phorcys-static.ewg.org/image/contents/583529/original."
"1773504066-201","https://www.ewg.org/skindeep/browse/brands/12717-essence/","https://www.ewg.org/skindeep/browse/brands/12717-essence/?brand=Essence&page=17","8H Matte Comfort Lipliner, cinnamon spice 01","Essence","https://phorcys-static.ewg.org/cdn-cgi/image/width=480,height=480,quality=60/https://phorcys-static.ewg.org/image/contents/856757/original.","Essence
         8H Matte Comfort Lipliner, cinnamon spice 01
      
      
        
            
              
                MODERATE HAZARD
              Data Availability: Fair","https://www.ewg.org/skindeep/products/2547036-Essence_8H_Matte_Comfort_Lipliner_cinnamon_spice_01/",": METHYL TRIMETHICONE, ORYZA SATIVA (RICE) BRAN WAX, TRIMETHYLSILOXYSILICATE, OCTYLDODECANOL, SYNTHETIC FLUORPHLOGOPITE, ACRYLATES/DIMETHICONE COPOLYMER, PERSEA GRATISSIMA (AVOCADO) OIL, TOCOPHERYL ACETATE, DISTEARDIMONIUM HECTORITE, PENTAERYTHRITYL TETRA-DI-T-BUTYL HYDROXYHYDROCINNAMATE, PROPYLENE CARBONATE, PARFUM (FRAGRANCE), CI 77491, CI 77492, CI 77499 (IRON OXIDES), CI 77891 (TITANIUM DIOXIDE).","Lip Liner","Essence","https://phorcys-static.ewg.org/cdn-cgi/image/width=560,height=800,quality=60/https://phorcys-static.ewg.org/image/contents/856757/original."
"1773504069-202","https://www.ewg.org/skindeep/browse/brands/12717-essence/","https://www.ewg.org/skindeep/browse/brands/12717-essence/?brand=Essence&page=17","lip care SUGAR SCRUB","Essence","https://phorcys-static.ewg.org/cdn-cgi/image/width=480,height=480,quality=60/https://phorcys-static.ewg.org/image/contents/820123/original.","Essence
         lip care SUGAR SCRUB
      
      
        
            
              
                MODERATE HAZARD
              Data Availability: Fair","https://www.ewg.org/skindeep/products/6422588-Essence_lip_care_SUGAR_SCRUB/","SUCROSE, POLYBUTENE, ETHYLHEXYL PALMITATE, BUTYROSPERMUM PARKII (SHEA) BUTTER, SILICA DIMETHYL SILYLATE, C10-18 TRIGLYCERIDES, EUPHORBIA CERIFERA CERA (EUPHORBIA CERIFERA (CANDELILLA) WAX), PRUNUS ARMENIACA (APRICOT) KERNEL OIL, BIS-DIGLYCERYL POLYACYLADIPATE-2, HELIANTHUS ANNUUS (SUNFLOWER) SEED OIL, BROMELAIN, ALOE BARBADENSIS LEAF EXTRACT, SPIRULINA PLATENSIS EXTRACT, TOCOPHEROL, GLUCOSE, ASCORBYL TETRAISOPALMITATE, GLYCERYL CAPRYLATE, PENTAERYTHRITYL TETRA-DI-T-BUTYL HYDROXYHYDROCINNAMATE, TREHALOSE, SODIUM CITRATE, CITRIC ACID, PARFUM (FRAGRANCE), CI 77492 (IRON OXIDES).","Exfoliant/Scrub","Essence","https://phorcys-static.ewg.org/cdn-cgi/image/width=560,height=800,quality=60/https://phorcys-static.ewg.org/image/contents/820123/original."
"1773504071-203","https://www.ewg.org/skindeep/browse/brands/12717-essence/","https://www.ewg.org/skindeep/browse/brands/12717-essence/?brand=Essence&page=17","8H Matte Comfort Lipliner, pink blush 05","Essence","https://phorcys-static.ewg.org/cdn-cgi/image/width=480,height=480,quality=60/https://phorcys-static.ewg.org/image/contents/856761/original.","Essence
         8H Matte Comfort Lipliner, pink blush 05
      
      
        
            
              
                MODERATE HAZARD
              Data Availability: Limited","https://www.ewg.org/skindeep/products/55530-Essence_8H_Matte_Comfort_Lipliner_pink_blush_05/",": METHYL TRIMETHICONE, ORYZA SATIVA (RICE) BRAN WAX, SYNTHETIC FLUORPHLOGOPITE, TRIMETHYLSILOXYSILICATE, OCTYLDODECANOL, ACRYLATES/DIMETHICONE COPOLYMER, PARFUM (FRAGRANCE), PERSEA GRATISSIMA (AVOCADO) OIL, TOCOPHERYL ACETATE, DISTEARDIMONIUM HECTORITE, PENTAERYTHRITYL TETRA-DI-T-BUTYL HYDROXYHYDROCINNAMATE, PROPYLENE CARBONATE, CI 15850 (RED 7 LAKE), CI 77492, CI 77499 (IRON OXIDES), CI 77891 (TITANIUM DIOXIDE).","Lip Liner","Essence","https://phorcys-static.ewg.org/cdn-cgi/image/width=560,height=800,quality=60/https://phorcys-static.ewg.org/image/contents/856761/original."
"1773504074-204","https://www.ewg.org/skindeep/browse/brands/12717-essence/","https://www.ewg.org/skindeep/browse/brands/12717-essence/?brand=Essence&page=17","Cosmetics You Better Work! Volume & Curl Mascara","Essence","https://phorcys-static.ewg.org/cdn-cgi/image/width=480,height=480,quality=60/https://phorcys-static.ewg.org/image/contents/572518/original.","Essence
         Cosmetics You Better Work! Volume & Curl Mascara
      
      
        
            
              
                MODERATE HAZARD
              Data Availability: Fair","https://www.ewg.org/skindeep/products/956219-Essence_Cosmetics_You_Better_Work_Volume__Curl_Mascara/","AQUA (WATER), STYRENE/ACRYLATES/AMMONIUM METHACRYLATE COPOLYMER, CETEARYL STEARATE, JOJOBA ESTERS, CERA ALBA (BEESWAX), STEARIC ACID, GLYCERIN, COPERNICIA CERIFERA (CARNAUBA) WAX, PALMITIC ACID, POLYBUTENE, CERA MICROCRISTALLINA (MICROCRYSTALLINE WAX), CETYL PALMITATE, CETYL STEARATE, STEARYL STEARATE, STEARYL PALMITATE, AMINOMETHYL PROPANEDIOL, HYDROGENATED CASTOR OIL, SYNTHETIC WAX, ACACIA SENEGAL GUM, PANTHENOL, HELIANTHUS ANNUUS (SUNFLOWER) SEED OIL, TOCOPHEROL, CETEARYL ALCOHOL, DIVINYLDIMETHICONE/DIMETHICONE COPOLYMER, CAPRYLYL GLYCOL, HYDROXYETHYLCELLULOSE, METHYLPROPANEDIOL, BUTYLENE GLYCOL, BEHENIC ACID, SODIUM LAURETH-12 SULFATE, PHOSPHOLIPIDS, C11-15 PARETH-7, C12-13 PARETH-23, C12-13 PARETH-3, TETRASODIUM EDTA, PHENOXYETHANOL, POTASSIUM SORBATE, CI 77499 (IRON OXIDES).","Mascara","Essence","https://phorcys-static.ewg.org/cdn-cgi/image/width=560,height=800,quality=60/https://phorcys-static.ewg.org/image/contents/572518/original."
"1773504077-205","https://www.ewg.org/skindeep/browse/brands/12717-essence/","https://www.ewg.org/skindeep/browse/brands/12717-essence/?brand=Essence&page=17","Superfine Waterproof Eyeliner Pen","Essence","https://phorcys-static.ewg.org/cdn-cgi/image/width=480,height=480,quality=60/https://phorcys-static.ewg.org/image/contents/856738/original.","Essence
         Superfine Waterproof Eyeliner Pen
      
      
        
            
              
                MODERATE HAZARD
              Data Availability: Fair","https://www.ewg.org/skindeep/products/9052942-Essence_Superfine_Waterproof_Eyeliner_Pen/","AQUA (WATER), AMMONIUM ACRYLATES COPOLYMER, METHYLPROPANEDIOL, ALCOHOL DENAT., ACRYLATES COPOLYMER, LACTOBACILLUS FERMENT, GLYCERIN, PANTHENOL, SIMETHICONE, CAPRYLYL GLYCOL, PHENYLPROPANOL, PPG-2-DECETH-30, ISOPROPYL ALCOHOL, SODIUM LAURETH SULFATE, BIOSACCHARIDE GUM-1, DISODIUM EDTA, SODIUM DEHYDROACETATE, PHENOXYETHANOL, CI 77266 (BLACK 2) (NANO).","Eye Liner","Essence","https://phorcys-static.ewg.org/cdn-cgi/image/width=560,height=800,quality=60/https://phorcys-static.ewg.org/image/contents/856738/original."
"1773504080-206","https://www.ewg.org/skindeep/browse/brands/12717-essence/","https://www.ewg.org/skindeep/browse/brands/12717-essence/?brand=Essence&page=17","Stay & Play Gel Eyeliner, Stardust Love 08","Essence","https://phorcys-static.ewg.org/cdn-cgi/image/width=480,height=480,quality=60/https://phorcys-static.ewg.org/image/contents/856715/original.","Essence
         Stay & Play Gel Eyeliner, Stardust Love 08
      
      
        
            
              
                MODERATE HAZARD
              Data Availability: Fair","https://www.ewg.org/skindeep/products/3398283-Essence_Stay__Play_Gel_Eyeliner_Stardust_Love_08/","ISODODECANE, SYNTHETIC WAX, TRIMETHYLSILOXYSILICATE, MICA, DIMETHICONE, POLYBUTENE, SYNTHETIC FLUORPHLOGOPITE, POLYGLYCERYL-4 DIISOSTEARATE/POLYHYDROXYSTEARATE/SEBACATE, CAPRYLIC/CAPRIC TRIGLYCERIDE, SILICA, STEARALKONIUM HECTORITE, PROPYLENE CARBONATE, TIN OXIDE, MAGNESIUM OXIDE, ALUMINA, CI 77000 (ALUMINUM POWDER), CI 77007 (ULTRAMARINES), CI 77491 (IRON OXIDES), CI 77499 (IRON OXIDES), CI 77891 (TITANIUM DIOXIDE).","Eye Liner","Essence","https://phorcys-static.ewg.org/cdn-cgi/image/width=560,height=800,quality=60/https://phorcys-static.ewg.org/image/contents/856715/original."
"1773504083-207","https://www.ewg.org/skindeep/browse/brands/12717-essence/","https://www.ewg.org/skindeep/browse/brands/12717-essence/?brand=Essence&page=17","What The Fake! Volumizing & Lengthening Mascara","Essence","https://phorcys-static.ewg.org/cdn-cgi/image/width=480,height=480,quality=60/https://phorcys-static.ewg.org/image/contents/659290/original.","Essence
         What The Fake! Volumizing & Lengthening Mascara
      
      
        
            
              
                MODERATE HAZARD
              Data Availability: Fair","https://www.ewg.org/skindeep/products/1026074-Essence_What_The_Fake_Volumizing__Lengthening_Mascara/","AQUA (WATER), CERA ALBA (BEESWAX), PARAFFIN, GLYCERYL STEARATE, STYRENE/ACRYLATES/AMMONIUM METHACRYLATE COPOLYMER, ORYZA SATIVA (RICE) BRAN WAX, BUTYLENE GLYCOL, PALMITIC ACID, ACACIA SENEGAL GUM, POLYBUTENE, COPERNICIA CERIFERA (CARNAUBA) WAX, AMINOMETHYL PROPANOL, STEARIC ACID, NYLON-66, PHENOXYETHANOL, VP/EICOSENE COPOLYMER, TOCOPHEROL, DIMETHICONE, POLYESTER-4, ETHYLHEXYLGLYCERIN, SODIUM LAURETH-12 SULFATE, CAPRYLYL GLYCOL, TETRASODIUM EDTA, POTASSIUM SORBATE, SODIUM DEHYDROACETATE, CI 77499 (IRON OXIDES)","Mascara","Essence","https://phorcys-static.ewg.org/cdn-cgi/image/width=560,height=800,quality=60/https://phorcys-static.ewg.org/image/contents/659290/original."
"1773504086-208","https://www.ewg.org/skindeep/browse/brands/12717-essence/","https://www.ewg.org/skindeep/browse/brands/12717-essence/?brand=Essence&page=17","FaBOWlous highlighter, 01 Get That Bow Glow!","Essence","https://phorcys-static.ewg.org/cdn-cgi/image/width=480,height=480,quality=60/https://phorcys-static.ewg.org/image/contents/820192/original.","Essence
         FaBOWlous highlighter, 01 Get That Bow Glow!
      
      
        
            
              
                MODERATE HAZARD
              Data Availability: Fair","https://www.ewg.org/skindeep/products/6322772-Essence_FaBOWlous_highlighter_01_Get_That_Bow_Glow/","CALCIUM ALUMINUM BOROSILICATE, ETHYLHEXYL PALMITATE, TALC, MAGNESIUM STEARATE, DIMETHICONE, BIS-DIGLYCERYL POLYACYLADIPATE-2, SILICA, TRIDECYL TRIMELLITATE, TRIETHOXYCAPRYLYLSILANE, ETHYLHEXYLGLYCERIN, MICA, SYNTHETIC FLUORPHLOGOPITE, PHENOXYETHANOL, TIN OXIDE, CI 19140 (YELLOW 5), CI 42090 (BLUE 1), CI 45410 (RED 28), CI 77499 (IRON OXIDES), CI 77891 (TITANIUM DIOXIDE).","Bronzer/Highlighter","Essence","https://phorcys-static.ewg.org/cdn-cgi/image/width=560,height=800,quality=60/https://phorcys-static.ewg.org/image/contents/820192/original."
"1773504089-209","https://www.ewg.org/skindeep/browse/brands/12717-essence/","https://www.ewg.org/skindeep/browse/brands/12717-essence/?brand=Essence&page=17","Super Fine Brush Liner Waterproof, Black","Essence","https://phorcys-static.ewg.org/cdn-cgi/image/width=480,height=480,quality=60/https://phorcys-static.ewg.org/image/contents/856708/original.","Essence
         Super Fine Brush Liner Waterproof, Black
      
      
        
            
              
                MODERATE HAZARD
              Data Availability: Fair","https://www.ewg.org/skindeep/products/617261-Essence_Super_Fine_Brush_Liner_Waterproof_Black/","AQUA (WATER), AMMONIUM ACRYLATES COPOLYMER, METHYLPROPANEDIOL, ALCOHOL DENAT., LACTOBACILLUS FERMENT, ACRYLATES COPOLYMER, GLYCERIN, PANTHENOL, SIMETHICONE, CAPRYLYL GLYCOL, PHENYLPROPANOL, ISOPROPYL ALCOHOL, PPG-2-DECETH-30, BIOSACCHARIDE GUM-1, SODIUM LAURETH SULFATE, DISODIUM EDTA, PHENOXYETHANOL, SODIUM DEHYDROACETATE, CI 77266 (BLACK 2) (NANO).","Eye Liner","Essence","https://phorcys-static.ewg.org/cdn-cgi/image/width=560,height=800,quality=60/https://phorcys-static.ewg.org/image/contents/856708/original."
"1773504092-210","https://www.ewg.org/skindeep/browse/brands/12717-essence/","https://www.ewg.org/skindeep/browse/brands/12717-essence/?brand=Essence&page=16","Lash Princess Curl & Volume Mascara","Essence","https://phorcys-static.ewg.org/cdn-cgi/image/width=480,height=480,quality=60/https://phorcys-static.ewg.org/image/contents/643308/original.","Essence
         Lash Princess Curl & Volume Mascara
      
      
        
            
              
                MODERATE HAZARD
              Data Availability: Fair","https://www.ewg.org/skindeep/products/1018493-Essence_Lash_Princess_Curl__Volume_Mascara/",": AQUA (WATER), RHUS VERNICIFLUA PEEL CERA (RHUS VERNICIFLUA PEEL WAX), GLYCERYL STEARATE SE, BUTYLENE GLYCOL, ACACIA SENEGAL GUM, ORYZA SATIVA (RICE) BRAN WAX, PALMITIC ACID, STEARIC ACID, AMINOMETHYL PROPANOL, VP/EICOSENE COPOLYMER, HELIANTHUS ANNUUS (SUNFLOWER) SEED OIL, PRUNUS AMYGDALUS DULCIS (SWEET ALMOND) OIL, SIMMONDSIA CHINENSIS (JOJOBA) SEED OIL, TOCOPHEROL, COPERNICIA CERIFERA (CARNAUBA) WAX, SHOREA ROBUSTA RESIN, HYDROXYETHYLCELLULOSE, TOCOPHERYL ACETATE, TRIMETHYL PENTANYL DIISOBUTYRATE, ETHYLHEXYLGLYCERIN, SODIUM NITRATE, DISODIUM PHOSPHATE, SODIUM PHOSPHATE, POLYSORBATE 60, PHENOXYETHANOL, POTASSIUM SORBATE, SODIUM DEHYDROACETATE, CI 77499 (IRON OXIDES)","Mascara","Essence","https://phorcys-static.ewg.org/cdn-cgi/image/width=560,height=800,quality=60/https://phorcys-static.ewg.org/image/contents/643308/original."
"1773504095-211","https://www.ewg.org/skindeep/browse/brands/12717-essence/","https://www.ewg.org/skindeep/browse/brands/12717-essence/?brand=Essence&page=16",", Bonjour Montreal Eyeshadow Palette, 07","Essence","https://phorcys-static.ewg.org/cdn-cgi/image/width=480,height=480,quality=60/https://static.ewg.org/skindeep/img/missing_images/sd_logo.png","Essence
         , Bonjour Montreal Eyeshadow Palette, 07
      
      
        
            
              
                MODERATE HAZARD
              Data Availability: Fair","https://www.ewg.org/skindeep/products/956578-Essence_Essence_Bonjour_Montreal_Eyeshadow_Palette_07/","TALC, MICA, CAPRYLIC/CAPRIC TRIGLYCERIDE, DIMETHICONE, OCTYLDODECYL STEAROYL STEARATE, MAGNESIUM STEARATE, BIS-DIGLYCERYL POLYACYLADIPATE-2, NYLON-12, POLYETHYLENE, SILICA, TOCOPHERYL ACETATE, TIN OXIDE, ETHYLHEXYLGLYCERIN, PHENOXYETHANOL, CI 19140 (YELLOW 5), CI 42090 (BLUE 1), CI 77491, CI 77492, CI 77499 (IRON OXIDES), CI 77510 (FERRIC FERROCYANIDE), CI 77891 (TITANIUM DIOXIDE). AND TALC, MICA, CAPRYLIC/CAPRIC TRIGLYCERIDE, DIMETHICONE, OCTYLDODECYL STEAROYL STEARATE, MAGNESIUM STEARATE, BIS-DIGLYCERYL POLYACYLADIPATE-2, POLYETHYLENE, NYLON-12, SILICA, TOCOPHERYL ACETATE, ETHYLHEXYLGLYCERIN, PHENOXYETHANOL, CI 77491, CI 77492, CI 77499 (IRON OXIDES), CI 77891 (TITANIUM DIOXIDE). AND TALC, MICA, MAGNESIUM STEARATE, CAPRYLIC/CAPRIC TRIGLYCERIDE, DIMETHICONE, OCTYLDODECYL STEAROYL STEARATE, BIS-DIGLYCERYL POLYACYLADIPATE-2, POLYETHYLENE, NYLON-12, SILICA, TOCOPHERYL ACETATE, ETHYLHEXYLGLYCERIN, PHENOXYETHANOL, CI 77491, CI 77492, CI 77499 (IRON OXIDES), CI 77891 (TITANIUM DIOXIDE). AND TALC, MICA, CAPRYLIC/CAPRIC TRIGLYCERIDE, DIMETHICONE, OCTYLDODECYL STEAROYL STEARATE, MAGNESIUM STEARATE, BIS-DIGLYCERYL POLYACYLADIPATE-2, POLYETHYLENE, SILICA, NYLON-12, TOCOPHERYL ACETATE, ETHYLHEXYLGLYCERIN, PHENOXYETHANOL, CI 77491 (IRON OXIDES). AND TALC, MICA, TRIETHOXYCAPRYLYLSILANE, MAGNESIUM STEARATE, SILICA, POLYETHYLENE, DIMETHICONE, CAPRYLIC/CAPRIC TRIGLYCERIDE, OCTYLDODECYL STEAROYL STEARATE, NYLON-12, TOCOPHERYL ACETATE, BIS-DIGLYCERYL POLYACYLADIPATE-2, ETHYLHEXYLGLYCERIN, PHENOXYETHANOL, CI 77491, CI 77492, CI 77499 (IRON OXIDES). AND TALC, MICA, TRIETHOXYCAPRYLYLSILANE, MAGNESIUM STEARATE, POLYETHYLENE, SILICA, CAPRYLIC/CAPRIC TRIGLYCERIDE, DIMETHICONE, NYLON-12, TOCOPHERYL ACETATE, OCTYLDODECYL STEAROYL STEARATE, BIS-DIGLYCERYL POLYACYLADIPATE-2, ETHYLHEXYLGLYCERIN, PHENOXYETHANOL, CI 77491, CI 77499 (IRON OXIDES). AND TALC, MICA, TRIETHOXYCAPRYLYLSILANE, MAGNESIUM STEARATE, CAPRYLIC/CAPRIC TRIGLYCERIDE, DIMETHICONE, OCTYLDODECYL STEAROYL STEARATE, BIS-DIGLYCERYL POLYACYLADIPATE-2, POLYETHYLENE, SILICA, NYLON-12, TOCOPHERYL ACETATE, ETHYLHEXYLGLYCERIN, PHENOXYETHANOL, CI 77491, CI 77492, CI 77499 (IRON OXIDES), CI 77891 (TITANIUM DIOXIDE). AND MICA, TALC, CAPRYLIC/CAPRIC TRIGLYCERIDE, DIMETHICONE, OCTYLDODECYL STEAROYL STEARATE, MAGNESIUM STEARATE, BIS-DIGLYCERYL POLYACYLADIPATE-2, NYLON-12, POLYETHYLENE, SILICA, TOCOPHERYL ACETATE, ETHYLHEXYLGLYCERIN, PHENOXYETHANOL, CI 77491, CI 77492, CI 77499 (IRON OXIDES), CI 77891 (TITANIUM DIOXIDE). AND TALC, MICA, CAPRYLIC/CAPRIC TRIGLYCERIDE, DIMETHICONE, OCTYLDODECYL STEAROYL STEARATE, MAGNESIUM STEARATE, BIS-DIGLYCERYL POLYACYLADIPATE-2, NYLON-12, POLYETHYLENE, SILICA, TOCOPHERYL ACETATE, ETHYLHEXYLGLYCERIN, PHENOXYETHANOL, CI 77491 (IRON OXIDES), CI 77891 (TITANIUM DIOXIDE).","Eye Shadow","Essence","https://phorcys-static.ewg.org/cdn-cgi/image/width=560,height=800,quality=60/https://static.ewg.org/skindeep/img/missing_images/sd_logo.png"
"1773504098-212","https://www.ewg.org/skindeep/browse/brands/12717-essence/","https://www.ewg.org/skindeep/browse/brands/12717-essence/?brand=Essence&page=16","happy blushlighter, SO CHERRY","Essence","https://phorcys-static.ewg.org/cdn-cgi/image/width=480,height=480,quality=60/https://phorcys-static.ewg.org/image/contents/856671/original.","Essence
         happy blushlighter, SO CHERRY
      
      
        
            
              
                MODERATE HAZARD
              Data Availability: Fair","https://www.ewg.org/skindeep/products/3467904-Essence_happy_blushlighter_SO_CHERRY/","MICA, SYNTHETIC FLUORPHLOGOPITE, TALC, SILICA, TRIETHOXYCAPRYLYLSILANE, MAGNESIUM STEARATE, CAPRYLIC/CAPRIC TRIGLYCERIDE, TOCOPHERYL ACETATE, SYNTHETIC WAX, DIMETHICONE, OCTYLDODECYL STEAROYL STEARATE, DIISOSTEARYL MALATE, BIS-DIGLYCERYL POLYACYLADIPATE-2, CALCIUM ALUMINUM BOROSILICATE, ETHYLHEXYLGLYCERIN, VP/HEXADECENE COPOLYMER, CALCIUM SODIUM BOROSILICATE, QUARTZ, PHENOXYETHANOL, ALUMINUM HYDROXIDE, TIN OXIDE, CI 15850 (RED 6), CI 15850 (RED 7), CI 77891 (TITANIUM DIOXIDE).","Blush","Essence","https://phorcys-static.ewg.org/cdn-cgi/image/width=560,height=800,quality=60/https://phorcys-static.ewg.org/image/contents/856671/original."
"1773504101-213","https://www.ewg.org/skindeep/browse/brands/12717-essence/","https://www.ewg.org/skindeep/browse/brands/12717-essence/?brand=Essence&page=16",", Myskin Perfector Loose Fixing Powder, Medium 30","Essence","https://phorcys-static.ewg.org/cdn-cgi/image/width=480,height=480,quality=60/https://phorcys-static.ewg.org/image/contents/583526/original.","Essence
         , Myskin Perfector Loose Fixing Powder, Medium 30
      
      
        
            
              
                MODERATE HAZARD
              Data Availability: Fair","https://www.ewg.org/skindeep/products/960911-Essence_Essence_Myskin_Perfector_Loose_Fixing_Powder_Medium_30/","TALC, SILICA, POLYMETHYL METHACRYLATE, MICA, SQUALANE, BORON NITRIDE, DIMETHICONE, POTASSIUM SORBATE, SODIUM DEHYDROACETATE, DEHYDROACETIC ACID, CI 77491, CI 77492, CI 77499 (IRON OXIDES), CI 77891 (TITANIUM DIOXIDE).","Facial Powder","Essence","https://phorcys-static.ewg.org/cdn-cgi/image/width=560,height=800,quality=60/https://phorcys-static.ewg.org/image/contents/583526/original."
"1773504104-214","https://www.ewg.org/skindeep/browse/brands/12717-essence/","https://www.ewg.org/skindeep/browse/brands/12717-essence/?brand=Essence&page=16","DROP OF sunshine BRONZING DROPS","Essence","https://phorcys-static.ewg.org/cdn-cgi/image/width=480,height=480,quality=60/https://phorcys-static.ewg.org/image/contents/820219/original.","Essence
         DROP OF sunshine BRONZING DROPS
      
      
        
            
              
                MODERATE HAZARD
              Data Availability: Fair","https://www.ewg.org/skindeep/products/3264030-Essence_DROP_OF_sunshine_BRONZING_DROPS/","AQUA (WATER), HYDROGENATED POLYISOBUTENE, GLYCERIN, MICA, HYDROXYETHYL ACRYLATE/SODIUM ACRYLOYLDIMETHYL TAURATE COPOLYMER, TOCOPHEROL, LAURYL GLUCOSIDE, POLYGLYCERYL-6 LAURATE, HYDROLYZED JOJOBA ESTERS, BORON NITRIDE, MYRISTYL GLUCOSIDE, ETHYLHEXYLGLYCERIN, SORBITAN ISOSTEARATE, XANTHAN GUM, CITRIC ACID, SODIUM CITRATE, PHENOXYETHANOL, PARFUM (FRAGRANCE), TIN OXIDE, CI 77491 (IRON OXIDES), CI 77492 (IRON OXIDES), CI 77499 (IRON OXIDES), CI 77891 (TITANIUM DIOXIDE).","Bronzer/Highlighter","Essence","https://phorcys-static.ewg.org/cdn-cgi/image/width=560,height=800,quality=60/https://phorcys-static.ewg.org/image/contents/820219/original."
"1773504106-215","https://www.ewg.org/skindeep/browse/brands/12717-essence/","https://www.ewg.org/skindeep/browse/brands/12717-essence/?brand=Essence&page=16","aloha, babes! pout lip balm","Essence","https://phorcys-static.ewg.org/cdn-cgi/image/width=480,height=480,quality=60/https://phorcys-static.ewg.org/image/contents/856655/original.","Essence
         aloha, babes! pout lip balm
      
      
        
            
              
                MODERATE HAZARD
              Data Availability: Fair","https://www.ewg.org/skindeep/products/9981308-Essence_aloha_babes_pout_lip_balm/","HYDROGENATED POLYISOBUTENE, ETHYLHEXYL PALMITATE, ARGANIA SPINOSA KERNEL OIL, SIMMONDSIA CHINENSIS (JOJOBA) SEED OIL, TOCOPHERYL ACETATE, HELIANTHUS ANNUUS (SUNFLOWER) SEED WAX, SILICA DIMETHYL SILYLATE, POLYBUTENE, ETHYLHEXYLGLYCERIN, PHENOXYETHANOL, BENZYL ALCOHOL, PARFUM (FRAGRANCE), BENZALDEHYDE, CI 15850 (RED 6 LAKE).","Lip Balm","Essence","https://phorcys-static.ewg.org/cdn-cgi/image/width=560,height=800,quality=60/https://phorcys-static.ewg.org/image/contents/856655/original."
"1773504109-216","https://www.ewg.org/skindeep/browse/brands/12717-essence/","https://www.ewg.org/skindeep/browse/brands/12717-essence/?brand=Essence&page=16","Cosmetics What the Fake! Volumizing & Lengthening Mascara","Essence","https://phorcys-static.ewg.org/cdn-cgi/image/width=480,height=480,quality=60/https://phorcys-static.ewg.org/image/contents/572516/original.","Essence
         Cosmetics What the Fake! Volumizing & Lengthening Mascara
      
      
        
            
              
                MODERATE HAZARD
              Data Availability: Fair","https://www.ewg.org/skindeep/products/956217-Essence_Cosmetics_What_the_Fake_Volumizing__Lengthening_Mascara/","AQUA (WATER), CERA ALBA (BEESWAX), PARAFFIN, GLYCERYL STEARATE, STYRENE/ACRYLATES/AMMONIUM METHACRYLATE COPOLYMER, ORYZA SATIVA (RICE) BRAN WAX, BUTYLENE GLYCOL, PALMITIC ACID, ACACIA SENEGAL GUM, POLYBUTENE, COPERNICIA CERIFERA (CARNAUBA) WAX, AMINOMETHYL PROPANOL, STEARIC ACID, NYLON-66, PHENOXYETHANOL, VP/EICOSENE COPOLYMER, TOCOPHEROL, DIMETHICONE, POLYESTER-4, ETHYLHEXYLGLYCERIN, SODIUM LAURETH-12 SULFATE, CAPRYLYL GLYCOL, TETRASODIUM EDTA, POTASSIUM SORBATE, SODIUM DEHYDROACETATE, CI 77499 (IRON OXIDES).","Mascara","Essence","https://phorcys-static.ewg.org/cdn-cgi/image/width=560,height=800,quality=60/https://phorcys-static.ewg.org/image/contents/572516/original."
"1773504112-217","https://www.ewg.org/skindeep/browse/brands/12717-essence/","https://www.ewg.org/skindeep/browse/brands/12717-essence/?brand=Essence&page=16","JUICY BOMB body mist, 04 Zesty Citrus","Essence","https://phorcys-static.ewg.org/cdn-cgi/image/width=480,height=480,quality=60/https://phorcys-static.ewg.org/image/contents/820137/original.","Essence
         JUICY BOMB body mist, 04 Zesty Citrus
      
      
        
            
              
                MODERATE HAZARD
              Data Availability: Fair","https://www.ewg.org/skindeep/products/1721938-Essence_JUICY_BOMB_body_mist_04_Zesty_Citrus/","ALCOHOL DENAT., AQUA (WATER), PARFUM (FRAGRANCE), KAEMPFERIA GALANGA ROOT EXTRACT, PONGAMIA PINNATA SEED EXTRACT, TRIETHYL CITRATE, ISOAMYL LAURATE, BENZYL SALICYLATE, DIMETHYL PHENETHYL ACETATE, GERANIOL, GERANYL ACETATE, LINALOOL, LINALYL ACETATE, PINENE, TETRAMETHYL ACETYLOCTAHYDRONAPHTHALENES.","Body Spray","Essence","https://phorcys-static.ewg.org/cdn-cgi/image/width=560,height=800,quality=60/https://phorcys-static.ewg.org/image/contents/820137/original."
"1773504114-218","https://www.ewg.org/skindeep/browse/brands/12717-essence/","https://www.ewg.org/skindeep/browse/brands/12717-essence/?brand=Essence&page=16","Contouring Duo Palette, 10 | Lighter Skin","Essence","https://phorcys-static.ewg.org/cdn-cgi/image/width=480,height=480,quality=60/https://phorcys-static.ewg.org/image/contents/686653/original.","Essence
         Contouring Duo Palette, 10 | Lighter Skin
      
      
        
            
              
                MODERATE HAZARD
              Data Availability: Fair","https://www.ewg.org/skindeep/products/1047047-Essence_Contouring_Duo_Palette_10__Lighter_Skin/","TALC, MICA, MAGNESIUM STEARATE, DIMETHICONE, ISOPROPYL ISOSTEARATE, PENTAERYTHRITYL TETRAISOSTEARATE, PETROLATUM, SILICA DIMETHYL SILYLATE, ETHYLHEXYLGLYCERIN, PHENOXYETHANOL, MAY CONTAIN/ [+/-]: CI 77491, CI 77492, CI 77499 (IRON OXIDES), CI 77891 (TITANIUM DIOXIDE)","Bronzer/Highlighter","Essence","https://phorcys-static.ewg.org/cdn-cgi/image/width=560,height=800,quality=60/https://phorcys-static.ewg.org/image/contents/686653/original."
"1773504117-219","https://www.ewg.org/skindeep/browse/brands/12717-essence/","https://www.ewg.org/skindeep/browse/brands/12717-essence/?brand=Essence&page=16","Eyeliner Pen Extra Longlasting + Waterproof - 01 Black","Essence","https://phorcys-static.ewg.org/cdn-cgi/image/width=480,height=480,quality=60/https://phorcys-static.ewg.org/image/contents/674115/original.","Essence
         Eyeliner Pen Extra Longlasting + Waterproof - 01 Black
      
      
        
            
              
                MODERATE HAZARD
              Data Availability: Fair","https://www.ewg.org/skindeep/products/1053195-Essence_Eyeliner_Pen_Extra_Longlasting__Waterproof__01_Black/","AQUA (WATER), BUTYLENE GLYCOL, STYRENE/ACRYLATES/AMMONIUM METHACRYLATE COPOLYMER, PEG-60 HYDROGENATED CASTOR OIL, COCO-GLUCOSIDE, SODIUM LAURETH-12 SULFATE, AMMONIUM HYDROXIDE, CITRIC ACID, PHENOXYETHANOL, POTASSIUM SORBATE, SODIUM BENZOATE, CI 77266 (BLACK 2) (NANO)","Eye Liner","Essence","https://phorcys-static.ewg.org/cdn-cgi/image/width=560,height=800,quality=60/https://phorcys-static.ewg.org/image/contents/674115/original."
"1773504120-220","https://www.ewg.org/skindeep/browse/brands/12717-essence/","https://www.ewg.org/skindeep/browse/brands/12717-essence/?brand=Essence&page=16","Luminous Glow the Highlighter, 02 Sunshowers","Essence","https://phorcys-static.ewg.org/cdn-cgi/image/width=480,height=480,quality=60/https://static.ewg.org/skindeep/img/missing_images/sd_logo.png","Essence
         Luminous Glow the Highlighter, 02 Sunshowers
      
      
        
            
              
                MODERATE HAZARD
              Data Availability: Fair","https://www.ewg.org/skindeep/products/1023146-Essence_Luminous_Glow_the_Highlighter_02_Sunshowers/","TALC, SYNTHETIC FLUORPHLOGOPITE, MICA, ETHYLHEXYL PALMITATE, MAGNESIUM MYRISTATE, ZEA MAYS (CORN) STARCH, CAPRYLIC/CAPRIC TRIGLYCERIDE, BIS-DIGLYCERYL POLYACYLADIPATE-1, KAOLIN, CAPRYLYL GLYCOL, HEXYLENE GLYCOL, TIN OXIDE, AQUA (WATER), MAGNESIUM OXIDE, ALUMINA, PHENOXYETHANOL, BENZYL ALCOHOL, DEHYDROACETIC ACID, CI 77491, CI 77492, CI 77499 (IRON OXIDES), CI 77891 (TITANIUM DIOXIDE)","Bronzer/Highlighter","Essence","https://phorcys-static.ewg.org/cdn-cgi/image/width=560,height=800,quality=60/https://static.ewg.org/skindeep/img/missing_images/sd_logo.png"
"1773504123-221","https://www.ewg.org/skindeep/browse/brands/12717-essence/","https://www.ewg.org/skindeep/browse/brands/12717-essence/?brand=Essence&page=16","HELLO, GOOD STUFF! SKIN REPAIR SERUM","Essence","https://phorcys-static.ewg.org/cdn-cgi/image/width=480,height=480,quality=60/https://phorcys-static.ewg.org/image/contents/820119/original.","Essence
         HELLO, GOOD STUFF! SKIN REPAIR SERUM
      
      
        
            
              
                MODERATE HAZARD
              Data Availability: Fair","https://www.ewg.org/skindeep/products/6900668-Essence_HELLO_GOOD_STUFF_SKIN_REPAIR_SERUM/","AQUA (WATER), GLYCERIN, CAPRYLIC/CAPRIC TRIGLYCERIDE, GLYCERYL STEARATE CITRATE, AVENA SATIVA (OAT) SEED WATER, BUTYROSPERMUM PARKII (SHEA) BUTTER, CERAMIDE NG, TOCOPHEROL, CETEARYL ALCOHOL, XANTHAN GUM, CARBOMER, ETHYLHEXYLGLYCERIN, SODIUM HYDROXIDE, CITRIC ACID, PHENOXYETHANOL, SODIUM BENZOATE, PARFUM (FRAGRANCE),","Serums & Essences","Essence","https://phorcys-static.ewg.org/cdn-cgi/image/width=560,height=800,quality=60/https://phorcys-static.ewg.org/image/contents/820119/original."
"1773504126-222","https://www.ewg.org/skindeep/browse/brands/12717-essence/","https://www.ewg.org/skindeep/browse/brands/12717-essence/?brand=Essence&page=15","8H Matte Comfort Lipliner, soft beige 03","Essence","https://phorcys-static.ewg.org/cdn-cgi/image/width=480,height=480,quality=60/https://phorcys-static.ewg.org/image/contents/856760/original.","Essence
         8H Matte Comfort Lipliner, soft beige 03
      
      
        
            
              
                MODERATE HAZARD
              Data Availability: Fair","https://www.ewg.org/skindeep/products/5703910-Essence_8H_Matte_Comfort_Lipliner_soft_beige_03/",": METHYL TRIMETHICONE, ORYZA SATIVA (RICE) BRAN WAX, SYNTHETIC FLUORPHLOGOPITE, TRIMETHYLSILOXYSILICATE, OCTYLDODECANOL, ACRYLATES/DIMETHICONE COPOLYMER, PERSEA GRATISSIMA (AVOCADO) OIL, TOCOPHERYL ACETATE, DISTEARDIMONIUM HECTORITE, PENTAERYTHRITYL TETRA-DI-T-BUTYL HYDROXYHYDROCINNAMATE, PROPYLENE CARBONATE, PARFUM (FRAGRANCE), CI 77491, CI 77499 (IRON OXIDES), CI 77891 (TITANIUM DIOXIDE).","Lip Liner","Essence","https://phorcys-static.ewg.org/cdn-cgi/image/width=560,height=800,quality=60/https://phorcys-static.ewg.org/image/contents/856760/original."
"1773504128-223","https://www.ewg.org/skindeep/browse/brands/12717-essence/","https://www.ewg.org/skindeep/browse/brands/12717-essence/?brand=Essence&page=15","aloha, babes! gloss in stick","Essence","https://phorcys-static.ewg.org/cdn-cgi/image/width=480,height=480,quality=60/https://phorcys-static.ewg.org/image/contents/856658/original.","Essence
         aloha, babes! gloss in stick
      
      
        
            
              
                MODERATE HAZARD
              Data Availability: Limited","https://www.ewg.org/skindeep/products/703287-Essence_aloha_babes_gloss_in_stick/","OCTYLDODECANOL, POLYBUTENE, BIS-DIGLYCERYL POLYACYLADIPATE-2, PHYTOSTERYL ISOSTEARATE, TRIDECYL TRIMELLITATE, HELIANTHUS ANNUUS (SUNFLOWER) SEED WAX, EUPHORBIA CERIFERA CERA (EUPHORBIA CERIFERA (CANDELILLA) WAX), DIISOSTEARYL MALATE, TOCOPHERYL ACETATE, ETHYLHEXYLGLYCERIN, PHENOXYETHANOL, PARFUM (FRAGRANCE), CI 15850 (RED 7 LAKE), CI 77491 (IRON OXIDES), CI 77492 (IRON OXIDES), CI 77499 (IRON OXIDES), CI 77891 (TITANIUM DIOXIDE).","Lip Gloss","Essence","https://phorcys-static.ewg.org/cdn-cgi/image/width=560,height=800,quality=60/https://phorcys-static.ewg.org/image/contents/856658/original."
"1773504131-224","https://www.ewg.org/skindeep/browse/brands/12717-essence/","https://www.ewg.org/skindeep/browse/brands/12717-essence/?brand=Essence&page=15","aloha, babes! liquid blush","Essence","https://phorcys-static.ewg.org/cdn-cgi/image/width=480,height=480,quality=60/https://phorcys-static.ewg.org/image/contents/856656/original.","Essence
         aloha, babes! liquid blush
      
      
        
            
              
                MODERATE HAZARD
              Data Availability: Fair","https://www.ewg.org/skindeep/products/1102598-Essence_aloha_babes_liquid_blush/","AQUA (WATER), GLYCERIN, ALCOHOL DENAT., PROPYLENE GLYCOL, MICA, SYNTHETIC FLUORPHLOGOPITE, PVP, ACRYLATES COPOLYMER, ETHYLHEXYLGLYCERIN, SODIUM HYDROXIDE, PHENOXYETHANOL, TIN OXIDE, CI 77491 (IRON OXIDES), CI 77510 (FERRIC FERROCYANIDE), CI 77891 (TITANIUM DIOXIDE).","Blush","Essence","https://phorcys-static.ewg.org/cdn-cgi/image/width=560,height=800,quality=60/https://phorcys-static.ewg.org/image/contents/856656/original."
"1773504134-225","https://www.ewg.org/skindeep/browse/brands/12717-essence/","https://www.ewg.org/skindeep/browse/brands/12717-essence/?brand=Essence&page=15","Super Fine Eyeliner Pen - 01 Deep Black","Essence","https://phorcys-static.ewg.org/cdn-cgi/image/width=480,height=480,quality=60/https://phorcys-static.ewg.org/image/contents/696692/original.","Essence
         Super Fine Eyeliner Pen - 01 Deep Black
      
      
        
            
              
                MODERATE HAZARD
              Data Availability: Fair","https://www.ewg.org/skindeep/products/1054377-Essence_Super_Fine_Eyeliner_Pen__01_Deep_Black/","AQUA (WATER), BUTYLENE GLYCOL, STYRENE/ACRYLATES/AMMONIUM METHACRYLATE COPOLYMER, PEG-60 HYDROGENATED CASTOR OIL, COCO-GLUCOSIDE, SODIUM LAURETH-12 SULFATE, AMMONIUM HYDROXIDE, CITRIC ACID, PHENOXYETHANOL, POTASSIUM SORBATE, SODIUM BENZOATE, CI 77266 (BLACK 2) (NANO)","Eye Liner","Essence","https://phorcys-static.ewg.org/cdn-cgi/image/width=560,height=800,quality=60/https://phorcys-static.ewg.org/image/contents/696692/original."
"1773504137-226","https://www.ewg.org/skindeep/browse/brands/12717-essence/","https://www.ewg.org/skindeep/browse/brands/12717-essence/?brand=Essence&page=15","Stay & Play Gel Eyeliner, Emerald Dragon 07","Essence","https://phorcys-static.ewg.org/cdn-cgi/image/width=480,height=480,quality=60/https://phorcys-static.ewg.org/image/contents/856714/original.","Essence
         Stay & Play Gel Eyeliner, Emerald Dragon 07
      
      
        
            
              
                MODERATE HAZARD
              Data Availability: Fair","https://www.ewg.org/skindeep/products/9751358-Essence_Stay__Play_Gel_Eyeliner_Emerald_Dragon_07/","ISODODECANE, SYNTHETIC WAX, TRIMETHYLSILOXYSILICATE, DIMETHICONE, MICA, POLYBUTENE, SYNTHETIC FLUORPHLOGOPITE, POLYGLYCERYL-4 DIISOSTEARATE/POLYHYDROXYSTEARATE/SEBACATE, CAPRYLIC/CAPRIC TRIGLYCERIDE, STEARALKONIUM HECTORITE, PROPYLENE CARBONATE, MAGNESIUM OXIDE, ALUMINA, CI 19140 (YELLOW 5 LAKE), CI 42090 (BLUE 1 LAKE), CI 77288 (CHROMIUM OXIDE GREENS), CI 77491 (IRON OXIDES), CI 77499 (IRON OXIDES), CI 77510 (FERRIC AMMONIUM FERROCYANIDE), CI 77510 (FERRIC FERROCYANIDE), CI 77891 (TITANIUM DIOXIDE).","Eye Liner","Essence","https://phorcys-static.ewg.org/cdn-cgi/image/width=560,height=800,quality=60/https://phorcys-static.ewg.org/image/contents/856714/original."
"1773504139-227","https://www.ewg.org/skindeep/browse/brands/12717-essence/","https://www.ewg.org/skindeep/browse/brands/12717-essence/?brand=Essence&page=15","BABY GOT HOLO GLOW highlighter stick, 10 Holy Apricotly","Essence","https://phorcys-static.ewg.org/cdn-cgi/image/width=480,height=480,quality=60/https://phorcys-static.ewg.org/image/contents/820127/original.","Essence
         BABY GOT HOLO GLOW highlighter stick, 10 Holy Apricotly
      
      
        
            
              
                MODERATE HAZARD
              Data Availability: Fair","https://www.ewg.org/skindeep/products/8343704-Essence_BABY_GOT_HOLO_GLOW_highlighter_stick_10_Holy_Apricotly/","CAPRYLIC/CAPRIC TRIGLYCERIDE, TRIDECYL TRIMELLITATE, CALCIUM SODIUM BOROSILICATE, ETHYLHEXYL PALMITATE, HELIANTHUS ANNUUS (SUNFLOWER) SEED WAX, EUPHORBIA CERIFERA CERA (EUPHORBIA CERIFERA (CANDELILLA) WAX), BIS-DIGLYCERYL POLYACYLADIPATE-2, TOCOPHERYL ACETATE, ETHYLHEXYLGLYCERIN, PHENOXYETHANOL, PARFUM (FRAGRANCE), TIN OXIDE, CI 77491, CI 77492, CI 77499 (IRON OXIDES), CI 77891 (TITANIUM DIOXIDE).","Bronzer/Highlighter","Essence","https://phorcys-static.ewg.org/cdn-cgi/image/width=560,height=800,quality=60/https://phorcys-static.ewg.org/image/contents/820127/original."
"1773504142-228","https://www.ewg.org/skindeep/browse/brands/12717-essence/","https://www.ewg.org/skindeep/browse/brands/12717-essence/?brand=Essence&page=15","Luminous Matt Bronzing Powder, Sunshine 01","Essence","https://phorcys-static.ewg.org/cdn-cgi/image/width=480,height=480,quality=60/https://static.ewg.org/skindeep/img/missing_images/sd_logo.png","Essence
         Luminous Matt Bronzing Powder, Sunshine 01
      
      
        
            
              
                MODERATE HAZARD
              Data Availability: Fair","https://www.ewg.org/skindeep/products/1045093-Essence_Luminous_Matt_Bronzing_Powder_Sunshine_01/","TALC, ISOCETYL STEAROYL STEARATE, OCTYLDODECYL STEARATE, MICA, NYLON-12, COPERNICIA CERIFERA (CARNAUBA) WAX, PETROLATUM, KAOLIN, JOJOBA ESTERS, TOCOPHEROL, CAPRYLYL GLYCOL, SODIUM STEARYL FUMARATE, HEXYLENE GLYCOL, PEG-8, ASCORBYL PALMITATE, TETRASODIUM PYROPHOSPHATE, ASCORBIC ACID, CITRIC ACID, PHENOXYETHANOL, CI 77491 (IRON OXIDES), CI 77492 (IRON OXIDES), CI 77499 (IRON OXIDES), CI 77891 (TITANIUM DIOXIDE). AND INGREDIENTS: TALC, ISOCETYL STEAROYL STEARATE, OCTYLDODECYL STEARATE, NYLON-12, COPERNICIA CERIFERA (CARNAUBA) WAX, PETROLATUM, KAOLIN, JOJOBA ESTERS, TOCOPHEROL, CAPRYLYL GLYCOL, SODIUM STEARYL FUMARATE, HEXYLENE GLYCOL, PEG-8, TETRASODIUM PYROPHOSPHATE, ASCORBYL PALMITATE, ASCORBIC ACID, CITRIC ACID, PHENOXYETHANOL, CI 77491 (IRON OXIDES), CI 77492 (IRON OXIDES), CI 77499 (IRON OXIDES), CI 77891 (TITANIUM DIOXIDE)","Bronzer/Highlighter","Essence","https://phorcys-static.ewg.org/cdn-cgi/image/width=560,height=800,quality=60/https://static.ewg.org/skindeep/img/missing_images/sd_logo.png"
"1773504145-229","https://www.ewg.org/skindeep/browse/brands/12717-essence/","https://www.ewg.org/skindeep/browse/brands/12717-essence/?brand=Essence&page=15","it's Bubble Gum fun lip oil roll-on","Essence","https://phorcys-static.ewg.org/cdn-cgi/image/width=480,height=480,quality=60/https://phorcys-static.ewg.org/image/contents/820206/original.","Essence
         it's Bubble Gum fun lip oil roll-on
      
      
        
            
              
                MODERATE HAZARD
              Data Availability: Fair","https://www.ewg.org/skindeep/products/7674965-Essence_its_Bubble_Gum_fun_lip_oil_rollon/","RICINUS COMMUNIS (CASTOR) SEED OIL, PRUNUS AMYGDALUS DULCIS (SWEET ALMOND) OIL, AROMA (FLAVOR), TOCOPHERYL ACETATE, OLEA EUROPAEA (OLIVE) HUSK OIL, ROSA CANINA SEED OIL, NIGELLA SATIVA SEED OIL, LINUM USITATISSIMUM (LINSEED) SEED OIL, VITIS VINIFERA (GRAPE) SEED OIL, PUNICA GRANATUM SEED OIL, ORYZA SATIVA (RICE) BRAN OIL, PRUNUS ARMENIACA (APRICOT) KERNEL OIL.","Lip Gloss","Essence","https://phorcys-static.ewg.org/cdn-cgi/image/width=560,height=800,quality=60/https://phorcys-static.ewg.org/image/contents/820206/original."
"1773504148-230","https://www.ewg.org/skindeep/browse/brands/12717-essence/","https://www.ewg.org/skindeep/browse/brands/12717-essence/?brand=Essence&page=15","Sun Club Matt Bronzing Powder Palette, 10 Better Than...","Essence","https://phorcys-static.ewg.org/cdn-cgi/image/width=480,height=480,quality=60/https://phorcys-static.ewg.org/image/contents/633498/original.","Essence
         Sun Club Matt Bronzing Powder Palette, 10 Better Than...
      
      
        
            
              
                MODERATE HAZARD
              Data Availability: Fair","https://www.ewg.org/skindeep/products/1026693-Essence_Sun_Club_Matt_Bronzing_Powder_Palette_10_Better_Than_Vacation_Tan/","MICA, TITANIUM DIOXIDE, TALC, DIMETHICONE, BORON NITRIDE, SILICA, BIS-DIGLYCERYL POLYACYLADIPATE-2, SYNTHETIC WAX, ETHYLHEXYL PALMITATE, OCTYLDODECYL STEAROYL STEARATE, CAPRYLYL GLYCOL, BHT, PHENOXYETHANOL, MAY CONTAIN/ [+/-]: CI 77491, CI 77492, CI 77499 (IRON OXIDES). AND: MICA, TITANIUM DIOXIDE, DIMETHICONE, BORON NITRIDE, SILICA, BIS-DIGLYCERYL POLYACYLADIPATE-2, ETHYLHEXYL PALMITATE, SYNTHETIC WAX, OCTYLDODECYL STEAROYL STEARATE, CAPRYLYL GLYCOL, BHT, PHENOXYETHANOL, MAY CONTAIN/ [+/-]: CI 77491, CI 77492, CI 77499 (IRON OXIDES)","Bronzer/Highlighter","Essence","https://phorcys-static.ewg.org/cdn-cgi/image/width=560,height=800,quality=60/https://phorcys-static.ewg.org/image/contents/633498/original."
"1773504151-231","https://www.ewg.org/skindeep/browse/brands/12717-essence/","https://www.ewg.org/skindeep/browse/brands/12717-essence/?brand=Essence&page=15","Volume Stylist 18H Curl & Hold Mascara","Essence","https://phorcys-static.ewg.org/cdn-cgi/image/width=480,height=480,quality=60/https://phorcys-static.ewg.org/image/contents/659288/original.","Essence
         Volume Stylist 18H Curl & Hold Mascara
      
      
        
            
              
                MODERATE HAZARD
              Data Availability: Fair","https://www.ewg.org/skindeep/products/1026080-Essence_Volume_Stylist_18H_Curl__Hold_Mascara/","AQUA (WATER), CERA ALBA (BEESWAX), PARAFFIN, GLYCERYL STEARATE, STYRENE/ACRYLATES/AMMONIUM METHACRYLATE COPOLYMER, ORYZA SATIVA (RICE) CERA, BUTYLENE GLYCOL, PALMITIC ACID, ACACIA SENEGAL GUM , POLYBUTENE, COPERNICIA CERIFERA (CARNAUBA) WAX, AMINOMETHYL PROPANOL, STEARIC ACID, PHENOXYETHANOL, VP/EICOSENE COPOLYMER, TOCOPHEROL, DIMETHICONE, POLYESTER-4, ETHYLHEXYLGLYCERIN, SODIUM LAURETH-12 SULFATE, CAPRYLYL GLYCOL, TETRASODIUM EDTA, POTASSIUM SORBATE, SODIUM DEHYDROACETATE, CI 77499 (IRON OXIDES)","Mascara","Essence","https://phorcys-static.ewg.org/cdn-cgi/image/width=560,height=800,quality=60/https://phorcys-static.ewg.org/image/contents/659288/original."
"1773504153-232","https://www.ewg.org/skindeep/browse/brands/12717-essence/","https://www.ewg.org/skindeep/browse/brands/12717-essence/?brand=Essence&page=15","JUICY BOMB body mist, 03 Lychee Lagoon","Essence","https://phorcys-static.ewg.org/cdn-cgi/image/width=480,height=480,quality=60/https://phorcys-static.ewg.org/image/contents/820136/original.","Essence
         JUICY BOMB body mist, 03 Lychee Lagoon
      
      
        
            
              
                MODERATE HAZARD
              Data Availability: Fair","https://www.ewg.org/skindeep/products/2232735-Essence_JUICY_BOMB_body_mist_03_Lychee_Lagoon/","ALCOHOL DENAT., AQUA (WATER), PARFUM (FRAGRANCE), KAEMPFERIA GALANGA ROOT EXTRACT, PONGAMIA PINNATA SEED EXTRACT, TRIETHYL CITRATE, ISOAMYL LAURATE, TETRAMETHYL ACETYLOCTAHYDRONAPHTHALENES, BENZALDEHYDE, ALPHA-ISOMETHYL IONONE.","Body Spray","Essence","https://phorcys-static.ewg.org/cdn-cgi/image/width=560,height=800,quality=60/https://phorcys-static.ewg.org/image/contents/820136/original."
"1773504156-233","https://www.ewg.org/skindeep/browse/brands/12717-essence/","https://www.ewg.org/skindeep/browse/brands/12717-essence/?brand=Essence&page=15","8H Matte Comfort Lipliner, rosy nude 04","Essence","https://phorcys-static.ewg.org/cdn-cgi/image/width=480,height=480,quality=60/https://phorcys-static.ewg.org/image/contents/856759/original.","Essence
         8H Matte Comfort Lipliner, rosy nude 04
      
      
        
            
              
                MODERATE HAZARD
              Data Availability: Fair","https://www.ewg.org/skindeep/products/9423013-Essence_8H_Matte_Comfort_Lipliner_rosy_nude_04/",": METHYL TRIMETHICONE, ORYZA SATIVA (RICE) BRAN WAX, TRIMETHYLSILOXYSILICATE, OCTYLDODECANOL, SYNTHETIC FLUORPHLOGOPITE, ACRYLATES/DIMETHICONE COPOLYMER, PERSEA GRATISSIMA (AVOCADO) OIL, TOCOPHERYL ACETATE, DISTEARDIMONIUM HECTORITE, PENTAERYTHRITYL TETRA-DI-T-BUTYL HYDROXYHYDROCINNAMATE, PROPYLENE CARBONATE, PARFUM (FRAGRANCE), CI 77491, CI 77492, CI 77499 (IRON OXIDES), CI 77891 (TITANIUM DIOXIDE).","Lip Liner","Essence","https://phorcys-static.ewg.org/cdn-cgi/image/width=560,height=800,quality=60/https://phorcys-static.ewg.org/image/contents/856759/original."
"1773504158-234","https://www.ewg.org/skindeep/browse/brands/12717-essence/","https://www.ewg.org/skindeep/browse/brands/12717-essence/?brand=Essence&page=14","Anti Bacterial Hand Sanitizer, Clear Ice","Essence","https://phorcys-static.ewg.org/cdn-cgi/image/width=480,height=480,quality=60/https://static.ewg.org/skindeep/img/missing_images/sd_logo.png","Essence
         Anti Bacterial Hand Sanitizer, Clear Ice
      
      
        
            
              
                MODERATE HAZARD
              Data Availability: Limited","https://www.ewg.org/skindeep/products/1015821-Essence_Anti_Bacterial_Hand_Sanitizer_Clear_Ice/","Active Ingredients: Ethyl Alcohol 75.0%; Inactive Ingredients: ALCOHOL 75%, AQUA/WATER, GLYCERIN, CARBOMER, PARFUM/FRAGRANCE, AMINOMETHYL PROPANOL, ALOE BARBADENSIS LEAF EXTRACT, TOCOPHERYL ACETATE","Hand Sanitizer","Essence","https://phorcys-static.ewg.org/cdn-cgi/image/width=560,height=800,quality=60/https://static.ewg.org/skindeep/img/missing_images/sd_logo.png"
"1773504161-235","https://www.ewg.org/skindeep/browse/brands/12717-essence/","https://www.ewg.org/skindeep/browse/brands/12717-essence/?brand=Essence&page=14","8H Matte Comfort Lipliner, dark berry 08","Essence","https://phorcys-static.ewg.org/cdn-cgi/image/width=480,height=480,quality=60/https://phorcys-static.ewg.org/image/contents/856763/original.","Essence
         8H Matte Comfort Lipliner, dark berry 08
      
      
        
            
              
                MODERATE HAZARD
              Data Availability: Limited","https://www.ewg.org/skindeep/products/7486333-Essence_8H_Matte_Comfort_Lipliner_dark_berry_08/",": METHYL TRIMETHICONE, ORYZA SATIVA (RICE) BRAN WAX, SYNTHETIC FLUORPHLOGOPITE, TRIMETHYLSILOXYSILICATE, OCTYLDODECANOL, ACRYLATES/DIMETHICONE COPOLYMER, PERSEA GRATISSIMA (AVOCADO) OIL, TOCOPHERYL ACETATE, DISTEARDIMONIUM HECTORITE, PENTAERYTHRITYL TETRA-DI-T-BUTYL HYDROXYHYDROCINNAMATE, PROPYLENE CARBONATE, PARFUM (FRAGRANCE), CI 15850 (RED 6 LAKE), CI 15850 (RED 7 LAKE), CI 77499 (IRON OXIDES).","Lip Liner","Essence","https://phorcys-static.ewg.org/cdn-cgi/image/width=560,height=800,quality=60/https://phorcys-static.ewg.org/image/contents/856763/original."
"1773504164-236","https://www.ewg.org/skindeep/browse/brands/12717-essence/","https://www.ewg.org/skindeep/browse/brands/12717-essence/?brand=Essence&page=14","24ever ink liner","Essence","https://phorcys-static.ewg.org/cdn-cgi/image/width=480,height=480,quality=60/https://phorcys-static.ewg.org/image/contents/856736/original.","Essence
         24ever ink liner
      
      
        
            
              
                MODERATE HAZARD
              Data Availability: Fair","https://www.ewg.org/skindeep/products/9928491-Essence_24ever_ink_liner/","AQUA (WATER), METHYLPROPANEDIOL, STYRENE/ACRYLATES COPOLYMER, STYRENE/ACRYLATES/AMMONIUM METHACRYLATE COPOLYMER, CELLULOSE, PEG-60 HYDROGENATED CASTOR OIL, COCO-GLUCOSIDE, POLOXAMER 407, PHENYLPROPANOL, CAPRYLYL GLYCOL, SODIUM LAURETH-12 SULFATE, SODIUM LAURYL SULFATE, BHT, CITRIC ACID, PHENOXYETHANOL, POTASSIUM SORBATE, SODIUM BENZOATE, SODIUM DEHYDROACETATE, CI 77266 (BLACK 2) (NANO).","Eye Liner","Essence","https://phorcys-static.ewg.org/cdn-cgi/image/width=560,height=800,quality=60/https://phorcys-static.ewg.org/image/contents/856736/original."
"1773504167-237","https://www.ewg.org/skindeep/browse/brands/12717-essence/","https://www.ewg.org/skindeep/browse/brands/12717-essence/?brand=Essence&page=14","long lasting eye pencil, hot chocolate 02","Essence","https://phorcys-static.ewg.org/cdn-cgi/image/width=480,height=480,quality=60/https://phorcys-static.ewg.org/image/contents/856726/original.","Essence
         long lasting eye pencil, hot chocolate 02
      
      
        
            
              
                MODERATE HAZARD
              Data Availability: Fair","https://www.ewg.org/skindeep/products/3372054-Essence_long_lasting_eye_pencil_hot_chocolate_02/","CYCLOPENTASILOXANE, SYNTHETIC BEESWAX, CERA MICROCRISTALLINA (MICROCRYSTALLINE WAX), MICA, TRIMETHYLSILOXYSILICATE, VP/HEXADECENE COPOLYMER, MYRISTYL LACTATE, TOCOPHEROL, C30-45 ALKYL CETEARYL DIMETHICONE CROSSPOLYMER, MYRISTYL ALCOHOL, LECITHIN, ASCORBYL PALMITATE, GLYCERYL STEARATE, MAGNESIUM SILICATE, GLYCERYL OLEATE, CITRIC ACID, CI 77491 (IRON OXIDES), CI 77492 (IRON OXIDES), CI 77499 (IRON OXIDES).","Eye Liner","Essence","https://phorcys-static.ewg.org/cdn-cgi/image/width=560,height=800,quality=60/https://phorcys-static.ewg.org/image/contents/856726/original."
"1773504169-238","https://www.ewg.org/skindeep/browse/brands/12717-essence/","https://www.ewg.org/skindeep/browse/brands/12717-essence/?brand=Essence&page=14","JUICY BOMB body mist, 01 Viva Vanilla","Essence","https://phorcys-static.ewg.org/cdn-cgi/image/width=480,height=480,quality=60/https://phorcys-static.ewg.org/image/contents/820131/original.","Essence
         JUICY BOMB body mist, 01 Viva Vanilla
      
      
        
            
              
                MODERATE HAZARD
              Data Availability: Fair","https://www.ewg.org/skindeep/products/8640632-Essence_JUICY_BOMB_body_mist_01_Viva_Vanilla/","ALCOHOL DENAT., AQUA (WATER), PARFUM (FRAGRANCE), KAEMPFERIA GALANGA ROOT EXTRACT, PONGAMIA PINNATA SEED EXTRACT, TRIETHYL CITRATE, ISOAMYL LAURATE, BENZYL ALCOHOL, TETRAMETHYL ACETYLOCTAHYDRONAPHTHALENES, ALPHA-ISOMETHYL IONONE, TRIMETHYLCYCLOPENTENYL METHYLISOPENTENOL.","Body Spray","Essence","https://phorcys-static.ewg.org/cdn-cgi/image/width=560,height=800,quality=60/https://phorcys-static.ewg.org/image/contents/820131/original."
"1773504172-239","https://www.ewg.org/skindeep/browse/brands/12717-essence/","https://www.ewg.org/skindeep/browse/brands/12717-essence/?brand=Essence&page=14","CORRECT & CONCEAL anti redness concealer, 100 Universal","Essence","https://phorcys-static.ewg.org/cdn-cgi/image/width=480,height=480,quality=60/https://phorcys-static.ewg.org/image/contents/820213/original.","Essence
         CORRECT & CONCEAL anti redness concealer, 100 Universal
      
      
        
            
              
                MODERATE HAZARD
              Data Availability: Fair","https://www.ewg.org/skindeep/products/4935975-Essence_CORRECT__CONCEAL_anti_redness_concealer_100_Universal/","AQUA (WATER), ISONONYL ISONONANOATE, COCONUT ALKANES, GLYCERIN, TRIETHYLHEXANOIN, MAGNESIUM SULFATE, POLYGLYCERYL-4 DIISOSTEARATE/POLYHYDROXYSTEARATE/SEBACATE, DIISOSTEAROYL POLYGLYCERYL-3 DIMER DILINOLEATE, DISTEARDIMONIUM HECTORITE, ALOE BARBADENSIS LEAF JUICE, STEAROYL INULIN, PROPYLENE CARBONATE, ETHYLHEXYLGLYCERIN, TRIETHOXYCAPRYLYLSILANE, HYDROGENATED LECITHIN, PHENOXYETHANOL, POTASSIUM SORBATE, SODIUM BENZOATE, ALUMINUM HYDROXIDE, CI 77288 (CHROMIUM OXIDE GREENS), CI 77492 (IRON OXIDES), CI 77891 (TITANIUM DIOXIDE).","Concealer","Essence","https://phorcys-static.ewg.org/cdn-cgi/image/width=560,height=800,quality=60/https://phorcys-static.ewg.org/image/contents/820213/original."
"1773504175-240","https://www.ewg.org/skindeep/browse/brands/12717-essence/","https://www.ewg.org/skindeep/browse/brands/12717-essence/?brand=Essence&page=14","Cosmetics You Better Work! Length Definition Mascara","Essence","https://phorcys-static.ewg.org/cdn-cgi/image/width=480,height=480,quality=60/https://phorcys-static.ewg.org/image/contents/572511/original.","Essence
         Cosmetics You Better Work! Length Definition Mascara
      
      
        
            
              
                MODERATE HAZARD
              Data Availability: Fair","https://www.ewg.org/skindeep/products/956212-Essence_Cosmetics_You_Better_Work_Length_Definition_Mascara/","AQUA (WATER), STYRENE/ACRYLATES/AMMONIUM METHACRYLATE COPOLYMER, CETEARYL STEARATE, JOJOBA ESTERS, CERA ALBA (BEESWAX), STEARIC ACID, GLYCERIN, COPERNICIA CERIFERA (CARNAUBA) WAX, PALMITIC ACID, POLYBUTENE, CERA MICROCRISTALLINA (MICROCRYSTALLINE WAX), CETYL PALMITATE, CETYL STEARATE, STEARYL STEARATE, STEARYL PALMITATE, AMINOMETHYL PROPANEDIOL, HYDROGENATED CASTOR OIL, SYNTHETIC WAX, ACACIA SENEGAL GUM, PANTHENOL, HELIANTHUS ANNUUS (SUNFLOWER) SEED OIL, TOCOPHEROL, CETEARYL ALCOHOL, DIVINYLDIMETHICONE/DIMETHICONE COPOLYMER, CAPRYLYL GLYCOL, HYDROXYETHYLCELLULOSE, METHYLPROPANEDIOL, BUTYLENE GLYCOL, BEHENIC ACID, SODIUM LAURETH-12 SULFATE, PHOSPHOLIPIDS, C11-15 PARETH-7, C12-13 PARETH-23, C12-13 PARETH-3, TETRASODIUM EDTA, PHENOXYETHANOL, POTASSIUM SORBATE, CI 77499 (IRON OXIDES).","Mascara","Essence","https://phorcys-static.ewg.org/cdn-cgi/image/width=560,height=800,quality=60/https://phorcys-static.ewg.org/image/contents/572511/original."
"1773504178-241","https://www.ewg.org/skindeep/browse/brands/12717-essence/","https://www.ewg.org/skindeep/browse/brands/12717-essence/?brand=Essence&page=14","META GLOW HIGHLIGHTER","Essence","https://phorcys-static.ewg.org/cdn-cgi/image/width=480,height=480,quality=60/https://phorcys-static.ewg.org/image/contents/856845/original.","Essence
         META GLOW HIGHLIGHTER
      
      
        
            
              
                MODERATE HAZARD
              Data Availability: Fair","https://www.ewg.org/skindeep/products/7463836-Essence_META_GLOW_HIGHLIGHTER/",": MICA, TALC, SILICA, DIISOSTEARYL MALATE, ZEA MAYS (CORN) STARCH, OCTYLDODECANOL, BIS-DIGLYCERYL POLYACYLADIPATE-2, DIMETHICONE, ISONONYL ISONONANOATE, POLYISOBUTENE, JOJOBA ESTERS, TOCOPHERYL ACETATE, ETHYLHEXYLGLYCERIN, PHENOXYETHANOL, TIN OXIDE, CI 77891 (TITANIUM DIOXIDE).","Bronzer/Highlighter","Essence","https://phorcys-static.ewg.org/cdn-cgi/image/width=560,height=800,quality=60/https://phorcys-static.ewg.org/image/contents/856845/original."
"1773504180-242","https://www.ewg.org/skindeep/browse/brands/12717-essence/","https://www.ewg.org/skindeep/browse/brands/12717-essence/?brand=Essence&page=14","Cosmetics Volume Booster Lash Primer","Essence","https://phorcys-static.ewg.org/cdn-cgi/image/width=480,height=480,quality=60/https://phorcys-static.ewg.org/image/contents/572507/original.","Essence
         Cosmetics Volume Booster Lash Primer 
      
      
        
            
              
                MODERATE HAZARD
              Data Availability: Fair","https://www.ewg.org/skindeep/products/956208-Essence_Cosmetics_Volume_Booster_Lash_Primer_/","AQUA (WATER), GLYCERYL STEARATE, CERA MICROCRISTALLINA (MICROCRYSTALLINE WAX), PENTYLENE GLYCOL, RICINUS COMMUNIS (CASTOR) SEED OIL, COPERNICIA CERIFERA (CARNAUBA) WAX, PROPYLENE GLYCOL, STEARIC ACID, ACRYLATES COPOLYMER, POLYVINYL ALCOHOL, PALMITIC ACID, AMINOMETHYL PROPANOL, TOCOPHEROL, HDI/TRIMETHYLOL HEXYLLACTONE CROSSPOLYMER, POLYIMIDE-1, ALCOHOL, PPG-2-DECETH-30, LECITHIN, SILICA, SODIUM LAURETH SULFATE, ASCORBYL PALMITATE, CITRIC ACID, SODIUM DEHYDROACETATE, CI 77499 (IRON OXIDES).","Mascara","","https://phorcys-static.ewg.org/cdn-cgi/image/width=560,height=800,quality=60/https://phorcys-static.ewg.org/image/contents/572507/original."
"1773504183-243","https://www.ewg.org/skindeep/browse/brands/12717-essence/","https://www.ewg.org/skindeep/browse/brands/12717-essence/?brand=Essence&page=14",", Myskin Perfector Loose Fixing Powder, Tan 50","Essence","https://phorcys-static.ewg.org/cdn-cgi/image/width=480,height=480,quality=60/https://phorcys-static.ewg.org/image/contents/583527/original.","Essence
         , Myskin Perfector Loose Fixing Powder, Tan 50
      
      
        
            
              
                MODERATE HAZARD
              Data Availability: Fair","https://www.ewg.org/skindeep/products/959437-Essence_Essence_Myskin_Perfector_Loose_Fixing_Powder_Tan_50/","TALC, SILICA, POLYMETHYL METHACRYLATE, MICA, SQUALANE, BORON NITRIDE, DIMETHICONE, POTASSIUM SORBATE, SODIUM DEHYDROACETATE, DEHYDROACETIC ACID, CI 77491, CI 77492, CI 77499 (IRON OXIDES), CI 77891 (TITANIUM DIOXIDE).","Facial Powder","Essence","https://phorcys-static.ewg.org/cdn-cgi/image/width=560,height=800,quality=60/https://phorcys-static.ewg.org/image/contents/583527/original."
"1773504185-244","https://www.ewg.org/skindeep/browse/brands/12717-essence/","https://www.ewg.org/skindeep/browse/brands/12717-essence/?brand=Essence&page=14","8H Matte Comfort Lipliner, cool mauve 06","Essence","https://phorcys-static.ewg.org/cdn-cgi/image/width=480,height=480,quality=60/https://phorcys-static.ewg.org/image/contents/856762/original.","Essence
         8H Matte Comfort Lipliner, cool mauve 06
      
      
        
            
              
                MODERATE HAZARD
              Data Availability: Limited","https://www.ewg.org/skindeep/products/3744917-Essence_8H_Matte_Comfort_Lipliner_cool_mauve_06/",": METHYL TRIMETHICONE, ORYZA SATIVA (RICE) BRAN WAX, TRIMETHYLSILOXYSILICATE, OCTYLDODECANOL, SYNTHETIC FLUORPHLOGOPITE, ACRYLATES/DIMETHICONE COPOLYMER, PERSEA GRATISSIMA (AVOCADO) OIL, TOCOPHERYL ACETATE, DISTEARDIMONIUM HECTORITE, PENTAERYTHRITYL TETRA-DI-T-BUTYL HYDROXYHYDROCINNAMATE, PROPYLENE CARBONATE, PARFUM (FRAGRANCE), CI 15850 (RED 7 LAKE), CI 77491 (IRON OXIDES), CI 77499 (IRON OXIDES), CI 77891 (TITANIUM DIOXIDE).","Lip Liner","Essence","https://phorcys-static.ewg.org/cdn-cgi/image/width=560,height=800,quality=60/https://phorcys-static.ewg.org/image/contents/856762/original."
"1773504188-245","https://www.ewg.org/skindeep/browse/brands/12717-essence/","https://www.ewg.org/skindeep/browse/brands/12717-essence/?brand=Essence&page=14","Cosmetics Volume Stylist 18h Lash Extension Mascara","Essence","https://phorcys-static.ewg.org/cdn-cgi/image/width=480,height=480,quality=60/https://phorcys-static.ewg.org/image/contents/572517/original.","Essence
         Cosmetics Volume Stylist 18h Lash Extension Mascara
      
      
        
            
              
                MODERATE HAZARD
              Data Availability: Fair","https://www.ewg.org/skindeep/products/956218-Essence_Cosmetics_Volume_Stylist_18h_Lash_Extension_Mascara/","AQUA (WATER), CERA ALBA (BEESWAX), PARAFFIN, GLYCERYL STEARATE, STYRENE/ACRYLATES/AMMONIUM METHACRYLATE COPOLYMER, ORYZA SATIVA (RICE) CERA, BUTYLENE GLYCOL, PALMITIC ACID, ACACIA SENEGAL GUM , POLYBUTENE, COPERNICIA CERIFERA (CARNAUBA) WAX, AMINOMETHYL PROPANOL, STEARIC ACID, NYLON-12, PHENOXYETHANOL, VP/EICOSENE COPOLYMER, TOCOPHEROL, DIMETHICONE, POLYESTER-4, ETHYLHEXYLGLYCERIN, SODIUM LAURETH-12 SULFATE, CAPRYLYL GLYCOL, TETRASODIUM EDTA, POTASSIUM SORBATE, SODIUM DEHYDROACETATE, CI 77499 (IRON OXIDES)","Mascara","Essence","https://phorcys-static.ewg.org/cdn-cgi/image/width=560,height=800,quality=60/https://phorcys-static.ewg.org/image/contents/572517/original."
"1773504191-246","https://www.ewg.org/skindeep/browse/brands/12717-essence/","https://www.ewg.org/skindeep/browse/brands/12717-essence/?brand=Essence&page=13","it's Bubble Gum fun shiny lipgloss, 01 Bubble Gum Babes","Essence","https://phorcys-static.ewg.org/cdn-cgi/image/width=480,height=480,quality=60/https://phorcys-static.ewg.org/image/contents/820203/original.","Essence
         it's Bubble Gum fun shiny lipgloss, 01 Bubble Gum Babes
      
      
        
            
              
                MODERATE HAZARD
              Data Availability: Fair","https://www.ewg.org/skindeep/products/1993816-Essence_its_Bubble_Gum_fun_shiny_lipgloss_01_Bubble_Gum_Babes/","CAPRYLIC/CAPRIC TRIGLYCERIDE, POLYBUTENE, ETHYLHEXYL PALMITATE, HYDROGENATED POLYISOBUTENE, SILICA DIMETHYL SILYLATE, TOCOPHERYL ACETATE, MICA, PHENOXYETHANOL, PARFUM (FRAGRANCE), TIN OXIDE, CI 15850 (RED 7 LAKE), CI 77891 (TITANIUM DIOXIDE).","Lip Gloss","Essence","https://phorcys-static.ewg.org/cdn-cgi/image/width=560,height=800,quality=60/https://phorcys-static.ewg.org/image/contents/820203/original."
"1773504193-247","https://www.ewg.org/skindeep/browse/brands/12717-essence/","https://www.ewg.org/skindeep/browse/brands/12717-essence/?brand=Essence&page=13","aloha, babes! lip oil","Essence","https://phorcys-static.ewg.org/cdn-cgi/image/width=480,height=480,quality=60/https://phorcys-static.ewg.org/image/contents/856659/original.","Essence
         aloha, babes! lip oil
      
      
        
            
              
                MODERATE HAZARD
              Data Availability: Fair","https://www.ewg.org/skindeep/products/734049-Essence_aloha_babes_lip_oil/","HYDROGENATED POLYISOBUTENE, CETYL ETHYLHEXANOATE, SILICA DIMETHYL SILYLATE, TRIDECYL TRIMELLITATE, HELIANTHUS ANNUUS (SUNFLOWER) SEED OIL, SIMMONDSIA CHINENSIS (JOJOBA) SEED OIL, TOCOPHERYL ACETATE, SYNTHETIC FLUORPHLOGOPITE, CALCIUM ALUMINUM BOROSILICATE, PENTAERYTHRITYL TETRA-DI-T-BUTYL HYDROXYHYDROCINNAMATE, PHENOXYETHANOL, PARFUM (FRAGRANCE), TIN OXIDE, CI 77891 (TITANIUM DIOXIDE).","Lip Gloss","Essence","https://phorcys-static.ewg.org/cdn-cgi/image/width=560,height=800,quality=60/https://phorcys-static.ewg.org/image/contents/856659/original."
"1773504196-248","https://www.ewg.org/skindeep/browse/brands/12717-essence/","https://www.ewg.org/skindeep/browse/brands/12717-essence/?brand=Essence&page=13","Curl Fixing Lash Base, Blue","Essence","https://phorcys-static.ewg.org/cdn-cgi/image/width=480,height=480,quality=60/https://phorcys-static.ewg.org/image/contents/856694/original.","Essence
         Curl Fixing Lash Base, Blue
      
      
        
            
              
                MODERATE HAZARD
              Data Availability: Fair","https://www.ewg.org/skindeep/products/9604616-Essence_Curl_Fixing_Lash_Base_Blue/","ISODODECANE, DIMETHICONE, TRIMETHYLSILOXYSILICATE, CERA MICROCRISTALLINA (MICROCRYSTALLINE WAX), PARAFFIN, DEXTRIN PALMITATE/ETHYLHEXANOATE, ALCOHOL, TALC, DISTEARDIMONIUM HECTORITE, POLYISOBUTENE, ROSA CANINA FRUIT OIL, PRUNUS AMYGDALUS DULCIS (SWEET ALMOND) OIL, ARGANIA SPINOSA KERNEL OIL, SILICA, PROPYLENE CARBONATE, AQUA (WATER), SQUALANE, PHENOXYETHANOL, CI 77007 (ULTRAMARINES), CI 77491 (IRON OXIDES), CI 77492 (IRON OXIDES), CI 77499 (IRON OXIDES).","Mascara","Essence","https://phorcys-static.ewg.org/cdn-cgi/image/width=560,height=800,quality=60/https://phorcys-static.ewg.org/image/contents/856694/original."
"1773504199-249","https://www.ewg.org/skindeep/browse/brands/12717-essence/","https://www.ewg.org/skindeep/browse/brands/12717-essence/?brand=Essence&page=13","Cosmetics Get BIG! Lashes Volume Boost Mascara","Essence","https://phorcys-static.ewg.org/cdn-cgi/image/width=480,height=480,quality=60/https://phorcys-static.ewg.org/image/contents/572501/original.","Essence
         Cosmetics Get BIG! Lashes Volume Boost Mascara 
      
      
        
            
              
                MODERATE HAZARD
              Data Availability: Fair","https://www.ewg.org/skindeep/products/956202-Essence_Cosmetics_Get_BIG_Lashes_Volume_Boost_Mascara_/","AQUA (WATER), CERA ALBA (BEESWAX), NYLON-12, EUPHORBIA CERIFERA (CANDELILLA) WAX, GLYCERYL STEARATE, DECYL OLIVATE, HYDROGENATED OLIVE OIL STEARYL ESTERS, STEARIC ACID, COPERNICIA CERIFERA (CARNAUBA) WAX, PALMITIC ACID, TOCOPHEROL, PVP, HYDROXYETHYLCELLULOSE, POLYQUATERNIUM-10, ALLANTOIN, ETHYLHEXYLGLYCERIN, TBHQ, TETRASODIUM EDTA, SODIUM NITRATE, AMINOMETHYL PROPANOL, SODIUM HYDROXIDE, PHENOXYETHANOL, POTASSIUM SORBATE, CI 77499 (IRON OXIDES)","Mascara","Essence","https://phorcys-static.ewg.org/cdn-cgi/image/width=560,height=800,quality=60/https://phorcys-static.ewg.org/image/contents/572501/original."
"1773504202-250","https://www.ewg.org/skindeep/browse/brands/12717-essence/","https://www.ewg.org/skindeep/browse/brands/12717-essence/?brand=Essence&page=13","Volume Stylist 18H Lash Extension Mascara","Essence","https://phorcys-static.ewg.org/cdn-cgi/image/width=480,height=480,quality=60/https://phorcys-static.ewg.org/image/contents/659289/original.","Essence
         Volume Stylist 18H Lash Extension Mascara
      
      
        
            
              
                MODERATE HAZARD
              Data Availability: Fair","https://www.ewg.org/skindeep/products/1026085-Essence_Volume_Stylist_18H_Lash_Extension_Mascara/","AQUA (WATER), CERA ALBA (BEESWAX), PARAFFIN, GLYCERYL STEARATE, STYRENE/ACRYLATES/AMMONIUM METHACRYLATE COPOLYMER, ORYZA SATIVA (RICE) CERA, BUTYLENE GLYCOL, PALMITIC ACID, ACACIA SENEGAL GUM , POLYBUTENE, COPERNICIA CERIFERA (CARNAUBA) WAX, AMINOMETHYL PROPANOL, STEARIC ACID, NYLON-12, PHENOXYETHANOL, VP/EICOSENE COPOLYMER, TOCOPHEROL, DIMETHICONE, POLYESTER-4, ETHYLHEXYLGLYCERIN, SODIUM LAURETH-12 SULFATE, CAPRYLYL GLYCOL, TETRASODIUM EDTA, POTASSIUM SORBATE, SODIUM DEHYDROACETATE, CI 77499 (IRON OXIDES)","Mascara","Essence","https://phorcys-static.ewg.org/cdn-cgi/image/width=560,height=800,quality=60/https://phorcys-static.ewg.org/image/contents/659289/original."
"1773504205-251","https://www.ewg.org/skindeep/browse/brands/12717-essence/","https://www.ewg.org/skindeep/browse/brands/12717-essence/?brand=Essence&page=13","Dip Eyeliner, Black 01","Essence","https://phorcys-static.ewg.org/cdn-cgi/image/width=480,height=480,quality=60/https://phorcys-static.ewg.org/image/contents/856696/original.","Essence
         Dip Eyeliner, Black 01
      
      
        
            
              
                MODERATE HAZARD
              Data Availability: Fair","https://www.ewg.org/skindeep/products/7803647-Essence_Dip_Eyeliner_Black_01/","AQUA (WATER), PROPANEDIOL, AMMONIUM ACRYLATES COPOLYMER, GLYCERYL ROSINATE, ACRYLATES/ETHYLHEXYL ACRYLATE COPOLYMER, PVP, METHYLPROPANEDIOL, XANTHAN GUM, ETHYLHEXYLGLYCERIN, SIMETHICONE, CAPRYLYL GLYCOL, PHENYLPROPANOL, CELLULOSE, SODIUM SULFATE, PHENOXYETHANOL, SODIUM DEHYDROACETATE, CI 77266 (BLACK 2) (NANO), CI 77499 (IRON OXIDES).","Eye Liner","Essence","https://phorcys-static.ewg.org/cdn-cgi/image/width=560,height=800,quality=60/https://phorcys-static.ewg.org/image/contents/856696/original."
"1773504208-252","https://www.ewg.org/skindeep/browse/brands/12717-essence/","https://www.ewg.org/skindeep/browse/brands/12717-essence/?brand=Essence&page=13","what the fake! GLASS SHINE PLUMPING LIP FILLER","Essence","https://phorcys-static.ewg.org/cdn-cgi/image/width=480,height=480,quality=60/https://phorcys-static.ewg.org/image/contents/820146/original.","Essence
         what the fake! GLASS SHINE PLUMPING LIP FILLER
      
      
        
            
              
                MODERATE HAZARD
              Data Availability: Limited","https://www.ewg.org/skindeep/products/6950891-Essence_what_the_fake_GLASS_SHINE_PLUMPING_LIP_FILLER/","DIISOSTEARYL MALATE, POLYISOBUTENE, ETHYLHEXYL PALMITATE, TRIDECYL TRIMELLITATE, SIMMONDSIA CHINENSIS (JOJOBA) SEED OIL, LIMNANTHES ALBA (MEADOWFOAM) SEED OIL, TOCOPHERYL ACETATE, ZINGIBER OFFICINALE (GINGER) ROOT OIL, HYDROLYZED SODIUM HYALURONATE, MENTHA ARVENSIS LEAF/STEM OIL, SILICA, ETHYL MENTHANE CARBOXAMIDE, VANILLYL BUTYL ETHER, GLYCERYL BEHENATE, ETHYLHEXYLGLYCERIN, PHENOXYETHANOL, PARFUM (FRAGRANCE), CITRAL.","Lip Plumper","Essence","https://phorcys-static.ewg.org/cdn-cgi/image/width=560,height=800,quality=60/https://phorcys-static.ewg.org/image/contents/820146/original."
"1773504210-253","https://www.ewg.org/skindeep/browse/brands/12717-essence/","https://www.ewg.org/skindeep/browse/brands/12717-essence/?brand=Essence&page=13","Cosmetics Volume Stylist 18h Curl & Hold Mascara","Essence","https://phorcys-static.ewg.org/cdn-cgi/image/width=480,height=480,quality=60/https://phorcys-static.ewg.org/image/contents/572509/original.","Essence
         Cosmetics Volume Stylist 18h Curl & Hold Mascara
      
      
        
            
              
                MODERATE HAZARD
              Data Availability: Fair","https://www.ewg.org/skindeep/products/956210-Essence_Cosmetics_Volume_Stylist_18h_Curl__Hold_Mascara/","AQUA (WATER), CERA ALBA (BEESWAX), PARAFFIN, GLYCERYL STEARATE, STYRENE/ACRYLATES/AMMONIUM METHACRYLATE COPOLYMER, ORYZA SATIVA (RICE) CERA, BUTYLENE GLYCOL, PALMITIC ACID, ACACIA SENEGAL GUM , POLYBUTENE, COPERNICIA CERIFERA (CARNAUBA) WAX, AMINOMETHYL PROPANOL, STEARIC ACID, PHENOXYETHANOL, VP/EICOSENE COPOLYMER, TOCOPHEROL, DIMETHICONE, POLYESTER-4, ETHYLHEXYLGLYCERIN, SODIUM LAURETH-12 SULFATE, CAPRYLYL GLYCOL, TETRASODIUM EDTA, POTASSIUM SORBATE, SODIUM DEHYDROACETATE, CI 77499 (IRON OXIDES)","Mascara","Essence","https://phorcys-static.ewg.org/cdn-cgi/image/width=560,height=800,quality=60/https://phorcys-static.ewg.org/image/contents/572509/original."
"1773504213-254","https://www.ewg.org/skindeep/browse/brands/12717-essence/","https://www.ewg.org/skindeep/browse/brands/12717-essence/?brand=Essence&page=13","Hydra Kiss Lip Oil, Classy Glassy 07","Essence","https://phorcys-static.ewg.org/cdn-cgi/image/width=480,height=480,quality=60/https://phorcys-static.ewg.org/image/contents/856685/original.","Essence
         Hydra Kiss Lip Oil, Classy Glassy 07
      
      
        
            
              
                MODERATE HAZARD
              Data Availability: Limited","https://www.ewg.org/skindeep/products/3274061-Essence_Hydra_Kiss_Lip_Oil_Classy_Glassy_07/",": DIISOSTEARYL MALATE, POLYISOBUTENE, TRIDECYL TRIMELLITATE, SIMMONDSIA CHINENSIS (JOJOBA) SEED OIL, LIMNANTHES ALBA (MEADOWFOAM) SEED OIL, TOCOPHERYL ACETATE, HYDROLYZED SODIUM HYALURONATE, SILICA, GLYCERYL BEHENATE, ETHYLHEXYLGLYCERIN, PHENOXYETHANOL, PARFUM (FRAGRANCE), LINALOOL, CITRONELLOL, LIMONENE, CITRAL, GERANIOL.","Lip Gloss","Essence","https://phorcys-static.ewg.org/cdn-cgi/image/width=560,height=800,quality=60/https://phorcys-static.ewg.org/image/contents/856685/original."
"1773504216-255","https://www.ewg.org/skindeep/browse/brands/12717-essence/","https://www.ewg.org/skindeep/browse/brands/12717-essence/?brand=Essence&page=13","Brighten Up! Banana Powder, Bababanana 10","Essence","https://phorcys-static.ewg.org/cdn-cgi/image/width=480,height=480,quality=60/https://phorcys-static.ewg.org/image/contents/633492/original.","Essence
         Brighten Up! Banana Powder, Bababanana 10
      
      
        
            
              
                MODERATE HAZARD
              Data Availability: Fair","https://www.ewg.org/skindeep/products/1003219-Essence_Brighten_Up_Banana_Powder_Bababanana_10/","TALC, MICA, MAGNESIUM MYRISTATE, BORON NITRIDE, NYLON-12, CAPRYLIC/CAPRIC TRIGLYCERIDE, ETHYLHEXYL PALMITATE, BIS-DIGLYCERYL POLYACYLADIPATE-1, METHYL METHACRYLATE CROSSPOLYMER, CAPRYLYL GLYCOL, HEXYLENE GLYCOL, DIMETHICONE, AQUA (WATER), PHENOXYETHANOL, BENZYL ALCOHOL, DEHYDROACETIC ACID, CI 77491 (IRON OXIDES), CI 77492 (IRON OXIDES)","Facial Powder","Essence","https://phorcys-static.ewg.org/cdn-cgi/image/width=560,height=800,quality=60/https://phorcys-static.ewg.org/image/contents/633492/original."
"1773504219-256","https://www.ewg.org/skindeep/browse/brands/12717-essence/","https://www.ewg.org/skindeep/browse/brands/12717-essence/?brand=Essence&page=13",", Lighter Gradient Powder Blush, 03 Cassis Sunburst (2020...","Essence","https://phorcys-static.ewg.org/cdn-cgi/image/width=480,height=480,quality=60/https://static.ewg.org/skindeep/img/missing_images/sd_logo.png","Essence
         , Lighter Gradient Powder Blush, 03 Cassis Sunburst (2020...
      
      
        
            
              
                MODERATE HAZARD
              Data Availability: Fair","https://www.ewg.org/skindeep/products/941916-Essence_Essence_Lighter_Gradient_Powder_Blush_03_Cassis_Sunburst_2020_formulation/","MICA, TALC, CAPRYLIC/CAPRIC TRIGLYCERIDE, DIMETHICONE, SYNTHETIC FLUORPHLOGOPITE, BORON NITRIDE, MAGNESIUM STEARATE, ETHYLHEXYL PALMITATE, TIN OXIDE, ETHYLHEXYLGLYCERIN, PHENOXYETHANOL, CI 15850 (RED 7 LAKE), CI 16035 (RED 40 LAKE), CI 77491 (IRON OXIDES), CI 77492 (IRON OXIDES), CI 77499 (IRON OXIDES), CI 77891 (TITANIUM DIOXIDE).","Blush","Essence","https://phorcys-static.ewg.org/cdn-cgi/image/width=560,height=800,quality=60/https://static.ewg.org/skindeep/img/missing_images/sd_logo.png"
"1773504222-257","https://www.ewg.org/skindeep/browse/brands/12717-essence/","https://www.ewg.org/skindeep/browse/brands/12717-essence/?brand=Essence&page=13","Cosmetics All Eyes On Me Multi-Effect Mascara","Essence","https://phorcys-static.ewg.org/cdn-cgi/image/width=480,height=480,quality=60/https://phorcys-static.ewg.org/image/contents/572515/original.","Essence
         Cosmetics All Eyes On Me Multi-Effect Mascara
      
      
        
            
              
                MODERATE HAZARD
              Data Availability: Fair","https://www.ewg.org/skindeep/products/956216-Essence_Cosmetics_All_Eyes_On_Me_MultiEffect_Mascara/","AQUA (WATER), SYNTHETIC BEESWAX, GLYCERYL STEARATE, CERA MICROCRISTALLINA (MICROCRYSTALLINE WAX), COPERNICIA CERIFERA (CARNAUBA) WAX, ACRYLATES COPOLYMER, C18-36 ACID TRIGLYCERIDE, STEARIC ACID, PALMITIC ACID, ACACIA SENEGAL GUM, BUTYLENE GLYCOL, AMINOMETHYL PROPANOL, PANTHENOL, HYDROXYETHYLCELLULOSE, MYRISTIC ACID, ARACHIDIC ACID, BEHENIC ACID, PROPYLENE GLYCOL, OLEIC ACID, LAURETH-21, PHENOXYETHANOL, SODIUM DEHYDROACETATE, CI 77266 (BLACK 2) (NANO), CI 77499 (IRON OXIDES).","Mascara","Essence","https://phorcys-static.ewg.org/cdn-cgi/image/width=560,height=800,quality=60/https://phorcys-static.ewg.org/image/contents/572515/original."
"1773504225-258","https://www.ewg.org/skindeep/browse/brands/12717-essence/","https://www.ewg.org/skindeep/browse/brands/12717-essence/?brand=Essence&page=12","soft & precise lip pencil, 204| My Way","Essence","https://phorcys-static.ewg.org/cdn-cgi/image/width=480,height=480,quality=60/https://phorcys-static.ewg.org/image/contents/856770/original.","Essence
         soft & precise lip pencil, 204| My Way
      
      
        
            
              
                LOW HAZARD
              Data Availability: Fair","https://www.ewg.org/skindeep/products/2086409-Essence_soft__precise_lip_pencil_204_My_Way/",": C10-18 TRIGLYCERIDES, MICA, HYDROGENATED VEGETABLE OIL, CAPRYLIC/CAPRIC TRIGLYCERIDE, SYNTHETIC JAPAN WAX, TOCOPHEROL, KAOLIN, ASCORBYL PALMITATE, CI 15850 (RED 7), CI 77491 (IRON OXIDES), CI 77492 (IRON OXIDES), CI 77742 (MANGANESE VIOLET), CI 77891 (TITANIUM DIOXIDE).","Lip Liner","Essence","https://phorcys-static.ewg.org/cdn-cgi/image/width=560,height=800,quality=60/https://phorcys-static.ewg.org/image/contents/856770/original."
"1773504227-259","https://www.ewg.org/skindeep/browse/brands/12717-essence/","https://www.ewg.org/skindeep/browse/brands/12717-essence/?brand=Essence&page=12","lash WITHOUT LIMITS WATERPROOF EXTREME LENGTHENING & VOLUME...","Essence","https://phorcys-static.ewg.org/cdn-cgi/image/width=480,height=480,quality=60/https://phorcys-static.ewg.org/image/contents/820133/original.","Essence
         lash WITHOUT LIMITS WATERPROOF EXTREME LENGTHENING & VOLUME...
      
      
        
            
              
                LOW HAZARD
              Data Availability: Fair","https://www.ewg.org/skindeep/products/1522635-Essence_lash_WITHOUT_LIMITS_WATERPROOF_EXTREME_LENGTHENING__VOLUME_MASCARA_03_Black_Waterproof/","ISODODECANE, CERA MICROCRISTALLINA (MICROCRYSTALLINE WAX), AQUA (WATER), EUPHORBIA CERIFERA CERA (EUPHORBIA CERIFERA (CANDELILLA) WAX), TRIMETHYLSILOXYSILICATE, KAOLIN, VP/EICOSENE COPOLYMER, COPERNICIA CERIFERA CERA (COPERNICIA CERIFERA (CARNAUBA) WAX), DISTEARDIMONIUM HECTORITE, BUTYLENE GLYCOL, SILICA, SORBITAN ISOSTEARATE, RICINUS COMMUNIS (CASTOR) SEED OIL, TOCOPHEROL, PROPYLENE CARBONATE, TRIMETHYL PENTANYL DIISOBUTYRATE, ETHYLHEXYLGLYCERIN, PHENOXYETHANOL, POTASSIUM SORBATE, CI 77499 (IRON OXIDES).","Mascara","Essence","https://phorcys-static.ewg.org/cdn-cgi/image/width=560,height=800,quality=60/https://phorcys-static.ewg.org/image/contents/820133/original."
"1773504230-260","https://www.ewg.org/skindeep/browse/brands/12717-essence/","https://www.ewg.org/skindeep/browse/brands/12717-essence/?brand=Essence&page=12","Kissed by the Light Illuminating Powder, Sun Kissed 02","Essence","https://phorcys-static.ewg.org/cdn-cgi/image/width=480,height=480,quality=60/https://phorcys-static.ewg.org/image/contents/626079/original.","Essence
         Kissed by the Light Illuminating Powder, Sun Kissed 02
      
      
        
            
              
                LOW HAZARD
              Data Availability: Limited","https://www.ewg.org/skindeep/products/995790-Essence_Kissed_by_the_Light_Illuminating_Powder_Sun_Kissed_02/","SYNTHETIC FLUORPHLOGOPITE, TALC, MICA, MAGNESIUM STEARATE, CAPRYLIC/ CAPRIC TRIGLYCERIDE, METHYL HYDROGENATED ROSINATE, TRIDECYL TRIMELLITATE, BIS-DIGLY CERYL POLYACYLADIPATE-2, PHENOXYETHANOL, MAY CONTAIN/[+/-]: CI 15850 (RED 6), CI 77491, CI 77492, CI 77499 (IRON OXIDES). AND SYNTHETIC FLUORPHLOGOPITE, TALC, MICA, MAGNESIUM STEARATE, BIS-DIGLYCERYL POLYACYLADIPATE-2, CAPRYLIC/CAPRIC TRIGLYCERIDE, METHYL HYDROGENATED ROSINATE, TRIDECYL TRIMELLITATE, PHENOXYETHANOL, CI 15850 (RED 6), CI 77491, CI 77499 (IRON OXIDES), CI 77891 (TITANIUM DIOXIDE).","Bronzer/Highlighter","Essence","https://phorcys-static.ewg.org/cdn-cgi/image/width=560,height=800,quality=60/https://phorcys-static.ewg.org/image/contents/626079/original."
"1773504232-261","https://www.ewg.org/skindeep/browse/brands/12717-essence/","https://www.ewg.org/skindeep/browse/brands/12717-essence/?brand=Essence&page=12","DROP OF sunshine HIGHLIGHTING DROPS","Essence","https://phorcys-static.ewg.org/cdn-cgi/image/width=480,height=480,quality=60/https://phorcys-static.ewg.org/image/contents/820145/original.","Essence
         DROP OF sunshine HIGHLIGHTING DROPS
      
      
        
            
              
                LOW HAZARD
              Data Availability: Fair","https://www.ewg.org/skindeep/products/4713859-Essence_DROP_OF_sunshine_HIGHLIGHTING_DROPS/","AQUA (WATER), HYDROGENATED POLYISOBUTENE, GLYCERIN, SYNTHETIC FLUORPHLOGOPITE, NIACINAMIDE, GLYCERYL CITRATE/LACTATE/LINOLEATE/OLEATE, TOCOPHEROL, SODIUM HYALURONATE, LAURYL GLUCOSIDE, POLYGLYCERYL-6 LAURATE, AMMONIUM ACRYLOYLDIMETHYLTAURATE/VP COPOLYMER, MYRISTYL GLUCOSIDE, ETHYLHEXYLGLYCERIN, XANTHAN GUM, CITRIC ACID, SODIUM CITRATE, PHENOXYETHANOL, TIN OXIDE, CI 77491 (IRON OXIDES), CI 77492 (IRON OXIDES), CI 77891 (TITANIUM DIOXIDE).","Bronzer/Highlighter","Essence","https://phorcys-static.ewg.org/cdn-cgi/image/width=560,height=800,quality=60/https://phorcys-static.ewg.org/image/contents/820145/original."
"1773504235-262","https://www.ewg.org/skindeep/browse/brands/12717-essence/","https://www.ewg.org/skindeep/browse/brands/12717-essence/?brand=Essence&page=12","Cosmetics Make Me Brow Eyebrow Gel Mascara","Essence","https://phorcys-static.ewg.org/cdn-cgi/image/width=480,height=480,quality=60/https://phorcys-static.ewg.org/image/contents/572513/original.","Essence
         Cosmetics Make Me Brow Eyebrow Gel Mascara
      
      
        
            
              
                LOW HAZARD
              Data Availability: Fair","https://www.ewg.org/skindeep/products/956214-Essence_Cosmetics_Make_Me_Brow_Eyebrow_Gel_Mascara/","AQUA (WATER), ALCOHOL DENAT., VP/VA COPOLYMER, GLYCERIN, ACRYLATES/C10-30 ALKYL 
ACRYLATE CROSSPOLYMER, BUTYLENE GLYCOL, CAPRYLYL GLYCOL,  1,2-HEXANEDIOL, NYLON-6, DISODIUM EDTA, 
GALACTOARABINAN, TROPOLONE, SODIUM HYDROXIDE, MICA, SILICA, CI 77491, CI 77492, CI 77499 (IRON OXIDES), 
CI 77891 (TITANIUM DIOXIDE)","Mascara","Essence","https://phorcys-static.ewg.org/cdn-cgi/image/width=560,height=800,quality=60/https://phorcys-static.ewg.org/image/contents/572513/original."
"1773504238-263","https://www.ewg.org/skindeep/browse/brands/12717-essence/","https://www.ewg.org/skindeep/browse/brands/12717-essence/?brand=Essence&page=12","soft & precise lip pencil, 101| my choice","Essence","https://phorcys-static.ewg.org/cdn-cgi/image/width=480,height=480,quality=60/https://phorcys-static.ewg.org/image/contents/856768/original.","Essence
         soft & precise lip pencil, 101| my choice
      
      
        
            
              
                LOW HAZARD
              Data Availability: Fair","https://www.ewg.org/skindeep/products/8163895-Essence_soft__precise_lip_pencil_101_my_choice/",": C10-18 TRIGLYCERIDES, MICA, TALC, HYDROGENATED VEGETABLE OIL, CAPRYLIC/CAPRIC TRIGLYCERIDE, SYNTHETIC JAPAN WAX, TOCOPHEROL, ASCORBYL PALMITATE, CI 15850 (RED 7), CI 77491 (IRON OXIDES), CI 77492 (IRON OXIDES), CI 77499 (IRON OXIDES), CI 77891 (TITANIUM DIOXIDE).","Lip Liner","Essence","https://phorcys-static.ewg.org/cdn-cgi/image/width=560,height=800,quality=60/https://phorcys-static.ewg.org/image/contents/856768/original."
"1773504240-264","https://www.ewg.org/skindeep/browse/brands/12717-essence/","https://www.ewg.org/skindeep/browse/brands/12717-essence/?brand=Essence&page=12","MY HEART BEATS DISCO dip eyeliner, 01 Silver Lights Disco...","Essence","https://phorcys-static.ewg.org/cdn-cgi/image/width=480,height=480,quality=60/https://phorcys-static.ewg.org/image/contents/820240/original.","Essence
         MY HEART BEATS DISCO dip eyeliner, 01 Silver Lights Disco...
      
      
        
            
              
                LOW HAZARD
              Data Availability: Fair","https://www.ewg.org/skindeep/products/2980149-Essence_MY_HEART_BEATS_DISCO_dip_eyeliner_01_Silver_Lights_Disco_Nights/","AQUA (WATER), SYNTHETIC FLUORPHLOGOPITE, PROPYLENE GLYCOL, XANTHAN GUM, PENTYLENE GLYCOL, PVP, MICA, CAPRYLYL GLYCOL, ETHYLHEXYLGLYCERIN, SODIUM HYDROXIDE, PHENOXYETHANOL, TIN OXIDE, CI 77499 (IRON OXIDES), CI 77891 (TITANIUM DIOXIDE).","Eye Liner","Essence","https://phorcys-static.ewg.org/cdn-cgi/image/width=560,height=800,quality=60/https://phorcys-static.ewg.org/image/contents/820240/original."
"1773504243-265","https://www.ewg.org/skindeep/browse/brands/12717-essence/","https://www.ewg.org/skindeep/browse/brands/12717-essence/?brand=Essence&page=12","Wow What a Brow Pen, Dark Brown 03","Essence","https://phorcys-static.ewg.org/cdn-cgi/image/width=480,height=480,quality=60/https://static.ewg.org/skindeep/img/missing_images/sd_logo.png","Essence
         Wow What a Brow Pen, Dark Brown 03
      
      
        
            
              
                LOW HAZARD
              Data Availability: Fair","https://www.ewg.org/skindeep/products/1043774-Essence_Wow_What_a_Brow_Pen_Dark_Brown_03/","EUPHORBIA CERIFERA (CANDELILLA) WAX, RICINUS COMMUNIS(CASTOR)SEED OIL, OCTYLDODECANOL, CALCIUM CARBONATE, COPERNICIA CERIFERA (CARNAUBA) WAX, SYNTHETIC FLUORPHLOGOPITE, OLEA EUROPAEA (OLIVE) OIL UNSAPONIFIABLES, OLEA EUROPEA (OLIVE) FRUIT OIL, HYDROGENATED OLIVE OIL, GLYCERYL CAPRYLATE, SYNTHETIC BEESWAX, PENTAERYTHRITYL TETRA-DI-T-BUTYL HYDROXYHYDROCINNA-MATE, ALUMINUM HYDROXIDE, BENZYL ALCOHOL, CI 77491 (IRON OXIDES), CI 77492(IRON OXIDES), CI 77499 (IRON OXIDES), CI 77891 (TITANIUM DIOXIDE)","Brow Liner","Essence","https://phorcys-static.ewg.org/cdn-cgi/image/width=560,height=800,quality=60/https://static.ewg.org/skindeep/img/missing_images/sd_logo.png"
"1773504246-266","https://www.ewg.org/skindeep/browse/brands/12717-essence/","https://www.ewg.org/skindeep/browse/brands/12717-essence/?brand=Essence&page=12","NATURAL MATTE MOUSSE FOUNDATION, 01","Essence","https://phorcys-static.ewg.org/cdn-cgi/image/width=480,height=480,quality=60/https://phorcys-static.ewg.org/image/contents/856834/original.","Essence
         NATURAL MATTE MOUSSE FOUNDATION, 01
      
      
        
            
              
                LOW HAZARD
              Data Availability: Fair","https://www.ewg.org/skindeep/products/1704412-Essence_NATURAL_MATTE_MOUSSE_FOUNDATION_01/",": DIMETHICONE, ISODODECANE, DIMETHICONE CROSSPOLYMER, CETYL DIGLYCERYL TRIS(TRIMETHYLSILOXY)SILYLETHYL DIMETHICONE, HYDROGENATED CASTOR OIL, SILICA, TRIMETHYLSILOXYSILICATE, CALCIUM CARBONATE, MICA, C30-45 ALKYL DIMETHICONE, TOCOPHEROL, HELIANTHUS ANNUUS (SUNFLOWER) SEED OIL, STEARYL DIMETHICONE, DISTEARDIMONIUM HECTORITE, METHICONE, ETHYLHEXYLGLYCERIN, OCTADECENE, PROPYLENE CARBONATE, HEXADECENE, TALC, CI 77491 (IRON OXIDES), CI 77492 (IRON OXIDES), CI 77499 (IRON OXIDES), CI 77891 (TITANIUM DIOXIDE).","Foundation","Essence","https://phorcys-static.ewg.org/cdn-cgi/image/width=560,height=800,quality=60/https://phorcys-static.ewg.org/image/contents/856834/original."
"1773504249-267","https://www.ewg.org/skindeep/browse/brands/12717-essence/","https://www.ewg.org/skindeep/browse/brands/12717-essence/?brand=Essence&page=12","eyebrow designer, 04| blonde","Essence","https://phorcys-static.ewg.org/cdn-cgi/image/width=480,height=480,quality=60/https://phorcys-static.ewg.org/image/contents/856732/original.","Essence
         eyebrow designer, 04| blonde
      
      
        
            
              
                LOW HAZARD
              Data Availability: Fair","https://www.ewg.org/skindeep/products/7192524-Essence_eyebrow_designer_04_blonde/","HYDROGENATED COCO-GLYCERIDES, TALC, MICA, HYDROGENATED CASTOR OIL, GLYCERYL RICINOLEATE, HYDROGENATED VEGETABLE OIL, SYNTHETIC WAX, RICINUS COMMUNIS (CASTOR) SEED OIL, TOCOPHEROL, CI 77491 (IRON OXIDES), CI 77492 (IRON OXIDES), CI 77499 (IRON OXIDES), CI 77891 (TITANIUM DIOXIDE).","Brow Liner","Essence","https://phorcys-static.ewg.org/cdn-cgi/image/width=560,height=800,quality=60/https://phorcys-static.ewg.org/image/contents/856732/original."
"1773504251-268","https://www.ewg.org/skindeep/browse/brands/12717-essence/","https://www.ewg.org/skindeep/browse/brands/12717-essence/?brand=Essence&page=12","make me brow eyebrow gel mascara, browny brows 02","Essence","https://phorcys-static.ewg.org/cdn-cgi/image/width=480,height=480,quality=60/https://phorcys-static.ewg.org/image/contents/848787/original.","Essence
         make me brow eyebrow gel mascara, browny brows 02
      
      
        
            
              
                LOW HAZARD
              Data Availability: Fair","https://www.ewg.org/skindeep/products/5424686-Essence_make_me_brow_eyebrow_gel_mascara_browny_brows_02/","AQUA (WATER), ALCOHOL DENAT., VP/VA COPOLYMER, CARBOMER, GLYCERIN, TROPOLONE, BUTYLENE GLYCOL, MICA, CELLULOSE, CAPRYLYL GLYCOL, 1,2-HEXANEDIOL, HYDROXYACETOPHENONE, GALACTOARABINAN, SODIUM HYDROXIDE, CI 77491 (IRON OXIDES), CI 77492 (IRON OXIDES), CI 77499 (IRON OXIDES), CI 77891 (TITANIUM DIOXIDE).","Brow Liner","Essence","https://phorcys-static.ewg.org/cdn-cgi/image/width=560,height=800,quality=60/https://phorcys-static.ewg.org/image/contents/848787/original."
"1773504254-269","https://www.ewg.org/skindeep/browse/brands/12717-essence/","https://www.ewg.org/skindeep/browse/brands/12717-essence/?brand=Essence&page=12","Lash Princess Volume Mascara","Essence","https://phorcys-static.ewg.org/cdn-cgi/image/width=480,height=480,quality=60/https://phorcys-static.ewg.org/image/contents/643363/original.","Essence
         Lash Princess Volume Mascara
      
      
        
            
              
                LOW HAZARD
              Data Availability: Fair","https://www.ewg.org/skindeep/products/1057018-Essence_Lash_Princess_Volume_Mascara/","Aqua (Water), Synthetic Beeswax, Paraffin, Copernicia Cerifera (Carnauba) Wax, Acacia Senegal Gum, Stearic Acid, Palmitic Acid, Cera Microcristallina (Microcrystalline Wax), Hydrogenated Lecithin, Aminomethyl Propanediol, Glycerin, Magnesium Silicate, Hydroxyethylcellulose, Ethylhexylglycerin, Phenoxyethanol, Ci 77499 (Iron Oxides)","Mascara","Essence","https://phorcys-static.ewg.org/cdn-cgi/image/width=560,height=800,quality=60/https://phorcys-static.ewg.org/image/contents/643363/original."
"1773504257-270","https://www.ewg.org/skindeep/browse/brands/12717-essence/","https://www.ewg.org/skindeep/browse/brands/12717-essence/?brand=Essence&page=11","Blush Crush!, Pink Pop 50","Essence","https://phorcys-static.ewg.org/cdn-cgi/image/width=480,height=480,quality=60/https://phorcys-static.ewg.org/image/contents/803105/original.","Essence
         Blush Crush!, Pink Pop 50
      
      
        
            
              
                LOW HAZARD
              Data Availability: Fair","https://www.ewg.org/skindeep/products/1446587-Essence_Blush_Crush_Pink_Pop_50/","MICA, SYNTHETIC FLUORPHLOGOPITE, DIMETHICONE, ETHYLHEXYL PALMITATE, TOCOPHERYL ACETATE, C10-18 TRIGLYCERIDES, ETHYLHEXYLGLYCERIN, SILICA, KAOLIN, PHENOXYETHANOL, CI 15850 (RED 7 LAKE), CI 77007 (ULTRAMARINES), CI 77891 (TITANIUM DIOXIDE).","Blush","Essence","https://phorcys-static.ewg.org/cdn-cgi/image/width=560,height=800,quality=60/https://phorcys-static.ewg.org/image/contents/803105/original."
"1773504259-271","https://www.ewg.org/skindeep/browse/brands/12717-essence/","https://www.ewg.org/skindeep/browse/brands/12717-essence/?brand=Essence&page=11","Pure Nude Baked Blush, Goldy Cassis 03","Essence","https://phorcys-static.ewg.org/cdn-cgi/image/width=480,height=480,quality=60/https://phorcys-static.ewg.org/image/contents/803107/original.","Essence
         Pure Nude Baked Blush, Goldy Cassis 03
      
      
        
            
              
                LOW HAZARD
              Data Availability: Fair","https://www.ewg.org/skindeep/products/8969614-Essence_Pure_Nude_Baked_Blush_Goldy_Cassis_03/","MICA, ZEA MAYS (CORN) STARCH, OCTYLDODECANOL, SYNTHETIC FLUORPHLOGOPITE, OCTYLDODECYL STEAROYL STEARATE, CETEARYL ETHYLHEXANOATE, TROPOLONE, CAPRYLYL GLYCOL, 1,2-HEXANEDIOL, SILICA, TIN OXIDE, KAOLIN, XANTHAN GUM, CI 15850 (RED 7 LAKE), CI 77007 (ULTRAMARINES), CI 77491 (IRON OXIDES), CI 77891 (TITANIUM DIOXIDE).","Blush","Essence","https://phorcys-static.ewg.org/cdn-cgi/image/width=560,height=800,quality=60/https://phorcys-static.ewg.org/image/contents/803107/original."
"1773504262-272","https://www.ewg.org/skindeep/browse/brands/12717-essence/","https://www.ewg.org/skindeep/browse/brands/12717-essence/?brand=Essence&page=11","Brighten Up! Banana Powder, Bababanana 20","Essence","https://phorcys-static.ewg.org/cdn-cgi/image/width=480,height=480,quality=60/https://phorcys-static.ewg.org/image/contents/708957/original.","Essence
         Brighten Up! Banana Powder, Bababanana 20
      
      
        
            
              
                LOW HAZARD
              Data Availability: Limited","https://www.ewg.org/skindeep/products/1066796-Essence_Brighten_Up_Banana_Powder_Bababanana_20/","MICA, KAOLIN, MAGNESIUM STEARATE, CAPRYLIC/CAPRIC TRIGLYCERIDE, SYNTHETIC FLUORPHLOGOPITE, COPERNICIA CERIFERA CERA (COPERNICIA CERIFERA (CARNAUBA) WAX), ISOCETYL STEAROYL STEARATE, SACCHAROMYCES FERMENT, CAPRYLYL GLYCOL, GLYCERYL CAPRYLATE, PENTYLENE GLYCOL, HEXYLENE GLYCOL, MAGNOLIA OFFICINALIS BARK EXTRACT, PHENOXYETHANOL, POTASSIUM SORBATE, SODIUM BENZOATE, CI 77491 (IRON OXIDES), CI 77492 (IRON OXIDES), CI 77891 (TITANIUM DIOXIDE)","Facial Powder","Essence","https://phorcys-static.ewg.org/cdn-cgi/image/width=560,height=800,quality=60/https://phorcys-static.ewg.org/image/contents/708957/original."
"1773504264-273","https://www.ewg.org/skindeep/browse/brands/12717-essence/","https://www.ewg.org/skindeep/browse/brands/12717-essence/?brand=Essence&page=11","LOVE IT A CHOCO' LOT! eyeshadow stick, 01 Chocolate Lover...","Essence","https://phorcys-static.ewg.org/cdn-cgi/image/width=480,height=480,quality=60/https://phorcys-static.ewg.org/image/contents/820196/original.","Essence
         LOVE IT A CHOCO' LOT! eyeshadow stick, 01 Chocolate Lover...
      
      
        
            
              
                LOW HAZARD
              Data Availability: Limited","https://www.ewg.org/skindeep/products/6052807-Essence_LOVE_IT_A_CHOCO_LOT_eyeshadow_stick_01_Chocolate_Lover_For_Life/","RICINUS COMMUNIS (CASTOR) SEED OIL, SQUALANE, MICA, KAOLIN, HYDROGENATED OLIVE OIL STEARYL ESTERS, OLEIC/LINOLEIC/LINOLENIC POLYGLYCERIDES, SORBITAN OLIVATE, HYDROGENATED CASTOR OIL BEHENYL ESTERS, COPERNICIA CERIFERA CERA (COPERNICIA CERIFERA (CARNAUBA) WAX), MYRISTYL MYRISTATE, SIMMONDSIA CHINENSIS (JOJOBA) SEED OIL, TOCOPHEROL, PERSEA GRATISSIMA (AVOCADO) OIL, BISABOLOL, HYDROGENATED VEGETABLE OIL, CI 77491 (IRON OXIDES), CI 77499 (IRON OXIDES), CI 77891 (TITANIUM DIOXIDE).","Eye Shadow","Essence","https://phorcys-static.ewg.org/cdn-cgi/image/width=560,height=800,quality=60/https://phorcys-static.ewg.org/image/contents/820196/original."
"1773504267-274","https://www.ewg.org/skindeep/browse/brands/12717-essence/","https://www.ewg.org/skindeep/browse/brands/12717-essence/?brand=Essence&page=11","Cosmetics All Eyes On Me Waterproof Mascara","Essence","https://phorcys-static.ewg.org/cdn-cgi/image/width=480,height=480,quality=60/https://phorcys-static.ewg.org/image/contents/572514/original.","Essence
         Cosmetics All Eyes On Me Waterproof Mascara 
      
      
        
            
              
                LOW HAZARD
              Data Availability: Fair","https://www.ewg.org/skindeep/products/956215-Essence_Cosmetics_All_Eyes_On_Me_Waterproof_Mascara_/","AQUA (WATER), CERA ALBA (BEESWAX), COPERNICIA CERIFERA (CARNAUBA) WAX, C30-45 ALKYL DIMETHICONE, HELIANTHUS ANNUUS (SUNFLOWER) SEED WAX, PROPYLENE GLYCOL, STEARIC ACID, PALMITIC ACID, NYLON-12, ACRYLATES COPOLYMER, AMINOMETHYL PROPANOL, ACRYLATES/ETHYLHEXYL ACRYLATE COPOLYMER, CAPRYLYL GLYCOL, HYDROXYETHYLCELLULOSE, MYRISTIC ACID, ARACHIDIC ACID, BEHENIC ACID, LAURETH-21, OLEIC ACID, PHENOXYETHANOL, SODIUM DEHYDROACETATE, CI 77499 (IRON OXIDES).","Mascara","Essence","https://phorcys-static.ewg.org/cdn-cgi/image/width=560,height=800,quality=60/https://phorcys-static.ewg.org/image/contents/572514/original."
"1773504270-275","https://www.ewg.org/skindeep/browse/brands/12717-essence/","https://www.ewg.org/skindeep/browse/brands/12717-essence/?brand=Essence&page=11","CONTOURING duo stick, fair 10","Essence","https://phorcys-static.ewg.org/cdn-cgi/image/width=480,height=480,quality=60/https://phorcys-static.ewg.org/image/contents/820214/original.","Essence
         CONTOURING duo stick, fair 10
      
      
        
            
              
                LOW HAZARD
              Data Availability: Fair","https://www.ewg.org/skindeep/products/5782745-Essence_CONTOURING_duo_stick_fair_10/","CAPRYLIC/CAPRIC TRIGLYCERIDE, EUPHORBIA CERIFERA CERA (EUPHORBIA CERIFERA (CANDELILLA) WAX), POLYBUTENE, ETHYLHEXYL PALMITATE, DIISOSTEARYL MALATE, HELIANTHUS ANNUUS (SUNFLOWER) SEED WAX, BIS-DIGLYCERYL POLYACYLADIPATE-2, SILICA, ALUMINUM STARCH OCTENYLSUCCINATE, TOCOPHERYL ACETATE, ETHYLHEXYLGLYCERIN, PHENOXYETHANOL, MAY CONTAIN/[+/-]: CI 77491, CI 77492, CI 77499 (IRON OXIDE), CI 77891 (TITANIUM DIOXIDE)","Bronzer/Highlighter","Essence","https://phorcys-static.ewg.org/cdn-cgi/image/width=560,height=800,quality=60/https://phorcys-static.ewg.org/image/contents/820214/original."
"1773504273-276","https://www.ewg.org/skindeep/browse/brands/12717-essence/","https://www.ewg.org/skindeep/browse/brands/12717-essence/?brand=Essence&page=11","make me brow eyebrow gel mascara, ebony brows 06","Essence","https://phorcys-static.ewg.org/cdn-cgi/image/width=480,height=480,quality=60/https://phorcys-static.ewg.org/image/contents/856746/original.","Essence
         make me brow eyebrow gel mascara, ebony brows 06
      
      
        
            
              
                LOW HAZARD
              Data Availability: Fair","https://www.ewg.org/skindeep/products/8889619-Essence_make_me_brow_eyebrow_gel_mascara_ebony_brows_06/","AQUA (WATER), ALCOHOL DENAT., VP/VA COPOLYMER, CARBOMER, GLYCERIN, TROPOLONE, BUTYLENE GLYCOL, MICA, CELLULOSE, CAPRYLYL GLYCOL, 1,2-HEXANEDIOL, HYDROXYACETOPHENONE, GALACTOARABINAN, SODIUM HYDROXIDE, CI 77491 (IRON OXIDES), CI 77492 (IRON OXIDES), CI 77499 (IRON OXIDES), CI 77891 (TITANIUM DIOXIDE).","Brow Liner","Essence","https://phorcys-static.ewg.org/cdn-cgi/image/width=560,height=800,quality=60/https://phorcys-static.ewg.org/image/contents/856746/original."
"1773504275-277","https://www.ewg.org/skindeep/browse/brands/12717-essence/","https://www.ewg.org/skindeep/browse/brands/12717-essence/?brand=Essence&page=11","Lash & Brow Gel Mascara","Essence","https://phorcys-static.ewg.org/cdn-cgi/image/width=480,height=480,quality=60/https://phorcys-static.ewg.org/image/contents/662863/original.","Essence
         Lash & Brow Gel Mascara
      
      
        
            
              
                LOW HAZARD
              Data Availability: Fair","https://www.ewg.org/skindeep/products/537200-Essence_Lash__Brow_Gel_Mascara/","AQUA (WATER), GLYCERIN, PROPYLENE GLYCOL, PANTHENOL, CARBOMER, ACRYLATES COPOLYMER, ETHYLHEXYLGLYCERIN, SODIUM HYDROXIDE, PHENOXYETHANOL","Brow Liner","Essence","https://phorcys-static.ewg.org/cdn-cgi/image/width=560,height=800,quality=60/https://phorcys-static.ewg.org/image/contents/662863/original."
"1773504278-278","https://www.ewg.org/skindeep/browse/brands/12717-essence/","https://www.ewg.org/skindeep/browse/brands/12717-essence/?brand=Essence&page=11","CORRECT & CONCEAL under eye brightening concealer, 40 Deep","Essence","https://phorcys-static.ewg.org/cdn-cgi/image/width=480,height=480,quality=60/https://phorcys-static.ewg.org/image/contents/820212/original.","Essence
         CORRECT & CONCEAL under eye brightening concealer, 40 Deep
      
      
        
            
              
                LOW HAZARD
              Data Availability: Fair","https://www.ewg.org/skindeep/products/5187145-Essence_CORRECT__CONCEAL_under_eye_brightening_concealer_40_Deep/","AQUA (WATER), ISONONYL ISONONANOATE, COCONUT ALKANES, GLYCERIN, TRIETHYLHEXANOIN, MAGNESIUM SULFATE, POLYGLYCERYL-4 DIISOSTEARATE/POLYHYDROXYSTEARATE/SEBACATE, DIISOSTEAROYL POLYGLYCERYL-3 DIMER DILINOLEATE, DISTEARDIMONIUM HECTORITE, ALOE BARBADENSIS LEAF JUICE, STEAROYL INULIN, HYDROGENATED LECITHIN, PROPYLENE CARBONATE, ETHYLHEXYLGLYCERIN, PHENOXYETHANOL, POTASSIUM SORBATE, SODIUM BENZOATE, ALUMINUM HYDROXIDE, CI 77491 (IRON OXIDES), CI 77492 (IRON OXIDES), CI 77499 (IRON OXIDES), CI 77891 (TITANIUM DIOXIDE).","Concealer","Essence","https://phorcys-static.ewg.org/cdn-cgi/image/width=560,height=800,quality=60/https://phorcys-static.ewg.org/image/contents/820212/original."
"1773504281-279","https://www.ewg.org/skindeep/browse/brands/12717-essence/","https://www.ewg.org/skindeep/browse/brands/12717-essence/?brand=Essence&page=11","long lasting eye pencil, Deep-sea Baby 26","Essence","https://phorcys-static.ewg.org/cdn-cgi/image/width=480,height=480,quality=60/https://phorcys-static.ewg.org/image/contents/856728/original.","Essence
         long lasting eye pencil, Deep-sea Baby 26
      
      
        
            
              
                LOW HAZARD
              Data Availability: Fair","https://www.ewg.org/skindeep/products/7183286-Essence_long_lasting_eye_pencil_Deepsea_Baby_26/","METHYL TRIMETHICONE, ORYZA SATIVA (RICE) BRAN WAX, TRIMETHYLSILOXYSILICATE, OCTYLDODECANOL, SYNTHETIC FLUORPHLOGOPITE, MICA, ACRYLATES/DIMETHICONE COPOLYMER, DISTEARDIMONIUM HECTORITE, PENTAERYTHRITYL TETRA-DI-T-BUTYL HYDROXYHYDROCINNAMATE, TIN OXIDE, PROPYLENE CARBONATE, CI 77499 (IRON OXIDES), CI 77510 (FERRIC FERROCYANIDE), CI 77891 (TITANIUM DIOXIDE).","Eye Liner","Essence","https://phorcys-static.ewg.org/cdn-cgi/image/width=560,height=800,quality=60/https://phorcys-static.ewg.org/image/contents/856728/original."
"1773504283-280","https://www.ewg.org/skindeep/browse/brands/12717-essence/","https://www.ewg.org/skindeep/browse/brands/12717-essence/?brand=Essence&page=11","soft & precise lip pencil, 108| secret life","Essence","https://phorcys-static.ewg.org/cdn-cgi/image/width=480,height=480,quality=60/https://phorcys-static.ewg.org/image/contents/856767/original.","Essence
         soft & precise lip pencil, 108| secret life
      
      
        
            
              
                LOW HAZARD
              Data Availability: Fair","https://www.ewg.org/skindeep/products/5604682-Essence_soft__precise_lip_pencil_108_secret_life/",": C10-18 TRIGLYCERIDES, TALC, HYDROGENATED VEGETABLE OIL, CAPRYLIC/CAPRIC TRIGLYCERIDE, MICA, SYNTHETIC JAPAN WAX, TOCOPHEROL, ASCORBYL PALMITATE, CI 15850 (RED 7), CI 77499 (IRON OXIDES), CI 77742 (MANGANESE VIOLET), CI 77891 (TITANIUM DIOXIDE).","Lip Liner","Essence","https://phorcys-static.ewg.org/cdn-cgi/image/width=560,height=800,quality=60/https://phorcys-static.ewg.org/image/contents/856767/original."
"1773504286-281","https://www.ewg.org/skindeep/browse/brands/12717-essence/","https://www.ewg.org/skindeep/browse/brands/12717-essence/?brand=Essence&page=11","Stay & Play Gel Eyeliner, Crush On Lavender 09","Essence","https://phorcys-static.ewg.org/cdn-cgi/image/width=480,height=480,quality=60/https://phorcys-static.ewg.org/image/contents/856716/original.","Essence
         Stay & Play Gel Eyeliner, Crush On Lavender 09
      
      
        
            
              
                LOW HAZARD
              Data Availability: Limited","https://www.ewg.org/skindeep/products/8451499-Essence_Stay__Play_Gel_Eyeliner_Crush_On_Lavender_09/","ISODODECANE, SYNTHETIC WAX, TRIMETHYLSILOXYSILICATE, DIMETHICONE, POLYBUTENE, SYNTHETIC FLUORPHLOGOPITE, CAPRYLIC/CAPRIC TRIGLYCERIDE, POLYGLYCERYL-4 DIISOSTEARATE/POLYHYDROXYSTEARATE/SEBACATE, KAOLIN, STEARALKONIUM HECTORITE, PROPYLENE CARBONATE, CI 16035 (RED 40 LAKE), CI 77007 (ULTRAMARINES), CI 77742 (MANGANESE VIOLET), CI 77891 (TITANIUM DIOXIDE).","Eye Liner","Essence","https://phorcys-static.ewg.org/cdn-cgi/image/width=560,height=800,quality=60/https://phorcys-static.ewg.org/image/contents/856716/original."
"1773504289-282","https://www.ewg.org/skindeep/browse/brands/12717-essence/","https://www.ewg.org/skindeep/browse/brands/12717-essence/?brand=Essence&page=10","soft & precise lip pencil, 202| My Mind","Essence","https://phorcys-static.ewg.org/cdn-cgi/image/width=480,height=480,quality=60/https://phorcys-static.ewg.org/image/contents/856769/original.","Essence
         soft & precise lip pencil, 202| My Mind
      
      
        
            
              
                LOW HAZARD
              Data Availability: Fair","https://www.ewg.org/skindeep/products/6699749-Essence_soft__precise_lip_pencil_202_My_Mind/",": C10-18 TRIGLYCERIDES, MICA, HYDROGENATED VEGETABLE OIL, CAPRYLIC/CAPRIC TRIGLYCERIDE, SYNTHETIC JAPAN WAX, TOCOPHEROL, ASCORBYL PALMITATE, CI 15850 (RED 6), CI 15850 (RED 7), CI 77491 (IRON OXIDES), CI 77492 (IRON OXIDES), CI 77499 (IRON OXIDES), CI 77891 (TITANIUM DIOXIDE).","Lip Liner","Essence","https://phorcys-static.ewg.org/cdn-cgi/image/width=560,height=800,quality=60/https://phorcys-static.ewg.org/image/contents/856769/original."
"1773504291-283","https://www.ewg.org/skindeep/browse/brands/12717-essence/","https://www.ewg.org/skindeep/browse/brands/12717-essence/?brand=Essence&page=10","call me Queen dramatic false lash effect mascara waterproof","Essence","https://phorcys-static.ewg.org/cdn-cgi/image/width=480,height=480,quality=60/https://phorcys-static.ewg.org/image/contents/820233/original.","Essence
         call me Queen dramatic false lash effect mascara waterproof
      
      
        
            
              
                LOW HAZARD
              Data Availability: Fair","https://www.ewg.org/skindeep/products/5195492-Essence_call_me_Queen_dramatic_false_lash_effect_mascara_waterproof/","ISODODECANE, PARAFFIN, VP/EICOSENE COPOLYMER, SYNTHETIC BEESWAX, DISTEARDIMONIUM HECTORITE, PENTAERYTHRITYL HYDROGENATED ROSINATE, TALC, COPERNICIA CERIFERA CERA (COPERNICIA CERIFERA (CARNAUBA) WAX), DIMETHICONE, HELIANTHUS ANNUUS (SUNFLOWER) SEED WAX, POLYBUTENE, AQUA (WATER), SILICA, CAPRYLYL GLYCOL, POLYQUATERNIUM-7, PHENOXYETHANOL, SODIUM BENZOATE, CI 77499 (IRON OXIDES).","Mascara","Essence","https://phorcys-static.ewg.org/cdn-cgi/image/width=560,height=800,quality=60/https://phorcys-static.ewg.org/image/contents/820233/original."
"1773504294-284","https://www.ewg.org/skindeep/browse/brands/12717-essence/","https://www.ewg.org/skindeep/browse/brands/12717-essence/?brand=Essence&page=10","MAGIC FILTER glow booster, 40 Tan","Essence","https://phorcys-static.ewg.org/cdn-cgi/image/width=480,height=480,quality=60/https://phorcys-static.ewg.org/image/contents/856850/original.","Essence
         MAGIC FILTER glow booster, 40 Tan
      
      
        
            
              
                LOW HAZARD
              Data Availability: Fair","https://www.ewg.org/skindeep/products/8128051-Essence_MAGIC_FILTER_glow_booster_40_Tan/",": AQUA (WATER), OCTYLDODECANOL, ETHYLHEXYL POLYHYDROXYSTEARATE, ISOAMYL LAURATE, POLYGLYCERYL-4 DIISOSTEARATE/POLYHYDROXYSTEARATE/SEBACATE, GLYCERIN, HYDROGENATED CASTOR OIL, MAGNESIUM SULFATE, RICINUS COMMUNIS (CASTOR) SEED OIL, SODIUM HYALURONATE, MICA, DISTEARDIMONIUM HECTORITE, PROPYLENE CARBONATE, SORBITAN OLIVATE, ISOSTEARYL SEBACATE, DISODIUM STEAROYL GLUTAMATE, CAPROIC ACID, PHENOXYETHANOL, BENZOIC ACID, DEHYDROACETIC ACID, ALUMINUM HYDROXIDE, CI 77491 (IRON OXIDES), CI 77492 (IRON OXIDES), CI 77499 (IRON OXIDES), CI 77891 (TITANIUM DIOXIDE).","Foundation","Essence","https://phorcys-static.ewg.org/cdn-cgi/image/width=560,height=800,quality=60/https://phorcys-static.ewg.org/image/contents/856850/original."
"1773504297-285","https://www.ewg.org/skindeep/browse/brands/12717-essence/","https://www.ewg.org/skindeep/browse/brands/12717-essence/?brand=Essence&page=10","brow powder duo set, 02 Medium","Essence","https://phorcys-static.ewg.org/cdn-cgi/image/width=480,height=480,quality=60/https://phorcys-static.ewg.org/image/contents/820147/original.","Essence
         brow powder duo set, 02 Medium
      
      
        
            
              
                LOW HAZARD
              Data Availability: Fair","https://www.ewg.org/skindeep/products/1488611-Essence_brow_powder_duo_set_02_Medium/","TALC, MICA, ETHYLHEXYL PALMITATE, SILICA, PENTAERYTHRITYL TETRAISOSTEARATE, MAGNESIUM STEARATE, LAUROYL LYSINE, METHICONE, ETHYLHEXYLGLYCERIN, PHENOXYETHANOL, ALUMINUM HYDROXIDE, MAY CONTAIN/[+/-]: CI 77007 (ULTRAMARINES), CI 77491, CI 77492, CI 77499 (IRON OXIDES), CI 77891 (TITANIUM DIOXIDE).","Brow Liner","Essence","https://phorcys-static.ewg.org/cdn-cgi/image/width=560,height=800,quality=60/https://phorcys-static.ewg.org/image/contents/820147/original."
"1773504300-286","https://www.ewg.org/skindeep/browse/brands/12717-essence/","https://www.ewg.org/skindeep/browse/brands/12717-essence/?brand=Essence&page=10","NATURAL MATTE MOUSSE FOUNDATION, 02","Essence","https://phorcys-static.ewg.org/cdn-cgi/image/width=480,height=480,quality=60/https://phorcys-static.ewg.org/image/contents/856835/original.","Essence
         NATURAL MATTE MOUSSE FOUNDATION, 02
      
      
        
            
              
                LOW HAZARD
              Data Availability: Fair","https://www.ewg.org/skindeep/products/8027844-Essence_NATURAL_MATTE_MOUSSE_FOUNDATION_02/",": DIMETHICONE, ISODODECANE, DIMETHICONE CROSSPOLYMER, CETYL DIGLYCERYL TRIS(TRIMETHYLSILOXY)SILYLETHYL DIMETHICONE, HYDROGENATED CASTOR OIL, SILICA, TRIMETHYLSILOXYSILICATE, CALCIUM CARBONATE, MICA, C30-45 ALKYL DIMETHICONE, TOCOPHEROL, HELIANTHUS ANNUUS (SUNFLOWER) SEED OIL, STEARYL DIMETHICONE, DISTEARDIMONIUM HECTORITE, METHICONE, ETHYLHEXYLGLYCERIN, OCTADECENE, PROPYLENE CARBONATE, HEXADECENE, TALC, CI 77491 (IRON OXIDES), CI 77492 (IRON OXIDES), CI 77499 (IRON OXIDES), CI 77891 (TITANIUM DIOXIDE).","Foundation","Essence","https://phorcys-static.ewg.org/cdn-cgi/image/width=560,height=800,quality=60/https://phorcys-static.ewg.org/image/contents/856835/original."
"1773504303-287","https://www.ewg.org/skindeep/browse/brands/12717-essence/","https://www.ewg.org/skindeep/browse/brands/12717-essence/?brand=Essence&page=10","CORRECT & CONCEAL under eye brightening concealer, 10 Light","Essence","https://phorcys-static.ewg.org/cdn-cgi/image/width=480,height=480,quality=60/https://phorcys-static.ewg.org/image/contents/820209/original.","Essence
         CORRECT & CONCEAL under eye brightening concealer, 10 Light
      
      
        
            
              
                LOW HAZARD
              Data Availability: Fair","https://www.ewg.org/skindeep/products/561223-Essence_CORRECT__CONCEAL_under_eye_brightening_concealer_10_Light/","AQUA (WATER), ISONONYL ISONONANOATE, COCONUT ALKANES, GLYCERIN, TRIETHYLHEXANOIN, MAGNESIUM SULFATE, POLYGLYCERYL-4 DIISOSTEARATE/POLYHYDROXYSTEARATE/SEBACATE, DIISOSTEAROYL POLYGLYCERYL-3 DIMER DILINOLEATE, DISTEARDIMONIUM HECTORITE, ALOE BARBADENSIS LEAF JUICE, STEAROYL INULIN, PROPYLENE CARBONATE, ETHYLHEXYLGLYCERIN, HYDROGENATED LECITHIN, PHENOXYETHANOL, POTASSIUM SORBATE, SODIUM BENZOATE, ALUMINUM HYDROXIDE, CI 77491 (IRON OXIDES), CI 77492 (IRON OXIDES), CI 77499 (IRON OXIDES), CI 77891 (TITANIUM DIOXIDE).","Concealer","Essence","https://phorcys-static.ewg.org/cdn-cgi/image/width=560,height=800,quality=60/https://phorcys-static.ewg.org/image/contents/820209/original."
"1773504306-288","https://www.ewg.org/skindeep/browse/brands/12717-essence/","https://www.ewg.org/skindeep/browse/brands/12717-essence/?brand=Essence&page=10","STAY & PLAY GEL EYELINER POT, Black","Essence","https://phorcys-static.ewg.org/cdn-cgi/image/width=480,height=480,quality=60/https://phorcys-static.ewg.org/image/contents/856751/original.","Essence
         STAY & PLAY GEL EYELINER POT, Black
      
      
        
            
              
                LOW HAZARD
              Data Availability: Fair","https://www.ewg.org/skindeep/products/1662753-Essence_STAY__PLAY_GEL_EYELINER_POT_Black/","ISODODECANE, DIMETHICONE, TRIMETHYLSILOXYSILICATE, KAOLIN, TALC, DISTEARDIMONIUM HECTORITE, TRIBEHENIN, EUPHORBIA CERIFERA CERA (EUPHORBIA CERIFERA (CANDELILLA) WAX), C10-18 TRIGLYCERIDES, SYNTHETIC WAX, PROPYLENE CARBONATE, GLYCERYL CAPRYLATE, CI 77491 (IRON OXIDES), CI 77499 (IRON OXIDES).","Eye Liner","Essence","https://phorcys-static.ewg.org/cdn-cgi/image/width=560,height=800,quality=60/https://phorcys-static.ewg.org/image/contents/856751/original."
"1773504309-289","https://www.ewg.org/skindeep/browse/brands/12717-essence/","https://www.ewg.org/skindeep/browse/brands/12717-essence/?brand=Essence&page=10","NATURAL MATTE MOUSSE FOUNDATION, 53","Essence","https://phorcys-static.ewg.org/cdn-cgi/image/width=480,height=480,quality=60/https://phorcys-static.ewg.org/image/contents/856842/original.","Essence
         NATURAL MATTE MOUSSE FOUNDATION, 53
      
      
        
            
              
                LOW HAZARD
              Data Availability: Fair","https://www.ewg.org/skindeep/products/53193-Essence_NATURAL_MATTE_MOUSSE_FOUNDATION_53/",": DIMETHICONE, ISODODECANE, DIMETHICONE CROSSPOLYMER, CETYL DIGLYCERYL TRIS(TRIMETHYLSILOXY)SILYLETHYL DIMETHICONE, HYDROGENATED CASTOR OIL, SILICA, TRIMETHYLSILOXYSILICATE, CALCIUM CARBONATE, MICA, C30-45 ALKYL DIMETHICONE, DISTEARDIMONIUM HECTORITE, TOCOPHEROL, HELIANTHUS ANNUUS (SUNFLOWER) SEED OIL, STEARYL DIMETHICONE, METHICONE, ETHYLHEXYLGLYCERIN, PROPYLENE CARBONATE, OCTADECENE, HEXADECENE, TALC, CI 77491 (IRON OXIDES), CI 77492 (IRON OXIDES), CI 77499 (IRON OXIDES), CI 77891 (TITANIUM DIOXIDE).","Foundation","Essence","https://phorcys-static.ewg.org/cdn-cgi/image/width=560,height=800,quality=60/https://phorcys-static.ewg.org/image/contents/856842/original."
"1773504312-290","https://www.ewg.org/skindeep/browse/brands/12717-essence/","https://www.ewg.org/skindeep/browse/brands/12717-essence/?brand=Essence&page=10","STAY & PLAY GEL EYELINER POT, Brown","Essence","https://phorcys-static.ewg.org/cdn-cgi/image/width=480,height=480,quality=60/https://phorcys-static.ewg.org/image/contents/856753/original.","Essence
         STAY & PLAY GEL EYELINER POT, Brown
      
      
        
            
              
                LOW HAZARD
              Data Availability: Fair","https://www.ewg.org/skindeep/products/7822131-Essence_STAY__PLAY_GEL_EYELINER_POT_Brown/","ISODODECANE, DIMETHICONE, TRIMETHYLSILOXYSILICATE, KAOLIN, TALC, DISTEARDIMONIUM HECTORITE, TRIBEHENIN, EUPHORBIA CERIFERA CERA (EUPHORBIA CERIFERA (CANDELILLA) WAX), C10-18 TRIGLYCERIDES, ALUMINUM HYDROXIDE, SYNTHETIC WAX, PROPYLENE CARBONATE, GLYCERYL CAPRYLATE, CI 77491 (IRON OXIDES), CI 77492 (IRON OXIDES), CI 77499 (IRON OXIDES).","Eye Liner","Essence","https://phorcys-static.ewg.org/cdn-cgi/image/width=560,height=800,quality=60/https://phorcys-static.ewg.org/image/contents/856753/original."
"1773504314-291","https://www.ewg.org/skindeep/browse/brands/12717-essence/","https://www.ewg.org/skindeep/browse/brands/12717-essence/?brand=Essence&page=10","pure nude sunlighter, be my sunlight","Essence","https://phorcys-static.ewg.org/cdn-cgi/image/width=480,height=480,quality=60/https://phorcys-static.ewg.org/image/contents/856877/original.","Essence
         pure nude sunlighter, be my sunlight
      
      
        
            
              
                LOW HAZARD
              Data Availability: Fair","https://www.ewg.org/skindeep/products/997785-Essence_pure_nude_sunlighter_be_my_sunlight/",": MICA, OCTYLDODECANOL, MAGNESIUM ALUMINUM SILICATE, MAGNESIUM STEARATE, ISOPROPYL ISOSTEARATE, DIMETHICONE, POLYGLYCERYL-2 TRIISOSTEARATE, TOCOPHEROL, HELIANTHUS ANNUUS (SUNFLOWER) SEED OIL, CAPRYLYL GLYCOL, HEXYLENE GLYCOL, TIN OXIDE, AQUA (WATER), PHENOXYETHANOL, BENZYL ALCOHOL, DEHYDROACETIC ACID, CI 77491 (IRON OXIDES), CI 77891 (TITANIUM DIOXIDE).","Bronzer/Highlighter","Essence","https://phorcys-static.ewg.org/cdn-cgi/image/width=560,height=800,quality=60/https://phorcys-static.ewg.org/image/contents/856877/original."
"1773504317-292","https://www.ewg.org/skindeep/browse/brands/12717-essence/","https://www.ewg.org/skindeep/browse/brands/12717-essence/?brand=Essence&page=10","soft & precise lip pencil, 205| My Love","Essence","https://phorcys-static.ewg.org/cdn-cgi/image/width=480,height=480,quality=60/https://phorcys-static.ewg.org/image/contents/856772/original.","Essence
         soft & precise lip pencil, 205| My Love
      
      
        
            
              
                LOW HAZARD
              Data Availability: Fair","https://www.ewg.org/skindeep/products/6366323-Essence_soft__precise_lip_pencil_205_My_Love/",": C10-18 TRIGLYCERIDES, HYDROGENATED VEGETABLE OIL, TALC, CAPRYLIC/CAPRIC TRIGLYCERIDE, MICA, SYNTHETIC JAPAN WAX, TOCOPHEROL, ASCORBYL PALMITATE, CI 15850 (RED 6), CI 15850 (RED 7), CI 77742 (MANGANESE VIOLET), CI 77891 (TITANIUM DIOXIDE).","Lip Liner","Essence","https://phorcys-static.ewg.org/cdn-cgi/image/width=560,height=800,quality=60/https://phorcys-static.ewg.org/image/contents/856772/original."
"1773504320-293","https://www.ewg.org/skindeep/browse/brands/12717-essence/","https://www.ewg.org/skindeep/browse/brands/12717-essence/?brand=Essence&page=10","NATURAL MATTE MOUSSE FOUNDATION, 04","Essence","https://phorcys-static.ewg.org/cdn-cgi/image/width=480,height=480,quality=60/https://phorcys-static.ewg.org/image/contents/856837/original.","Essence
         NATURAL MATTE MOUSSE FOUNDATION, 04
      
      
        
            
              
                LOW HAZARD
              Data Availability: Fair","https://www.ewg.org/skindeep/products/7191061-Essence_NATURAL_MATTE_MOUSSE_FOUNDATION_04/",": DIMETHICONE, ISODODECANE, DIMETHICONE CROSSPOLYMER, CETYL DIGLYCERYL TRIS(TRIMETHYLSILOXY)SILYLETHYL DIMETHICONE, HYDROGENATED CASTOR OIL, SILICA, TRIMETHYLSILOXYSILICATE, CALCIUM CARBONATE, MICA, C30-45 ALKYL DIMETHICONE, TOCOPHEROL, HELIANTHUS ANNUUS (SUNFLOWER) SEED OIL, STEARYL DIMETHICONE, DISTEARDIMONIUM HECTORITE, METHICONE, ETHYLHEXYLGLYCERIN, OCTADECENE, PROPYLENE CARBONATE, HEXADECENE, TALC, CI 77491 (IRON OXIDES), CI 77492 (IRON OXIDES), CI 77499 (IRON OXIDES), CI 77891 (TITANIUM DIOXIDE).","Foundation","Essence","https://phorcys-static.ewg.org/cdn-cgi/image/width=560,height=800,quality=60/https://phorcys-static.ewg.org/image/contents/856837/original."
"1773504323-294","https://www.ewg.org/skindeep/browse/brands/12717-essence/","https://www.ewg.org/skindeep/browse/brands/12717-essence/?brand=Essence&page=9","Lash Princess Sculpted Volume Mascara","Essence","https://phorcys-static.ewg.org/cdn-cgi/image/width=480,height=480,quality=60/https://phorcys-static.ewg.org/image/contents/643359/original.","Essence
         Lash Princess Sculpted Volume Mascara
      
      
        
            
              
                LOW HAZARD
              Data Availability: Fair","https://www.ewg.org/skindeep/products/1018957-Essence_Lash_Princess_Sculpted_Volume_Mascara/","AQUA (WATER), PARAFFIN, GLYCERYL STEARATE, SYNTHETIC BEESWAX, STEARIC ACID, ACACIA SENEGAL GUM , BUTYLENE GLYCOL, PALMITIC ACID, POLYBUTENE, ORYZA SATIVA (RICE) BRAN WAX, VP/EICOSENE COPOLYMER, OZOKERITE, AMINOMETHYL PROPANOL, TROPOLONE, HYDROGENATED VEGETABLE OIL, STEARYL STEARATE, HYDROXYETHYLCELLULOSE, PHENOXYETHANOL, CI 77499 (IRON OXIDES)","Mascara","Essence","https://phorcys-static.ewg.org/cdn-cgi/image/width=560,height=800,quality=60/https://phorcys-static.ewg.org/image/contents/643359/original."
"1773504326-295","https://www.ewg.org/skindeep/browse/brands/12717-essence/","https://www.ewg.org/skindeep/browse/brands/12717-essence/?brand=Essence&page=9","the Blush, Befitting 10","Essence","https://phorcys-static.ewg.org/cdn-cgi/image/width=480,height=480,quality=60/https://phorcys-static.ewg.org/image/contents/633495/original.","Essence
         the Blush, Befitting 10
      
      
        
            
              
                LOW HAZARD
              Data Availability: Limited","https://www.ewg.org/skindeep/products/1003250-Essence_the_Blush_Befitting_10/","TALC,MICA,ALUMINUMSTARCHOCTENYLSUCCINATE, MAGNESIUM STEARATE, ISOCETYL STEAROYL STEARATE, OCTYLDODECYL STEARATE, ETHYLHEXYLGLYCERIN, ALUMINUM HYDROXIDE, PHENOXYETHANOL, CI 15850 (RED 6 LAKE, RED 7 LAKE), CI 77491, CI 77499 (IRON OXIDES)","Blush","Essence","https://phorcys-static.ewg.org/cdn-cgi/image/width=560,height=800,quality=60/https://phorcys-static.ewg.org/image/contents/633495/original."
"1773504329-296","https://www.ewg.org/skindeep/browse/brands/12717-essence/","https://www.ewg.org/skindeep/browse/brands/12717-essence/?brand=Essence&page=9","NATURAL MATTE MOUSSE FOUNDATION, 56","Essence","https://phorcys-static.ewg.org/cdn-cgi/image/width=480,height=480,quality=60/https://phorcys-static.ewg.org/image/contents/856843/original.","Essence
         NATURAL MATTE MOUSSE FOUNDATION, 56
      
      
        
            
              
                LOW HAZARD
              Data Availability: Limited","https://www.ewg.org/skindeep/products/405026-Essence_NATURAL_MATTE_MOUSSE_FOUNDATION_56/",": DIMETHICONE, ISODODECANE, DIMETHICONE CROSSPOLYMER, CETYL DIGLYCERYL TRIS(TRIMETHYLSILOXY)SILYLETHYL DIMETHICONE, HYDROGENATED CASTOR OIL, SILICA, TRIMETHYLSILOXYSILICATE, CALCIUM CARBONATE, MICA, C30-45 ALKYL DIMETHICONE, DISTEARDIMONIUM HECTORITE, TOCOPHEROL, HELIANTHUS ANNUUS (SUNFLOWER) SEED OIL, STEARYL DIMETHICONE, ETHYLHEXYLGLYCERIN, PROPYLENE CARBONATE, OCTADECENE, METHICONE, HEXADECENE, TALC, CI 77491 (IRON OXIDES), CI 77492 (IRON OXIDES), CI 77499 (IRON OXIDES).","Foundation","Essence","https://phorcys-static.ewg.org/cdn-cgi/image/width=560,height=800,quality=60/https://phorcys-static.ewg.org/image/contents/856843/original."
"1773504331-297","https://www.ewg.org/skindeep/browse/brands/12717-essence/","https://www.ewg.org/skindeep/browse/brands/12717-essence/?brand=Essence&page=9","Polly Pocket™ highlighter","Essence","https://phorcys-static.ewg.org/cdn-cgi/image/width=480,height=480,quality=60/https://phorcys-static.ewg.org/image/contents/856647/original.","Essence
         Polly Pocket™ highlighter
      
      
        
            
              
                LOW HAZARD
              Data Availability: Fair","https://www.ewg.org/skindeep/products/1716619-Essence_Polly_Pocket_highlighter/","CAPRYLIC/CAPRIC TRIGLYCERIDE, ETHYLHEXYL PALMITATE, DIISOSTEARYL MALATE, POLYBUTENE, MICA, HELIANTHUS ANNUUS (SUNFLOWER) SEED WAX, BIS-DIGLYCERYL POLYACYLADIPATE-2, SILICA DIMETHYL SILYLATE, EUPHORBIA CERIFERA CERA (EUPHORBIA CERIFERA (CANDELILLA) WAX), TOCOPHERYL ACETATE, ETHYLHEXYLGLYCERIN, PHENOXYETHANOL, TIN OXIDE, CI 77491 (IRON OXIDES), CI 77891 (TITANIUM DIOXIDE).","Bronzer/Highlighter","Essence","https://phorcys-static.ewg.org/cdn-cgi/image/width=560,height=800,quality=60/https://phorcys-static.ewg.org/image/contents/856647/original."
"1773504334-298","https://www.ewg.org/skindeep/browse/brands/12717-essence/","https://www.ewg.org/skindeep/browse/brands/12717-essence/?brand=Essence&page=9","eye sparkle! liquid liner, Sparkling Lights","Essence","https://phorcys-static.ewg.org/cdn-cgi/image/width=480,height=480,quality=60/https://phorcys-static.ewg.org/image/contents/856747/original.","Essence
         eye sparkle! liquid liner, Sparkling Lights
      
      
        
            
              
                LOW HAZARD
              Data Availability: Fair","https://www.ewg.org/skindeep/products/7869599-Essence_eye_sparkle_liquid_liner_Sparkling_Lights/","AQUA (WATER), PROPANEDIOL, PVP, SYNTHETIC FLUORPHLOGOPITE, CALCIUM ALUMINUM BOROSILICATE, XANTHAN GUM, SILICA, ETHYLHEXYLGLYCERIN, PHENOXYETHANOL, TIN OXIDE, CI 77491 (IRON OXIDES), CI 77891 (TITANIUM DIOXIDE).","Eye Liner","Essence","https://phorcys-static.ewg.org/cdn-cgi/image/width=560,height=800,quality=60/https://phorcys-static.ewg.org/image/contents/856747/original."
"1773504337-299","https://www.ewg.org/skindeep/browse/brands/12717-essence/","https://www.ewg.org/skindeep/browse/brands/12717-essence/?brand=Essence&page=9","NATURAL MATTE MOUSSE FOUNDATION, 43","Essence","https://phorcys-static.ewg.org/cdn-cgi/image/width=480,height=480,quality=60/https://phorcys-static.ewg.org/image/contents/856840/original.","Essence
         NATURAL MATTE MOUSSE FOUNDATION, 43
      
      
        
            
              
                LOW HAZARD
              Data Availability: Fair","https://www.ewg.org/skindeep/products/7972898-Essence_NATURAL_MATTE_MOUSSE_FOUNDATION_43/",": DIMETHICONE, ISODODECANE, DIMETHICONE CROSSPOLYMER, CETYL DIGLYCERYL TRIS(TRIMETHYLSILOXY)SILYLETHYL DIMETHICONE, HYDROGENATED CASTOR OIL, SILICA, TRIMETHYLSILOXYSILICATE, CALCIUM CARBONATE, MICA, C30-45 ALKYL DIMETHICONE, DISTEARDIMONIUM HECTORITE, TOCOPHEROL, HELIANTHUS ANNUUS (SUNFLOWER) SEED OIL, STEARYL DIMETHICONE, METHICONE, ETHYLHEXYLGLYCERIN, PROPYLENE CARBONATE, OCTADECENE, HEXADECENE, TALC, CI 77491 (IRON OXIDES), CI 77492 (IRON OXIDES), CI 77499 (IRON OXIDES), CI 77891 (TITANIUM DIOXIDE).","Foundation","Essence","https://phorcys-static.ewg.org/cdn-cgi/image/width=560,height=800,quality=60/https://phorcys-static.ewg.org/image/contents/856840/original."
"1773504339-300","https://www.ewg.org/skindeep/browse/brands/12717-essence/","https://www.ewg.org/skindeep/browse/brands/12717-essence/?brand=Essence&page=9","CONTOURING duo stick, medium 30","Essence","https://phorcys-static.ewg.org/cdn-cgi/image/width=480,height=480,quality=60/https://phorcys-static.ewg.org/image/contents/820216/original.","Essence
         CONTOURING duo stick, medium 30
      
      
        
            
              
                LOW HAZARD
              Data Availability: Fair","https://www.ewg.org/skindeep/products/699138-Essence_CONTOURING_duo_stick_medium_30/","CAPRYLIC/CAPRIC TRIGLYCERIDE, EUPHORBIA CERIFERA CERA (EUPHORBIA CERIFERA (CANDELILLA) WAX), POLYBUTENE, ETHYLHEXYL PALMITATE, DIISOSTEARYL MALATE, HELIANTHUS ANNUUS (SUNFLOWER) SEED WAX, BIS-DIGLYCERYL POLYACYLADIPATE-2, SILICA, ALUMINUM STARCH OCTENYLSUCCINATE, TOCOPHERYL ACETATE, ETHYLHEXYLGLYCERIN, PHENOXYETHANOL, MAY CONTAIN/[+/-]: CI 77491, CI 77492, CI 77499 (IRON OXIDE), CI 77891 (TITANIUM DIOXIDE).","Bronzer/Highlighter","Essence","https://phorcys-static.ewg.org/cdn-cgi/image/width=560,height=800,quality=60/https://phorcys-static.ewg.org/image/contents/820216/original."
"1773504342-301","https://www.ewg.org/skindeep/browse/brands/12717-essence/","https://www.ewg.org/skindeep/browse/brands/12717-essence/?brand=Essence&page=9","Magic Filter Glow Booster, 20 Medium","Essence","https://phorcys-static.ewg.org/cdn-cgi/image/width=480,height=480,quality=60/https://phorcys-static.ewg.org/image/contents/856848/original.","Essence
         Magic Filter Glow Booster, 20 Medium
      
      
        
            
              
                LOW HAZARD
              Data Availability: Fair","https://www.ewg.org/skindeep/products/3964666-Essence_Magic_Filter_Glow_Booster_20_Medium/",": AQUA (WATER), OCTYLDODECANOL, ETHYLHEXYL POLYHYDROXYSTEARATE, ISOAMYL LAURATE, GLYCERIN, POLYGLYCERYL-4 DIISOSTEARATE/POLYHYDROXYSTEARATE/SEBACATE, MICA, MAGNESIUM SULFATE, HYDROGENATED CASTOR OIL, RICINUS COMMUNIS (CASTOR) SEED OIL, SODIUM HYALURONATE, DISTEARDIMONIUM HECTORITE, PROPYLENE CARBONATE, SORBITAN OLIVATE, CAPROIC ACID, PHENOXYETHANOL, BENZOIC ACID, DEHYDROACETIC ACID, CI 77491 (IRON OXIDES), CI 77492 (IRON OXIDES), CI 77499 (IRON OXIDES), CI 77891 (TITANIUM DIOXIDE).","Bronzer/Highlighter","Essence","https://phorcys-static.ewg.org/cdn-cgi/image/width=560,height=800,quality=60/https://phorcys-static.ewg.org/image/contents/856848/original."
"1773504345-302","https://www.ewg.org/skindeep/browse/brands/12717-essence/","https://www.ewg.org/skindeep/browse/brands/12717-essence/?brand=Essence&page=9","JELLY JEWELS glitter eyeshadow topper, 01 Golden Glam","Essence","https://phorcys-static.ewg.org/cdn-cgi/image/width=480,height=480,quality=60/https://phorcys-static.ewg.org/image/contents/820129/original.","Essence
         JELLY JEWELS glitter eyeshadow topper, 01 Golden Glam
      
      
        
            
              
                LOW HAZARD
              Data Availability: Fair","https://www.ewg.org/skindeep/products/2129171-Essence_JELLY_JEWELS_glitter_eyeshadow_topper_01_Golden_Glam/","AQUA (WATER), CALCIUM SODIUM BOROSILICATE, BUTYLENE GLYCOL, ALCOHOL DENAT., PEG-240/HDI COPOLYMER BIS-DECYLTETRADECETH-20 ETHER, SYNTHETIC FLUORPHLOGOPITE, ACRYLATES/C10-30 ALKYL ACRYLATE CROSSPOLYMER, MICA, ETHYLHEXYLGLYCERIN, POTASSIUM LAURATE, BHT, PHENOXYETHANOL, TIN OXIDE, CI 77491, CI 77499 (IRON OXIDES), CI 77891 (TITANIUM DIOXIDE).","Eye Shadow","Essence","https://phorcys-static.ewg.org/cdn-cgi/image/width=560,height=800,quality=60/https://phorcys-static.ewg.org/image/contents/820129/original."
"1773504348-303","https://www.ewg.org/skindeep/browse/brands/12717-essence/","https://www.ewg.org/skindeep/browse/brands/12717-essence/?brand=Essence&page=9","NATURAL MATTE MOUSSE FOUNDATION, 70","Essence","https://phorcys-static.ewg.org/cdn-cgi/image/width=480,height=480,quality=60/https://phorcys-static.ewg.org/image/contents/856846/original.","Essence
         NATURAL MATTE MOUSSE FOUNDATION, 70
      
      
        
            
              
                LOW HAZARD
              Data Availability: Fair","https://www.ewg.org/skindeep/products/7853371-Essence_NATURAL_MATTE_MOUSSE_FOUNDATION_70/",": DIMETHICONE, ISODODECANE, DIMETHICONE CROSSPOLYMER, CETYL DIGLYCERYL TRIS(TRIMETHYLSILOXY)SILYLETHYL DIMETHICONE, HYDROGENATED CASTOR OIL, SILICA, TRIMETHYLSILOXYSILICATE, CALCIUM CARBONATE, MICA, C30-45 ALKYL DIMETHICONE, DISTEARDIMONIUM HECTORITE, TOCOPHEROL, HELIANTHUS ANNUUS (SUNFLOWER) SEED OIL, STEARYL DIMETHICONE, METHICONE, ETHYLHEXYLGLYCERIN, PROPYLENE CARBONATE, OCTADECENE, HEXADECENE, TALC, CI 77491 (IRON OXIDES), CI 77492 (IRON OXIDES), CI 77499 (IRON OXIDES), CI 77891 (TITANIUM DIOXIDE).","Foundation","Essence","https://phorcys-static.ewg.org/cdn-cgi/image/width=560,height=800,quality=60/https://phorcys-static.ewg.org/image/contents/856846/original."
"1773504351-304","https://www.ewg.org/skindeep/browse/brands/12717-essence/","https://www.ewg.org/skindeep/browse/brands/12717-essence/?brand=Essence&page=9",", I Love Ex Tre Me Volume Mascara, Bib0 A","Essence","https://phorcys-static.ewg.org/cdn-cgi/image/width=480,height=480,quality=60/https://phorcys-static.ewg.org/image/contents/583318/original.","Essence
         , I Love Ex Tre Me Volume Mascara, Bib0 A
      
      
        
            
              
                LOW HAZARD
              Data Availability: Fair","https://www.ewg.org/skindeep/products/952975-Essence_Essence_I_Love_Ex_Tre_Me_Volume_Mascara_Bib0_A/","AQUA (WATER), PARAFFIN, GLYCERYL STEARATE, SYNTHETIC BEESWAX, STEARIC ACID, ACACIA SENEGAL GUM, BUTYLENE GLYCOL, PALMITIC ACID, POLYBUTENE, ORYZA SATIVA (RICE) BRAN WAX, VP/EICOSENE COPOLYMER, OZOKERITE, AMINOMETHYL PROPANOL, TROPOLONE, HYDROGENATED VEGETABLE OIL, STEARYL STEARATE, HYDROXYETHYLCELLULOSE, PHENOXYETHANOL, CI 77499 (IRON OXIDES).","Mascara","Essence","https://phorcys-static.ewg.org/cdn-cgi/image/width=560,height=800,quality=60/https://phorcys-static.ewg.org/image/contents/583318/original."
"1773504353-305","https://www.ewg.org/skindeep/browse/brands/12717-essence/","https://www.ewg.org/skindeep/browse/brands/12717-essence/?brand=Essence&page=9","Wow What A Brow Pen Waterproof, Light Brown 01","Essence","https://phorcys-static.ewg.org/cdn-cgi/image/width=480,height=480,quality=60/https://phorcys-static.ewg.org/image/contents/856690/original.","Essence
         Wow What A Brow Pen Waterproof, Light Brown 01
      
      
        
            
              
                LOW HAZARD
              Data Availability: Fair","https://www.ewg.org/skindeep/products/4466306-Essence_Wow_What_A_Brow_Pen_Waterproof_Light_Brown_01/","EUPHORBIA CERIFERA (CANDELILLA) WAX, RICINUS COMMUNIS (CASTOR) SEED OIL, OCTYLDODECANOL, CALCIUM CARBONATE, COPERNICIA CERIFERA (CARNAUBA) WAX, SYNTHETIC FLUORPHLOGOPITE, OLEA EUROPAEA (OLIVE) OIL UNSAPONIFIABLES, OLEA EUROPAEA (OLIVE) FRUIT OIL, HYDROGENATED OLIVE OIL, GLYCERYL CAPRYLATE, SYNTHETIC BEESWAX, PENTAERYTHRITYL TETRA-DI-T-BUTYL HYDROXYHYDROCINNAMATE, ALUMINUM HYDROXIDE, BENZYL ALCOHOL, CI 77491 (IRON OXIDES), CI 77492 (IRON OXIDES), CI 77499 (IRON OXIDES), CI 77891 (TITANIUM DIOXIDE).","Brow Liner","Essence","https://phorcys-static.ewg.org/cdn-cgi/image/width=560,height=800,quality=60/https://phorcys-static.ewg.org/image/contents/856690/original."
"1773504356-306","https://www.ewg.org/skindeep/browse/brands/12717-essence/","https://www.ewg.org/skindeep/browse/brands/12717-essence/?brand=Essence&page=8","Cosmetics The False Lashes Mascara Extreme Volume and Curl","Essence","https://phorcys-static.ewg.org/cdn-cgi/image/width=480,height=480,quality=60/https://phorcys-static.ewg.org/image/contents/572505/original.","Essence
         Cosmetics The False Lashes Mascara Extreme Volume and Curl
      
      
        
            
              
                LOW HAZARD
              Data Availability: Fair","https://www.ewg.org/skindeep/products/956206-Essence_Cosmetics_The_False_Lashes_Mascara_Extreme_Volume_and_Curl/","AQUA (WATER), PARAFFIN, GLYCERYL STEARATE, SYNTHETIC BEESWAX, STEARIC ACID, ACACIA SENEGAL GUM , BUTYLENE GLYCOL, PALMITIC ACID, POLYBUTENE, ORYZA SATIVA (RICE) BRAN WAX, VP/EICOSENE COPOLYMER, OZOKERITE, AMINOMETHYL PROPANOL, TROPOLONE, HYDROGENATED VEGETABLE OIL, STEARYL STEARATE, HYDROXYETHYLCELLULOSE, PHENOXYETHANOL, CI 77499 (IRON OXIDES)","Mascara","Essence","https://phorcys-static.ewg.org/cdn-cgi/image/width=560,height=800,quality=60/https://phorcys-static.ewg.org/image/contents/572505/original."
"1773504359-307","https://www.ewg.org/skindeep/browse/brands/12717-essence/","https://www.ewg.org/skindeep/browse/brands/12717-essence/?brand=Essence&page=8","Lash PRINCESS LIQUID LINER, Brown","Essence","https://phorcys-static.ewg.org/cdn-cgi/image/width=480,height=480,quality=60/https://phorcys-static.ewg.org/image/contents/820237/original.","Essence
         Lash PRINCESS LIQUID LINER, Brown
      
      
        
            
              
                LOW HAZARD
              Data Availability: Fair","https://www.ewg.org/skindeep/products/9385791-Essence_Lash_PRINCESS_LIQUID_LINER_Brown/","AQUA (WATER), STYRENE/ACRYLATES COPOLYMER, PROPYLENE GLYCOL, ALCOHOL DENAT., GLYCERIN, TOCOPHEROL, XANTHAN GUM, ETHYLHEXYLGLYCERIN, TETRASODIUM EDTA, POLYESTER-4, POTASSIUM SORBATE, PHENOXYETHANOL, SODIUM DEHYDROACETATE, CI 77491 (IRON OXIDES), CI 77492 (IRON OXIDES), CI 77499 (IRON OXIDES).","Eye Liner","Essence","https://phorcys-static.ewg.org/cdn-cgi/image/width=560,height=800,quality=60/https://phorcys-static.ewg.org/image/contents/820237/original."
"1773504362-308","https://www.ewg.org/skindeep/browse/brands/12717-essence/","https://www.ewg.org/skindeep/browse/brands/12717-essence/?brand=Essence&page=8","CORRECT & CONCEAL under eye brightening concealer, 30 Tan","Essence","https://phorcys-static.ewg.org/cdn-cgi/image/width=480,height=480,quality=60/https://phorcys-static.ewg.org/image/contents/820211/original.","Essence
         CORRECT & CONCEAL under eye brightening concealer, 30 Tan
      
      
        
            
              
                LOW HAZARD
              Data Availability: Fair","https://www.ewg.org/skindeep/products/3630996-Essence_CORRECT__CONCEAL_under_eye_brightening_concealer_30_Tan/","AQUA (WATER), ISONONYL ISONONANOATE, COCONUT ALKANES, GLYCERIN, TRIETHYLHEXANOIN, MAGNESIUM SULFATE, POLYGLYCERYL-4 DIISOSTEARATE/POLYHYDROXYSTEARATE/SEBACATE, DIISOSTEAROYL POLYGLYCERYL-3 DIMER DILINOLEATE, DISTEARDIMONIUM HECTORITE, ALOE BARBADENSIS LEAF JUICE, STEAROYL INULIN, HYDROGENATED LECITHIN, PROPYLENE CARBONATE, ETHYLHEXYLGLYCERIN, PHENOXYETHANOL, POTASSIUM SORBATE, SODIUM BENZOATE, ALUMINUM HYDROXIDE, CI 77491 (IRON OXIDES), CI 77492 (IRON OXIDES), CI 77499 (IRON OXIDES), CI 77891 (TITANIUM DIOXIDE).","Concealer","Essence","https://phorcys-static.ewg.org/cdn-cgi/image/width=560,height=800,quality=60/https://phorcys-static.ewg.org/image/contents/820211/original."
"1773504365-309","https://www.ewg.org/skindeep/browse/brands/12717-essence/","https://www.ewg.org/skindeep/browse/brands/12717-essence/?brand=Essence&page=8","Double Trouble Mascara, Extra Black","Essence","https://phorcys-static.ewg.org/cdn-cgi/image/width=480,height=480,quality=60/https://static.ewg.org/skindeep/img/missing_images/sd_logo.png","Essence
         Double Trouble Mascara, Extra Black
      
      
        
            
              
                LOW HAZARD
              Data Availability: Fair","https://www.ewg.org/skindeep/products/999949-Essence_Double_Trouble_Mascara_Extra_Black/","AQUA (WATER), GLYCERYL STEABATE, COPERNCA CERIFERA (CARNAUBA) WAX, SYNTHETIC WAX, VP/HEXADECENE COPOLYMER, GLYCERIN, SYNTHETIC BEESWAX, POLYVINYL ALCOHOL, PALMITIC ACID, STEARIC ACID, ACRYLATES COPOLYMER, OCTYLDODECANOL, TOCOPHEROL, CERA MICROCRISTALLINA (MICROCRYSTALLINE WAX), HYDROXYACETOPHENONE, ETHYLHEXGLYCERIN, SODIUM HYDROXIDE, PHENOXYETHANOL, CI 77007 (ULTRAMARINES), CI 77499 (IRON OXIDES).","Mascara","Essence","https://phorcys-static.ewg.org/cdn-cgi/image/width=560,height=800,quality=60/https://static.ewg.org/skindeep/img/missing_images/sd_logo.png"
"1773504367-310","https://www.ewg.org/skindeep/browse/brands/12717-essence/","https://www.ewg.org/skindeep/browse/brands/12717-essence/?brand=Essence&page=8","eyebrow designer, 11| deep brown","Essence","https://phorcys-static.ewg.org/cdn-cgi/image/width=480,height=480,quality=60/https://phorcys-static.ewg.org/image/contents/856733/original.","Essence
         eyebrow designer, 11| deep brown
      
      
        
            
              
                LOW HAZARD
              Data Availability: Fair","https://www.ewg.org/skindeep/products/7360266-Essence_eyebrow_designer_11_deep_brown/","TALC, HYDROGENATED COCO-GLYCERIDES, MICA, HYDROGENATED CASTOR OIL, GLYCERYL RICINOLEATE, HYDROGENATED VEGETABLE OIL, SYNTHETIC WAX, RICINUS COMMUNIS (CASTOR) SEED OIL, TOCOPHEROL, CI 77491 (IRON OXIDES), CI 77492 (IRON OXIDES), CI 77499 (IRON OXIDES).","Brow Liner","Essence","https://phorcys-static.ewg.org/cdn-cgi/image/width=560,height=800,quality=60/https://phorcys-static.ewg.org/image/contents/856733/original."
"1773504370-311","https://www.ewg.org/skindeep/browse/brands/12717-essence/","https://www.ewg.org/skindeep/browse/brands/12717-essence/?brand=Essence&page=8","Lash Princess False Lash Mascara (2020 formulation)","Essence","https://phorcys-static.ewg.org/cdn-cgi/image/width=480,height=480,quality=60/https://phorcys-static.ewg.org/image/contents/749148/original.","Essence
         Lash Princess False Lash Mascara (2020 formulation)
      
      
        
            
              
                LOW HAZARD
              Data Availability: Fair","https://www.ewg.org/skindeep/products/926613-Essence_Lash_Princess_False_Lash_Mascara_2020_formulation/","AQUA (WATER), CERA ALBA (BEESWAX), PARAFFIN, GLYCERYL STEARATE, ORYZA SATIVA (RICE) BRAN WAX, BUTYLENE GLYCOL, PALMITIC ACID, ACACIA SENEGAL GUM , POLYBUTENE, COPERNICIA CERIFERA (CARNAUBA) WAX, AMINOMETHYL PROPANOL, STEARIC ACID, VP/EICOSENE COPOLYMER, TOCOPHEROL, HYDROXYETHYLCELLULOSE, DIMETHICONE, POLYESTER-4, ETHYLHEXYLGLYCERIN, SODIUM NITRATE, PHENOXYETHANOL, POTASSIUM SORBATE, CI 77499 (IRON OXIDES)","Mascara","Essence","https://phorcys-static.ewg.org/cdn-cgi/image/width=560,height=800,quality=60/https://phorcys-static.ewg.org/image/contents/749148/original."
"1773504373-312","https://www.ewg.org/skindeep/browse/brands/12717-essence/","https://www.ewg.org/skindeep/browse/brands/12717-essence/?brand=Essence&page=8","META GLOW duo-chrome eye pencil, Galactic Chrome","Essence","https://phorcys-static.ewg.org/cdn-cgi/image/width=480,height=480,quality=60/https://phorcys-static.ewg.org/image/contents/856749/original.","Essence
         META GLOW duo-chrome eye pencil, Galactic Chrome
      
      
        
            
              
                LOW HAZARD
              Data Availability: Limited","https://www.ewg.org/skindeep/products/2651181-Essence_META_GLOW_duochrome_eye_pencil_Galactic_Chrome/","DIMETHICONE, SYNTHETIC FLUORPHLOGOPITE, ISODODECANE, POLYISOBUTENE, HYDROGENATED STYRENE/METHYLSTYRENE/INDENE COPOLYMER, HYDROGENATED POLYCYCLOPENTADIENE, SYNTHETIC WAX, ETHYLHEXYL PALMITATE, TOCOPHERYL ACETATE, ETHYLHEXYLGLYCERIN, PHENOXYETHANOL, TIN OXIDE, CI 77491 (IRON OXIDES), CI 77492 (IRON OXIDES), CI 77499 (IRON OXIDES), CI 77891 (TITANIUM DIOXIDE).","Eye Liner","Essence","https://phorcys-static.ewg.org/cdn-cgi/image/width=560,height=800,quality=60/https://phorcys-static.ewg.org/image/contents/856749/original."
"1773504376-313","https://www.ewg.org/skindeep/browse/brands/12717-essence/","https://www.ewg.org/skindeep/browse/brands/12717-essence/?brand=Essence&page=8","brow powder duo set, 01 Light","Essence","https://phorcys-static.ewg.org/cdn-cgi/image/width=480,height=480,quality=60/https://phorcys-static.ewg.org/image/contents/820148/original.","Essence
         brow powder duo set, 01 Light
      
      
        
            
              
                LOW HAZARD
              Data Availability: Fair","https://www.ewg.org/skindeep/products/8090355-Essence_brow_powder_duo_set_01_Light/","TALC, MICA, ETHYLHEXYL PALMITATE, SILICA, PENTAERYTHRITYL TETRAISOSTEARATE, MAGNESIUM STEARATE, METHICONE, LAUROYL LYSINE, ETHYLHEXYLGLYCERIN, PHENOXYETHANOL, ALUMINUM HYDROXIDE, CI 77491, CI 77492, CI 77499 (IRON OXIDES), CI 77891 (TITANIUM DIOXIDE).","Brow Liner","Essence","https://phorcys-static.ewg.org/cdn-cgi/image/width=560,height=800,quality=60/https://phorcys-static.ewg.org/image/contents/820148/original."
"1773504378-314","https://www.ewg.org/skindeep/browse/brands/12717-essence/","https://www.ewg.org/skindeep/browse/brands/12717-essence/?brand=Essence&page=8","Wow What A Brow Pen Waterproof, Dark Brown 03","Essence","https://phorcys-static.ewg.org/cdn-cgi/image/width=480,height=480,quality=60/https://phorcys-static.ewg.org/image/contents/856692/original.","Essence
         Wow What A Brow Pen Waterproof, Dark Brown 03
      
      
        
            
              
                LOW HAZARD
              Data Availability: Fair","https://www.ewg.org/skindeep/products/5763286-Essence_Wow_What_A_Brow_Pen_Waterproof_Dark_Brown_03/","EUPHORBIA CERIFERA (CANDELILLA) WAX, RICINUS COMMUNIS (CASTOR) SEED OIL, OCTYLDODECANOL, CALCIUM CARBONATE, COPERNICIA CERIFERA (CARNAUBA) WAX, SYNTHETIC FLUORPHLOGOPITE, OLEA EUROPAEA (OLIVE) OIL UNSAPONIFIABLES, OLEA EUROPAEA (OLIVE) FRUIT OIL, HYDROGENATED OLIVE OIL, GLYCERYL CAPRYLATE, SYNTHETIC BEESWAX, PENTAERYTHRITYL TETRA-DI-T-BUTYL HYDROXYHYDROCINNAMATE, ALUMINUM HYDROXIDE, BENZYL ALCOHOL, CI 77491 (IRON OXIDES), CI 77492 (IRON OXIDES), CI 77499 (IRON OXIDES), CI 77891 (TITANIUM DIOXIDE).","Brow Liner","Essence","https://phorcys-static.ewg.org/cdn-cgi/image/width=560,height=800,quality=60/https://phorcys-static.ewg.org/image/contents/856692/original."
"1773504381-315","https://www.ewg.org/skindeep/browse/brands/12717-essence/","https://www.ewg.org/skindeep/browse/brands/12717-essence/?brand=Essence&page=8","MAGIC FILTER glow booster, 30 Medium/Tan","Essence","https://phorcys-static.ewg.org/cdn-cgi/image/width=480,height=480,quality=60/https://phorcys-static.ewg.org/image/contents/856849/original.","Essence
         MAGIC FILTER glow booster, 30 Medium/Tan
      
      
        
            
              
                LOW HAZARD
              Data Availability: Fair","https://www.ewg.org/skindeep/products/4338432-Essence_MAGIC_FILTER_glow_booster_30_MediumTan/",": AQUA (WATER), OCTYLDODECANOL, ETHYLHEXYL POLYHYDROXYSTEARATE, ISOAMYL LAURATE, GLYCERIN, POLYGLYCERYL-4 DIISOSTEARATE/POLYHYDROXYSTEARATE/SEBACATE, MICA, MAGNESIUM SULFATE, HYDROGENATED CASTOR OIL, RICINUS COMMUNIS (CASTOR) SEED OIL, SODIUM HYALURONATE, DISTEARDIMONIUM HECTORITE, PROPYLENE CARBONATE, SORBITAN OLIVATE, CAPROIC ACID, PHENOXYETHANOL, BENZOIC ACID, DEHYDROACETIC ACID, CI 77491 (IRON OXIDES), CI 77492 (IRON OXIDES), CI 77499 (IRON OXIDES), CI 77891 (TITANIUM DIOXIDE).","Foundation","Essence","https://phorcys-static.ewg.org/cdn-cgi/image/width=560,height=800,quality=60/https://phorcys-static.ewg.org/image/contents/856849/original."
"1773504384-316","https://www.ewg.org/skindeep/browse/brands/12717-essence/","https://www.ewg.org/skindeep/browse/brands/12717-essence/?brand=Essence&page=8","CONTOURING duo stick, deep 50","Essence","https://phorcys-static.ewg.org/cdn-cgi/image/width=480,height=480,quality=60/https://phorcys-static.ewg.org/image/contents/820218/original.","Essence
         CONTOURING duo stick, deep 50
      
      
        
            
              
                LOW HAZARD
              Data Availability: Fair","https://www.ewg.org/skindeep/products/9780976-Essence_CONTOURING_duo_stick_deep_50/","CAPRYLIC/CAPRIC TRIGLYCERIDE, EUPHORBIA CERIFERA CERA (EUPHORBIA CERIFERA (CANDELILLA) WAX), POLYBUTENE, ETHYLHEXYL PALMITATE, DIISOSTEARYL MALATE, HELIANTHUS ANNUUS (SUNFLOWER) SEED WAX, BIS-DIGLYCERYL POLYACYLADIPATE-2, SILICA, ALUMINUM STARCH OCTENYLSUCCINATE, TOCOPHERYL ACETATE, ETHYLHEXYLGLYCERIN, PHENOXYETHANOL, MAY CONTAIN/[+/-]: CI 77491, CI 77492, CI 77499 (IRON OXIDE), CI 77891 (TITANIUM DIOXIDE).","Bronzer/Highlighter","Essence","https://phorcys-static.ewg.org/cdn-cgi/image/width=560,height=800,quality=60/https://phorcys-static.ewg.org/image/contents/820218/original."
"1773504387-317","https://www.ewg.org/skindeep/browse/brands/12717-essence/","https://www.ewg.org/skindeep/browse/brands/12717-essence/?brand=Essence&page=8",", Myskin Perfector Loose Fixing Powder 10 Light","Essence","https://phorcys-static.ewg.org/cdn-cgi/image/width=480,height=480,quality=60/https://phorcys-static.ewg.org/image/contents/583324/original.","Essence
         , Myskin Perfector Loose Fixing Powder 10 Light
      
      
        
            
              
                LOW HAZARD
              Data Availability: Fair","https://www.ewg.org/skindeep/products/959128-Essence_Essence_Myskin_Perfector_Loose_Fixing_Powder_10_Light/","TALC, SILICA, POLYMETHYL METHACRYLATE, MICA, SQUALANE, BORON NITRIDE, DIMETHICONE, POTASSIUM SORBATE, SODIUM DEHYDROACETATE, DEHYDROACETIC ACID, CI 15850 (RED 7 LAKE), CI 77491, CI 77492, CI 77499 (IRON OXIDES), CI 77891 (TITANIUM DIOXIDE).","Facial Powder","Essence","https://phorcys-static.ewg.org/cdn-cgi/image/width=560,height=800,quality=60/https://phorcys-static.ewg.org/image/contents/583324/original."
"1773504389-318","https://www.ewg.org/skindeep/browse/brands/12717-essence/","https://www.ewg.org/skindeep/browse/brands/12717-essence/?brand=Essence&page=7",", Instant Blur Effect Natural Matte Finish Myskin Perfector...","Essence","https://phorcys-static.ewg.org/cdn-cgi/image/width=480,height=480,quality=60/https://phorcys-static.ewg.org/image/contents/583320/original.","Essence
         , Instant Blur Effect Natural Matte Finish Myskin Perfector...
      
      
        
            
              
                LOW HAZARD
              Data Availability: Fair","https://www.ewg.org/skindeep/products/959476-Essence_Essence_Instant_Blur_Effect_Natural_Matte_Finish_Myskin_Perfector_Loose_Fixing_Powder_Fair_05/","TALC, SILICA, POLYMETHYL METHACRYLATE, MICA, SQUALENE, BORON NITRIDE, DIMETHICONE, POTASSIUM SORBATE, SODIUM DEHYDROACETATE, DEHYDROACETIC ACID, CI 77491, CI 77492, CI 77499 (IRON OXIDES)","Facial Powder","Essence","https://phorcys-static.ewg.org/cdn-cgi/image/width=560,height=800,quality=60/https://phorcys-static.ewg.org/image/contents/583320/original."
"1773504392-319","https://www.ewg.org/skindeep/browse/brands/12717-essence/","https://www.ewg.org/skindeep/browse/brands/12717-essence/?brand=Essence&page=7","brow powder duo set, 03 Dark","Essence","https://phorcys-static.ewg.org/cdn-cgi/image/width=480,height=480,quality=60/https://phorcys-static.ewg.org/image/contents/820149/original.","Essence
         brow powder duo set, 03 Dark
      
      
        
            
              
                LOW HAZARD
              Data Availability: Fair","https://www.ewg.org/skindeep/products/6217124-Essence_brow_powder_duo_set_03_Dark/","TALC, MICA, ETHYLHEXYL PALMITATE, SILICA, PENTAERYTHRITYL TETRAISOSTEARATE, MAGNESIUM STEARATE, LAUROYL LYSINE, METHICONE, ETHYLHEXYLGLYCERIN, PHENOXYETHANOL, ALUMINUM HYDROXIDE, CI 77007 (ULTRAMARINES), CI 77491, CI 77492, CI 77499 (IRON OXIDES). AND/UND INGREDIENTS NO 2: MICA, TALC, ETHYLHEXYL PALMITATE, SILICA, PENTAERYTHRITYL TETRAISOSTEARATE, MAGNESIUM STEARATE, LAUROYL LYSINE, METHICONE, ETHYLHEXYLGLYCERIN, PHENOXYETHANOL, ALUMINUM HYDROXIDE, CI 77007 (ULTRAMARINES), CI 77491, CI 77492, CI 77499 (IRON OXIDES).","Brow Liner","Essence","https://phorcys-static.ewg.org/cdn-cgi/image/width=560,height=800,quality=60/https://phorcys-static.ewg.org/image/contents/820149/original."
"1773504395-320","https://www.ewg.org/skindeep/browse/brands/12717-essence/","https://www.ewg.org/skindeep/browse/brands/12717-essence/?brand=Essence&page=7","BLUSH crush!, 60 Lovely Lilac","Essence","https://phorcys-static.ewg.org/cdn-cgi/image/width=480,height=480,quality=60/https://phorcys-static.ewg.org/image/contents/856873/original.","Essence
         BLUSH crush!, 60 Lovely Lilac
      
      
        
            
              
                LOW HAZARD
              Data Availability: Fair","https://www.ewg.org/skindeep/products/2461476-Essence_BLUSH_crush_60_Lovely_Lilac/",": MICA, ALUMINUM STARCH OCTENYLSUCCINATE, ISOCETYL STEAROYL STEARATE, SILICA, ZINC STEARATE, SQUALANE, TOCOPHERYL ACETATE, DIMETHICONE, KAOLIN, ETHYLHEXYLGLYCERIN, PHENOXYETHANOL, CI 15850 (RED 7 LAKE), CI 77007 (ULTRAMARINES).","Blush","Essence","https://phorcys-static.ewg.org/cdn-cgi/image/width=560,height=800,quality=60/https://phorcys-static.ewg.org/image/contents/856873/original."
"1773504397-321","https://www.ewg.org/skindeep/browse/brands/12717-essence/","https://www.ewg.org/skindeep/browse/brands/12717-essence/?brand=Essence&page=7","Bright Eyes! Under Eye Stick, Soft Rose 01","Essence","https://phorcys-static.ewg.org/cdn-cgi/image/width=480,height=480,quality=60/https://phorcys-static.ewg.org/image/contents/856697/original.","Essence
         Bright Eyes! Under Eye Stick, Soft Rose 01
      
      
        
            
              
                LOW HAZARD
              Data Availability: Limited","https://www.ewg.org/skindeep/products/6492420-Essence_Bright_Eyes_Under_Eye_Stick_Soft_Rose_01/","ETHYLHEXYL PALMITATE, EUPHORBIA CERIFERA CERA (EUPHORBIA CERIFERA (CANDELILLA) WAX), MICA, ISOSTEARYL ALCOHOL, DISTEARDIMONIUM HECTORITE, HYDROGENATED CASTOR OIL/SEBACIC ACID COPOLYMER, HELIANTHUS ANNUUS (SUNFLOWER) SEED OIL, SODIUM HYALURONATE, ALOE BARBADENSIS LEAF EXTRACT, TOCOPHEROL, PROPYLENE CARBONATE, GLYCERYL CAPRYLATE, C10-18 TRIGLYCERIDES, PENTAERYTHRITYL TETRA-DI-T-BUTYL HYDROXYHYDROCINNAMATE, TRIOLEIN, GLYCERYL DIOLEATE, ALUMINUM HYDROXIDE, TIN OXIDE, CI 77491 (IRON OXIDES), CI 77492 (IRON OXIDES), CI 77891 (TITANIUM DIOXIDE).","Around Eye Cream","Essence","https://phorcys-static.ewg.org/cdn-cgi/image/width=560,height=800,quality=60/https://phorcys-static.ewg.org/image/contents/856697/original."
"1773504400-322","https://www.ewg.org/skindeep/browse/brands/12717-essence/","https://www.ewg.org/skindeep/browse/brands/12717-essence/?brand=Essence&page=7","Wow What A Brow Pen Waterproof, Brown 02","Essence","https://phorcys-static.ewg.org/cdn-cgi/image/width=480,height=480,quality=60/https://phorcys-static.ewg.org/image/contents/856691/original.","Essence
         Wow What A Brow Pen Waterproof, Brown 02
      
      
        
            
              
                LOW HAZARD
              Data Availability: Fair","https://www.ewg.org/skindeep/products/1260355-Essence_Wow_What_A_Brow_Pen_Waterproof_Brown_02/","EUPHORBIA CERIFERA (CANDELILLA) WAX, RICINUS COMMUNIS (CASTOR) SEED OIL, OCTYLDODECANOL, CALCIUM CARBONATE, COPERNICIA CERIFERA (CARNAUBA) WAX, SYNTHETIC FLUORPHLOGOPITE, OLEA EUROPAEA (OLIVE) OIL UNSAPONIFIABLES, OLEA EUROPAEA (OLIVE) FRUIT OIL, HYDROGENATED OLIVE OIL, GLYCERYL CAPRYLATE, SYNTHETIC BEESWAX, PENTAERYTHRITYL TETRA-DI-T-BUTYL HYDROXYHYDROCINNAMATE, ALUMINUM HYDROXIDE, BENZYL ALCOHOL, CI 77491 (IRON OXIDES), CI 77492 (IRON OXIDES), CI 77499 (IRON OXIDES), CI 77891 (TITANIUM DIOXIDE).","Brow Liner","Essence","https://phorcys-static.ewg.org/cdn-cgi/image/width=560,height=800,quality=60/https://phorcys-static.ewg.org/image/contents/856691/original."
"1773504402-323","https://www.ewg.org/skindeep/browse/brands/12717-essence/","https://www.ewg.org/skindeep/browse/brands/12717-essence/?brand=Essence&page=7",", the Blush, Beloved 40","Essence","https://phorcys-static.ewg.org/cdn-cgi/image/width=480,height=480,quality=60/https://phorcys-static.ewg.org/image/contents/583534/original.","Essence
         , the Blush, Beloved 40
      
      
        
            
              
                LOW HAZARD
              Data Availability: Limited","https://www.ewg.org/skindeep/products/956576-Essence_Essence_the_Blush_Beloved_40/","TALC, MICA, ALUMINUM STARCH OCTENYLSUCCINATE, MAGNESIUM STEARATE, ISOCETYL STEAROYL STEARATE, OCTYLDODECYL STEARATE, ETHYLHEXYLGLYCERIN, ALUMINUM HYDROXIDE, PHENOXYETHANOL, CI 15850 (RED 6 LAKE, RED 7 LAKE), CI 77491, CI 77499 (IRON OXIDES).","Blush","Essence","https://phorcys-static.ewg.org/cdn-cgi/image/width=560,height=800,quality=60/https://phorcys-static.ewg.org/image/contents/583534/original."
"1773504405-324","https://www.ewg.org/skindeep/browse/brands/12717-essence/","https://www.ewg.org/skindeep/browse/brands/12717-essence/?brand=Essence&page=7","META GLOW duo-chrome eye pencil, Chromefinity","Essence","https://phorcys-static.ewg.org/cdn-cgi/image/width=480,height=480,quality=60/https://phorcys-static.ewg.org/image/contents/856750/original.","Essence
         META GLOW duo-chrome eye pencil, Chromefinity
      
      
        
            
              
                LOW HAZARD
              Data Availability: Limited","https://www.ewg.org/skindeep/products/3791227-Essence_META_GLOW_duochrome_eye_pencil_Chromefinity/","CALCIUM ALUMINUM BOROSILICATE, DIMETHICONE, ISODODECANE, POLYISOBUTENE, HYDROGENATED STYRENE/METHYLSTYRENE/INDENE COPOLYMER, HYDROGENATED POLYCYCLOPENTADIENE, SYNTHETIC WAX, ETHYLHEXYL PALMITATE, TOCOPHERYL ACETATE, ETHYLHEXYLGLYCERIN, PHENOXYETHANOL, TIN OXIDE, CI 77891 (TITANIUM DIOXIDE).","Eye Liner","Essence","https://phorcys-static.ewg.org/cdn-cgi/image/width=560,height=800,quality=60/https://phorcys-static.ewg.org/image/contents/856750/original."
"1773504408-325","https://www.ewg.org/skindeep/browse/brands/12717-essence/","https://www.ewg.org/skindeep/browse/brands/12717-essence/?brand=Essence&page=7","MAGIC FILTER glow booster, 70 Rich","Essence","https://phorcys-static.ewg.org/cdn-cgi/image/width=480,height=480,quality=60/https://phorcys-static.ewg.org/image/contents/856853/original.","Essence
         MAGIC FILTER glow booster, 70 Rich
      
      
        
            
              
                LOW HAZARD
              Data Availability: Fair","https://www.ewg.org/skindeep/products/4684711-Essence_MAGIC_FILTER_glow_booster_70_Rich/",": AQUA (WATER), OCTYLDODECANOL, ETHYLHEXYL POLYHYDROXYSTEARATE, ISOAMYL LAURATE, POLYGLYCERYL-4 DIISOSTEARATE/POLYHYDROXYSTEARATE/SEBACATE, GLYCERIN, HYDROGENATED CASTOR OIL, MAGNESIUM SULFATE, RICINUS COMMUNIS (CASTOR) SEED OIL, SODIUM HYALURONATE, MICA, DISTEARDIMONIUM HECTORITE, PROPYLENE CARBONATE, ISOSTEARYL SEBACATE, SORBITAN OLIVATE, DISODIUM STEAROYL GLUTAMATE, CAPROIC ACID, PHENOXYETHANOL, BENZOIC ACID, DEHYDROACETIC ACID, ALUMINUM HYDROXIDE, CI 77491 (IRON OXIDES), CI 77492 (IRON OXIDES), CI 77499 (IRON OXIDES), CI 77891 (TITANIUM DIOXIDE).","Foundation","Essence","https://phorcys-static.ewg.org/cdn-cgi/image/width=560,height=800,quality=60/https://phorcys-static.ewg.org/image/contents/856853/original."
"1773504411-326","https://www.ewg.org/skindeep/browse/brands/12717-essence/","https://www.ewg.org/skindeep/browse/brands/12717-essence/?brand=Essence&page=7","Cosmetics The False Lashes Mascara Dramatic Volume Unlimited","Essence","https://phorcys-static.ewg.org/cdn-cgi/image/width=480,height=480,quality=60/https://phorcys-static.ewg.org/image/contents/572506/original.","Essence
         Cosmetics The False Lashes Mascara Dramatic Volume Unlimited
      
      
        
            
              
                LOW HAZARD
              Data Availability: Fair","https://www.ewg.org/skindeep/products/956207-Essence_Cosmetics_The_False_Lashes_Mascara_Dramatic_Volume_Unlimited/","AQUA (WATER), PARAFFIN, GLYCERYL STEARATE, SYNTHETIC BEESWAX, STEARIC ACID, ACACIA SENEGAL GUM , BUTYLENE GLYCOL, PALMITIC ACID, POLYBUTENE, ORYZA SATIVA (RICE) BRAN WAX, VP/EICOSENE COPOLYMER, OZOKERITE, AMINOMETHYL PROPANOL, TROPOLONE, HYDROGENATED VEGETABLE OIL, STEARYL STEARATE, HYDROXYETHYLCELLULOSE, PHENOXYETHANOL, CI 77499 (IRON OXIDES)","Mascara","Essence","https://phorcys-static.ewg.org/cdn-cgi/image/width=560,height=800,quality=60/https://phorcys-static.ewg.org/image/contents/572506/original."
"1773504414-327","https://www.ewg.org/skindeep/browse/brands/12717-essence/","https://www.ewg.org/skindeep/browse/brands/12717-essence/?brand=Essence&page=7","Another Volume Mascara","Essence","https://phorcys-static.ewg.org/cdn-cgi/image/width=480,height=480,quality=60/https://static.ewg.org/skindeep/img/missing_images/sd_logo.png","Essence
         Another Volume Mascara
      
      
        
            
              
                LOW HAZARD
              Data Availability: Fair","https://www.ewg.org/skindeep/products/1000931-Essence_Another_Volume_Mascara/","AQUA (WATER), ISODODECANE, SYNTHETIC BEESWAX, GLYCERYL STEARATE SE, COPERNICIA CERIFERA (CARNAUBA)WAX, VP/EICOSENE COPOLYMER, PALMITIC ACID, POLYBUTENE, ACACIA SENEGAL GUM, HYDRATED SILICA, STEARIC ACID, AMINOMETHYL PROPANEDIOL, CENTAUREA CYANUS FLOWER WATER, PANTHENOL, SODIUM HYALURONATE, GLYCERIN, POLYESTER-5, POLYVINYL ALCOHOL, VP/VA COPOLYMER, CAPRYLYL GLYCOL, 1,2-HEXANEDIOL, HYDROXYACETOPHENONE, XANTHAN GUM, BENZYL ALCOHOL, SODIUM BENZOATE, POTASSIUM SORBATE, CI 77499 (IRON OXIDES).","Mascara","Essence","https://phorcys-static.ewg.org/cdn-cgi/image/width=560,height=800,quality=60/https://static.ewg.org/skindeep/img/missing_images/sd_logo.png"
"1773504417-328","https://www.ewg.org/skindeep/browse/brands/12717-essence/","https://www.ewg.org/skindeep/browse/brands/12717-essence/?brand=Essence&page=7","I LOVE EXTREME BLUE crazy volume mascara","Essence","https://phorcys-static.ewg.org/cdn-cgi/image/width=480,height=480,quality=60/https://phorcys-static.ewg.org/image/contents/820231/original.","Essence
         I LOVE EXTREME BLUE crazy volume mascara
      
      
        
            
              
                LOW HAZARD
              Data Availability: Fair","https://www.ewg.org/skindeep/products/4951022-Essence_I_LOVE_EXTREME_BLUE_crazy_volume_mascara/","AQUA (WATER), PARAFFIN, GLYCERYL STEARATE, SYNTHETIC BEESWAX, STEARIC ACID, BUTYLENE GLYCOL, ACACIA SENEGAL GUM, PALMITIC ACID, ORYZA SATIVA CERA (ORYZA SATIVA (RICE) BRAN WAX), POLYBUTENE, VP/EICOSENE COPOLYMER, AMINOMETHYL PROPANEDIOL, OZOKERITE, TROPOLONE, HYDROGENATED VEGETABLE OIL, STEARYL STEARATE, HYDROXYETHYLCELLULOSE, DISODIUM PHOSPHATE, POLYSORBATE 60, SODIUM PHOSPHATE, PHENOXYETHANOL, CI 77007 (ULTRAMARINES).","Mascara","Essence","https://phorcys-static.ewg.org/cdn-cgi/image/width=560,height=800,quality=60/https://phorcys-static.ewg.org/image/contents/820231/original."
"1773504420-329","https://www.ewg.org/skindeep/browse/brands/12717-essence/","https://www.ewg.org/skindeep/browse/brands/12717-essence/?brand=Essence&page=7","CONTOURING duo stick, light 20","Essence","https://phorcys-static.ewg.org/cdn-cgi/image/width=480,height=480,quality=60/https://phorcys-static.ewg.org/image/contents/820215/original.","Essence
         CONTOURING duo stick, light 20
      
      
        
            
              
                LOW HAZARD
              Data Availability: Fair","https://www.ewg.org/skindeep/products/1468261-Essence_CONTOURING_duo_stick_light_20/","CAPRYLIC/CAPRIC TRIGLYCERIDE, EUPHORBIA CERIFERA CERA (EUPHORBIA CERIFERA (CANDELILLA) WAX), POLYBUTENE, ETHYLHEXYL PALMITATE, DIISOSTEARYL MALATE, HELIANTHUS ANNUUS (SUNFLOWER) SEED WAX, BIS-DIGLYCERYL POLYACYLADIPATE-2, SILICA, ALUMINUM STARCH OCTENYLSUCCINATE, TOCOPHERYL ACETATE, ETHYLHEXYLGLYCERIN, PHENOXYETHANOL, MAY CONTAIN/[+/-]: CI 77491, CI 77492, CI 77499 (IRON OXIDE), CI 77891 (TITANIUM DIOXIDE)","Bronzer/Highlighter","Essence","https://phorcys-static.ewg.org/cdn-cgi/image/width=560,height=800,quality=60/https://phorcys-static.ewg.org/image/contents/820215/original."
"1773504422-330","https://www.ewg.org/skindeep/browse/brands/12717-essence/","https://www.ewg.org/skindeep/browse/brands/12717-essence/?brand=Essence&page=6","kajal pencil, 01 black","Essence","https://phorcys-static.ewg.org/cdn-cgi/image/width=480,height=480,quality=60/https://phorcys-static.ewg.org/image/contents/856737/original.","Essence
         kajal pencil, 01 black
      
      
        
            
              
                LOW HAZARD
              Data Availability: Limited","https://www.ewg.org/skindeep/products/9303364-Essence_kajal_pencil_01_black/","HYDROGENATED COCO-GLYCERIDES, OZOKERITE, OCTYLDODECANOL, TRIMYRISTIN, HYDROGENATED CASTOR OIL, MICA, BUTYROSPERMUM PARKII (SHEA) BUTTER, JOJOBA ESTERS, HYDROGENATED SOYBEAN OIL, TOCOPHEROL, SILICA, CAPRYLYL GLYCOL, PENTAERYTHRITYL TETRA-DI-T-BUTYL HYDROXYHYDROCINNAMATE, CI 77499 (IRON OXIDES), CI 77510 (FERRIC AMMONIUM FERROCYANIDE).","Eye Liner","Essence","https://phorcys-static.ewg.org/cdn-cgi/image/width=560,height=800,quality=60/https://phorcys-static.ewg.org/image/contents/856737/original."
"1773504425-331","https://www.ewg.org/skindeep/browse/brands/12717-essence/","https://www.ewg.org/skindeep/browse/brands/12717-essence/?brand=Essence&page=6","soft & precise lip pencil, 02| happy","Essence","https://phorcys-static.ewg.org/cdn-cgi/image/width=480,height=480,quality=60/https://phorcys-static.ewg.org/image/contents/856764/original.","Essence
         soft & precise lip pencil, 02| happy
      
      
        
            
              
                LOW HAZARD
              Data Availability: Fair","https://www.ewg.org/skindeep/products/1815877-Essence_soft__precise_lip_pencil_02_happy/",": C10-18 TRIGLYCERIDES, MICA, HYDROGENATED VEGETABLE OIL, TALC, CAPRYLIC/CAPRIC TRIGLYCERIDE, SYNTHETIC JAPAN WAX, TOCOPHEROL, ASCORBYL PALMITATE, CI 15850 (RED 7), CI 77491 (IRON OXIDES), CI 77492 (IRON OXIDES), CI 77499 (IRON OXIDES), CI 77891 (TITANIUM DIOXIDE).","Lip Liner","Essence","https://phorcys-static.ewg.org/cdn-cgi/image/width=560,height=800,quality=60/https://phorcys-static.ewg.org/image/contents/856764/original."
"1773504428-332","https://www.ewg.org/skindeep/browse/brands/12717-essence/","https://www.ewg.org/skindeep/browse/brands/12717-essence/?brand=Essence&page=6","NATURAL MATTE MOUSSE FOUNDATION, 40","Essence","https://phorcys-static.ewg.org/cdn-cgi/image/width=480,height=480,quality=60/https://phorcys-static.ewg.org/image/contents/856839/original.","Essence
         NATURAL MATTE MOUSSE FOUNDATION, 40
      
      
        
            
              
                LOW HAZARD
              Data Availability: Fair","https://www.ewg.org/skindeep/products/6560909-Essence_NATURAL_MATTE_MOUSSE_FOUNDATION_40/",": DIMETHICONE, ISODODECANE, DIMETHICONE CROSSPOLYMER, CETYL DIGLYCERYL TRIS(TRIMETHYLSILOXY)SILYLETHYL DIMETHICONE, HYDROGENATED CASTOR OIL, SILICA, TRIMETHYLSILOXYSILICATE, CALCIUM CARBONATE, MICA, C30-45 ALKYL DIMETHICONE, DISTEARDIMONIUM HECTORITE, TOCOPHEROL, HELIANTHUS ANNUUS (SUNFLOWER) SEED OIL, STEARYL DIMETHICONE, METHICONE, ETHYLHEXYLGLYCERIN, PROPYLENE CARBONATE, OCTADECENE, HEXADECENE, TALC, CI 77491 (IRON OXIDES), CI 77492 (IRON OXIDES), CI 77499 (IRON OXIDES), CI 77891 (TITANIUM DIOXIDE).","Foundation","Essence","https://phorcys-static.ewg.org/cdn-cgi/image/width=560,height=800,quality=60/https://phorcys-static.ewg.org/image/contents/856839/original."
"1773504431-333","https://www.ewg.org/skindeep/browse/brands/12717-essence/","https://www.ewg.org/skindeep/browse/brands/12717-essence/?brand=Essence&page=6","All About Matt! Fixing Compact Powder (2019 formulation)","Essence","https://phorcys-static.ewg.org/cdn-cgi/image/width=480,height=480,quality=60/https://phorcys-static.ewg.org/image/contents/742718/original.","Essence
         All About Matt! Fixing Compact Powder (2019 formulation)
      
      
        
            
              
                LOW HAZARD
              Data Availability: Fair","https://www.ewg.org/skindeep/products/850572-Essence_All_About_Matt_Fixing_Compact_Powder_2019_formulation/","TALC, ALUMINUM STARCH OCTENYLSUCCINATE, SAPHIRE POWDER, AQUA (WATER), MAGNESIUM STEARATE, CAPRYLIC/CAPRIC TRIGLYCERIDE, BIS-DIGLYCERYL POLYACYLADIPATE-2, ETHYLHEXYL PALMITATE, CAPRYLYL GLYCOL, HEXYLENE GLYCOL, PHENOXYETHANOL.","Facial Powder","Essence","https://phorcys-static.ewg.org/cdn-cgi/image/width=560,height=800,quality=60/https://phorcys-static.ewg.org/image/contents/742718/original."
"1773504433-334","https://www.ewg.org/skindeep/browse/brands/12717-essence/","https://www.ewg.org/skindeep/browse/brands/12717-essence/?brand=Essence&page=6","Hydro Gel Eye Patches","Essence","https://phorcys-static.ewg.org/cdn-cgi/image/width=480,height=480,quality=60/https://phorcys-static.ewg.org/image/contents/856705/original.","Essence
         Hydro Gel Eye Patches
      
      
        
            
              
                LOW HAZARD
              Data Availability: Fair","https://www.ewg.org/skindeep/products/9865674-Essence_Hydro_Gel_Eye_Patches/","AQUA (WATER), GLYCERIN, PROPYLENE GLYCOL, CARRAGEENAN, SACCHARIDE ISOMERATE, SODIUM HYALURONATE, POLYGLUTAMIC ACID, YEAST BETA-GLUCAN, 1,2-HEXANEDIOL, XANTHAN GUM, HYDROXYACETOPHENONE, SYNTHETIC FLUORPHLOGOPITE, CAPRYLYL GLYCOL, ETHYLHEXYLGLYCERIN, TIN OXIDE, PHENOXYETHANOL, CI 77491 (IRON OXIDES), CI 77891 (TITANIUM DIOXIDE).","Mask","Essence","https://phorcys-static.ewg.org/cdn-cgi/image/width=560,height=800,quality=60/https://phorcys-static.ewg.org/image/contents/856705/original."
"1773504436-335","https://www.ewg.org/skindeep/browse/brands/12717-essence/","https://www.ewg.org/skindeep/browse/brands/12717-essence/?brand=Essence&page=6","Loose Setting Powder, Banana 01","Essence","https://phorcys-static.ewg.org/cdn-cgi/image/width=480,height=480,quality=60/https://static.ewg.org/skindeep/img/missing_images/sd_logo.png","Essence
         Loose Setting Powder, Banana 01
      
      
        
            
              
                LOW HAZARD
              Data Availability: Fair","https://www.ewg.org/skindeep/products/1045128-Essence_Loose_Setting_Powder_Banana_01/","ALUMINUM STARCH OCTENYLSUCCINATE, TALC, ETHYLHEXYLGLYCERIN, PHENOXYETHANOL, CI 77491, CI 77492, CI 77499 (IRON OXIDES)","Facial Powder","","https://phorcys-static.ewg.org/cdn-cgi/image/width=560,height=800,quality=60/https://static.ewg.org/skindeep/img/missing_images/sd_logo.png"
"1773504438-336","https://www.ewg.org/skindeep/browse/brands/12717-essence/","https://www.ewg.org/skindeep/browse/brands/12717-essence/?brand=Essence&page=6","make me brow eyebrow gel mascara, chocolaty brows 05","Essence","https://phorcys-static.ewg.org/cdn-cgi/image/width=480,height=480,quality=60/https://phorcys-static.ewg.org/image/contents/856744/original.","Essence
         make me brow eyebrow gel mascara, chocolaty brows 05
      
      
        
            
              
                LOW HAZARD
              Data Availability: Fair","https://www.ewg.org/skindeep/products/5184040-Essence_make_me_brow_eyebrow_gel_mascara_chocolaty_brows_05/","AQUA (WATER), ALCOHOL DENAT., VP/VA COPOLYMER, CARBOMER, GLYCERIN, TROPOLONE, BUTYLENE GLYCOL, CELLULOSE, CAPRYLYL GLYCOL, 1,2-HEXANEDIOL, GALACTOARABINAN, HYDROXYACETOPHENONE, SODIUM HYDROXIDE, CI 77491 (IRON OXIDES), CI 77492 (IRON OXIDES), CI 77499 (IRON OXIDES), CI 77891 (TITANIUM DIOXIDE).","Brow Liner","Essence","https://phorcys-static.ewg.org/cdn-cgi/image/width=560,height=800,quality=60/https://phorcys-static.ewg.org/image/contents/856744/original."
"1773504441-337","https://www.ewg.org/skindeep/browse/brands/12717-essence/","https://www.ewg.org/skindeep/browse/brands/12717-essence/?brand=Essence&page=6","NATURAL MATTE MOUSSE FOUNDATION, 50","Essence","https://phorcys-static.ewg.org/cdn-cgi/image/width=480,height=480,quality=60/https://phorcys-static.ewg.org/image/contents/856841/original.","Essence
         NATURAL MATTE MOUSSE FOUNDATION, 50
      
      
        
            
              
                LOW HAZARD
              Data Availability: Fair","https://www.ewg.org/skindeep/products/8953190-Essence_NATURAL_MATTE_MOUSSE_FOUNDATION_50/",": DIMETHICONE, ISODODECANE, DIMETHICONE CROSSPOLYMER, CETYL DIGLYCERYL TRIS(TRIMETHYLSILOXY)SILYLETHYL DIMETHICONE, HYDROGENATED CASTOR OIL, SILICA, TRIMETHYLSILOXYSILICATE, CALCIUM CARBONATE, MICA, C30-45 ALKYL DIMETHICONE, DISTEARDIMONIUM HECTORITE, TOCOPHEROL, HELIANTHUS ANNUUS (SUNFLOWER) SEED OIL, STEARYL DIMETHICONE, METHICONE, ETHYLHEXYLGLYCERIN, PROPYLENE CARBONATE, OCTADECENE, HEXADECENE, TALC, CI 77491 (IRON OXIDES), CI 77492 (IRON OXIDES), CI 77499 (IRON OXIDES), CI 77891 (TITANIUM DIOXIDE).","Foundation","Essence","https://phorcys-static.ewg.org/cdn-cgi/image/width=560,height=800,quality=60/https://phorcys-static.ewg.org/image/contents/856841/original."
"1773504444-338","https://www.ewg.org/skindeep/browse/brands/12717-essence/","https://www.ewg.org/skindeep/browse/brands/12717-essence/?brand=Essence&page=6","soft & precise lip pencil, 302| Heavenly","Essence","https://phorcys-static.ewg.org/cdn-cgi/image/width=480,height=480,quality=60/https://phorcys-static.ewg.org/image/contents/856773/original.","Essence
         soft & precise lip pencil, 302| Heavenly
      
      
        
            
              
                LOW HAZARD
              Data Availability: Fair","https://www.ewg.org/skindeep/products/5481424-Essence_soft__precise_lip_pencil_302_Heavenly/",": C10-18 TRIGLYCERIDES, MICA, HYDROGENATED VEGETABLE OIL, CAPRYLIC/CAPRIC TRIGLYCERIDE, SYNTHETIC JAPAN WAX, TOCOPHEROL, ASCORBYL PALMITATE, CI 15850 (RED 7), CI 77491 (IRON OXIDES), CI 77492 (IRON OXIDES), CI 77499 (IRON OXIDES), CI 77891 (TITANIUM DIOXIDE).","Lip Liner","Essence","https://phorcys-static.ewg.org/cdn-cgi/image/width=560,height=800,quality=60/https://phorcys-static.ewg.org/image/contents/856773/original."
"1773504447-339","https://www.ewg.org/skindeep/browse/brands/12717-essence/","https://www.ewg.org/skindeep/browse/brands/12717-essence/?brand=Essence&page=6","NATURAL MATTE MOUSSE FOUNDATION, 60","Essence","https://phorcys-static.ewg.org/cdn-cgi/image/width=480,height=480,quality=60/https://phorcys-static.ewg.org/image/contents/856844/original.","Essence
         NATURAL MATTE MOUSSE FOUNDATION, 60
      
      
        
            
              
                LOW HAZARD
              Data Availability: Fair","https://www.ewg.org/skindeep/products/4154375-Essence_NATURAL_MATTE_MOUSSE_FOUNDATION_60/",": DIMETHICONE, ISODODECANE, DIMETHICONE CROSSPOLYMER, CETYL DIGLYCERYL TRIS(TRIMETHYLSILOXY)SILYLETHYL DIMETHICONE, HYDROGENATED CASTOR OIL, SILICA, TRIMETHYLSILOXYSILICATE, CALCIUM CARBONATE, MICA, C30-45 ALKYL DIMETHICONE, TOCOPHEROL, HELIANTHUS ANNUUS (SUNFLOWER) SEED OIL, STEARYL DIMETHICONE, DISTEARDIMONIUM HECTORITE, METHICONE, ETHYLHEXYLGLYCERIN, OCTADECENE, PROPYLENE CARBONATE, HEXADECENE, TALC, CI 77491 (IRON OXIDES), CI 77492 (IRON OXIDES), CI 77499 (IRON OXIDES), CI 77891 (TITANIUM DIOXIDE).","Foundation","Essence","https://phorcys-static.ewg.org/cdn-cgi/image/width=560,height=800,quality=60/https://phorcys-static.ewg.org/image/contents/856844/original."
"1773504449-340","https://www.ewg.org/skindeep/browse/brands/12717-essence/","https://www.ewg.org/skindeep/browse/brands/12717-essence/?brand=Essence&page=6","Wow What A Brow Pen Waterproof, Black-Brown 04","Essence","https://phorcys-static.ewg.org/cdn-cgi/image/width=480,height=480,quality=60/https://phorcys-static.ewg.org/image/contents/856693/original.","Essence
         Wow What A Brow Pen Waterproof, Black-Brown 04
      
      
        
            
              
                LOW HAZARD
              Data Availability: Fair","https://www.ewg.org/skindeep/products/6024814-Essence_Wow_What_A_Brow_Pen_Waterproof_BlackBrown_04/","EUPHORBIA CERIFERA (CANDELILLA) WAX, RICINUS COMMUNIS (CASTOR) SEED OIL, OCTYLDODECANOL, CALCIUM CARBONATE, COPERNICIA CERIFERA (CARNAUBA) WAX, SYNTHETIC FLUORPHLOGOPITE, OLEA EUROPAEA (OLIVE) OIL UNSAPONIFIABLES, OLEA EUROPAEA (OLIVE) FRUIT OIL, HYDROGENATED OLIVE OIL, GLYCERYL CAPRYLATE, SYNTHETIC BEESWAX, PENTAERYTHRITYL TETRA-DI-T-BUTYL HYDROXYHYDROCINNAMATE, ALUMINUM HYDROXIDE, BENZYL ALCOHOL, CI 77491 (IRON OXIDES), CI 77492 (IRON OXIDES), CI 77499 (IRON OXIDES), CI 77891 (TITANIUM DIOXIDE).","Brow Liner","Essence","https://phorcys-static.ewg.org/cdn-cgi/image/width=560,height=800,quality=60/https://phorcys-static.ewg.org/image/contents/856693/original."
"1773504452-341","https://www.ewg.org/skindeep/browse/brands/12717-essence/","https://www.ewg.org/skindeep/browse/brands/12717-essence/?brand=Essence&page=6","Double Trouble Hybrid Waterproof Mascara","Essence","https://phorcys-static.ewg.org/cdn-cgi/image/width=480,height=480,quality=60/https://static.ewg.org/skindeep/img/missing_images/sd_logo.png","Essence
         Double Trouble Hybrid Waterproof Mascara
      
      
        
            
              
                LOW HAZARD
              Data Availability: Fair","https://www.ewg.org/skindeep/products/1000707-Essence_Double_Trouble_Hybrid_Waterproof_Mascara/","AQUA (WATER), STYRENE/ACRYLATES COPOLYMER, GLYCERYL STEARATE, COPERNICIA CERIFERA (CARNAUBA) WAX, SYNTHETIC WAX, VP/HEXADECENE COPOLYMER, GLYCERIN, SYNTHETIC BEESWAX, PALMITIC ACID, STEARIC ACID, ACRYLATES COPOLYMER, POLYVINYL ALCOHOL, OCTYLDODECANOL, TOCOPHEROL, CERA MICROCRISTALLINA (MICROCRYSTALLINE WAX), HYDROXYACETOPHENONE, ETHYLHEXYLGLYCERIN, CAPRYLYL GLYCOL, SODIUM HYDROXIDE, PHENOXYETHANOL, CI 77007 (ULTRAMARINES), CI 77499 (IRON OXIDES).","Mascara","Essence","https://phorcys-static.ewg.org/cdn-cgi/image/width=560,height=800,quality=60/https://static.ewg.org/skindeep/img/missing_images/sd_logo.png"
"1773504455-342","https://www.ewg.org/skindeep/browse/brands/12717-essence/","https://www.ewg.org/skindeep/browse/brands/12717-essence/?brand=Essence&page=5","jelly GRIP undereye primer stick","Essence","https://phorcys-static.ewg.org/cdn-cgi/image/width=480,height=480,quality=60/https://phorcys-static.ewg.org/image/contents/820122/original.","Essence
         jelly GRIP undereye primer stick
      
      
        
            
              
                LOW HAZARD
              Data Availability: Fair","https://www.ewg.org/skindeep/products/8354498-Essence_jelly_GRIP_undereye_primer_stick/","AQUA (WATER), PROPANEDIOL, GLYCERIN, PENTYLENE GLYCOL, SODIUM STEARATE, VP/VA COPOLYMER, PANTHENOL, SODIUM HYALURONATE, ALOE BARBADENSIS LEAF JUICE POWDER, ETHYLHEXYLGLYCERIN, CITRIC ACID, PHENOXYETHANOL.","Makeup Primer","Essence","https://phorcys-static.ewg.org/cdn-cgi/image/width=560,height=800,quality=60/https://phorcys-static.ewg.org/image/contents/820122/original."
"1773504458-343","https://www.ewg.org/skindeep/browse/brands/12717-essence/","https://www.ewg.org/skindeep/browse/brands/12717-essence/?brand=Essence&page=5","MY HEART BEATS DISCO glitter highlighter","Essence","https://phorcys-static.ewg.org/cdn-cgi/image/width=480,height=480,quality=60/https://phorcys-static.ewg.org/image/contents/820242/original.","Essence
         MY HEART BEATS DISCO glitter highlighter
      
      
        
            
              
                LOW HAZARD
              Data Availability: Fair","https://www.ewg.org/skindeep/products/636702-Essence_MY_HEART_BEATS_DISCO_glitter_highlighter/","SILICA, CAPRYLIC/CAPRIC TRIGLYCERIDE, DIISOSTEARYL MALATE, DIMETHICONE, CALCIUM TITANIUM BOROSILICATE, POLYISOBUTENE, MICA, DIMETHICONE/VINYL DIMETHICONE CROSSPOLYMER, TOCOPHERYL ACETATE, PERSEA GRATISSIMA (AVOCADO) OIL, SIMMONDSIA CHINENSIS (JOJOBA) SEED OIL, SQUALANE, ETHYLHEXYLGLYCERIN, PHENOXYETHANOL, TIN OXIDE, CI 77891 (TITANIUM DIOXIDE).","Bronzer/Highlighter","Essence","https://phorcys-static.ewg.org/cdn-cgi/image/width=560,height=800,quality=60/https://phorcys-static.ewg.org/image/contents/820242/original."
"1773504460-344","https://www.ewg.org/skindeep/browse/brands/12717-essence/","https://www.ewg.org/skindeep/browse/brands/12717-essence/?brand=Essence&page=5","Lash Like A Boss Instant Volume & Length Mascara Waterproof,...","Essence","https://phorcys-static.ewg.org/cdn-cgi/image/width=480,height=480,quality=60/https://phorcys-static.ewg.org/image/contents/856719/original.","Essence
         Lash Like A Boss Instant Volume & Length Mascara Waterproof,...
      
      
        
            
              
                LOW HAZARD
              Data Availability: Fair","https://www.ewg.org/skindeep/products/7953351-Essence_Lash_Like_A_Boss_Instant_Volume__Length_Mascara_Waterproof_Ultra_Black/","ISODODECANE, CERA MICROCRISTALLINA (MICROCRYSTALLINE WAX), AQUA (WATER), VP/EICOSENE COPOLYMER, TRIMETHYLSILOXYSILICATE, EUPHORBIA CERIFERA (CANDELILLA) WAX, KAOLIN, SILICA, DISTEARDIMONIUM HECTORITE, BUTYLENE GLYCOL, SORBITAN ISOSTEARATE, COPERNICIA CERIFERA (CARNAUBA) WAX, PANTHENOL, SIMMONDSIA CHINENSIS (JOJOBA) SEED OIL, TOCOPHEROL, PROPYLENE CARBONATE, TRIMETHYL PENTANYL DIISOBUTYRATE, ETHYLHEXYLGLYCERIN, PHENOXYETHANOL, POTASSIUM SORBATE, CI 77499 (IRON OXIDES).","Mascara","Essence","https://phorcys-static.ewg.org/cdn-cgi/image/width=560,height=800,quality=60/https://phorcys-static.ewg.org/image/contents/856719/original."
"1773504463-345","https://www.ewg.org/skindeep/browse/brands/12717-essence/","https://www.ewg.org/skindeep/browse/brands/12717-essence/?brand=Essence&page=5","MAGIC FILTER glow booster, 50 Tan/Deep","Essence","https://phorcys-static.ewg.org/cdn-cgi/image/width=480,height=480,quality=60/https://phorcys-static.ewg.org/image/contents/856851/original.","Essence
         MAGIC FILTER glow booster, 50 Tan/Deep
      
      
        
            
              
                LOW HAZARD
              Data Availability: Fair","https://www.ewg.org/skindeep/products/7746252-Essence_MAGIC_FILTER_glow_booster_50_TanDeep/",": AQUA (WATER), OCTYLDODECANOL, ETHYLHEXYL POLYHYDROXYSTEARATE, ISOAMYL LAURATE, POLYGLYCERYL-4 DIISOSTEARATE/POLYHYDROXYSTEARATE/SEBACATE, GLYCERIN, HYDROGENATED CASTOR OIL, MAGNESIUM SULFATE, RICINUS COMMUNIS (CASTOR) SEED OIL, SODIUM HYALURONATE, MICA, DISTEARDIMONIUM HECTORITE, PROPYLENE CARBONATE, ISOSTEARYL SEBACATE, SORBITAN OLIVATE, DISODIUM STEAROYL GLUTAMATE, CAPROIC ACID, PHENOXYETHANOL, BENZOIC ACID, DEHYDROACETIC ACID, ALUMINUM HYDROXIDE, CI 77491 (IRON OXIDES), CI 77492 (IRON OXIDES), CI 77499 (IRON OXIDES), CI 77891 (TITANIUM DIOXIDE).","Foundation","Essence","https://phorcys-static.ewg.org/cdn-cgi/image/width=560,height=800,quality=60/https://phorcys-static.ewg.org/image/contents/856851/original."
"1773504466-346","https://www.ewg.org/skindeep/browse/brands/12717-essence/","https://www.ewg.org/skindeep/browse/brands/12717-essence/?brand=Essence&page=5","Cosmetics I Love Extreme Crazy Volume Mascara","Essence","https://phorcys-static.ewg.org/cdn-cgi/image/width=480,height=480,quality=60/https://phorcys-static.ewg.org/image/contents/572496/original.","Essence
         Cosmetics I Love Extreme Crazy Volume Mascara
      
      
        
            
              
                LOW HAZARD
              Data Availability: Fair","https://www.ewg.org/skindeep/products/956197-Essence_Cosmetics_I_Love_Extreme_Crazy_Volume_Mascara/","AQUA (WATER), CARNAUBA (COPERNICIA CERIFERA) WAX, CERA ALBA (BEESWAX), BUTYLENE GLYCOL, STEARIC ACID, VP/EICOSENE COPOLYMER, PALMITIC ACID, POLYBUTENE, GLYCERYL STEARATE, ACACIA SENEGAL GUM, CANDELILLA (EUPHORBIA CERIFERA) WAX, PVP, CAPRYLYL GLYCOL, POLYVINYL ALCOHOL, AMINOMETHYL PROPANOL, SODIUM DEHYDROACETATE, PHENOXYETHANOL, CI 77499 (IRON OXIDES).","Mascara","Essence","https://phorcys-static.ewg.org/cdn-cgi/image/width=560,height=800,quality=60/https://phorcys-static.ewg.org/image/contents/572496/original."
"1773504469-347","https://www.ewg.org/skindeep/browse/brands/12717-essence/","https://www.ewg.org/skindeep/browse/brands/12717-essence/?brand=Essence&page=5","LOVE IT A CHOCO' LOT! lash WITHOUT LIMITS BROWN EXTREME...","Essence","https://phorcys-static.ewg.org/cdn-cgi/image/width=480,height=480,quality=60/https://phorcys-static.ewg.org/image/contents/820200/original.","Essence
         LOVE IT A CHOCO' LOT! lash WITHOUT LIMITS BROWN EXTREME...
      
      
        
            
              
                LOW HAZARD
              Data Availability: Fair","https://www.ewg.org/skindeep/products/3342152-Essence_LOVE_IT_A_CHOCO_LOT_lash_WITHOUT_LIMITS_BROWN_EXTREME_LENGTHENING__VOLUME_MASCARA_01_Chocolate_Fixes_Everything/","AQUA (WATER), PARAFFIN, GLYCERYL STEARATE, SYNTHETIC BEESWAX, STEARIC ACID, ACACIA SENEGAL GUM, BUTYLENE GLYCOL, PALMITIC ACID, ORYZA SATIVA CERA (ORYZA SATIVA (RICE) BRAN WAX), POLYBUTENE, VP/EICOSENE COPOLYMER, OZOKERITE, AMINOMETHYL PROPANOL, TROPOLONE, HYDROGENATED VEGETABLE OIL, STEARYL STEARATE, HYDROXYETHYLCELLULOSE, DISODIUM PHOSPHATE, POLYSORBATE 60, SODIUM PHOSPHATE, PHENOXYETHANOL, CI 77491 (IRON OXIDES), CI 77492 (IRON OXIDES), CI 77499 (IRON OXIDES).","Mascara","Essence","https://phorcys-static.ewg.org/cdn-cgi/image/width=560,height=800,quality=60/https://phorcys-static.ewg.org/image/contents/820200/original."
"1773504472-348","https://www.ewg.org/skindeep/browse/brands/12717-essence/","https://www.ewg.org/skindeep/browse/brands/12717-essence/?brand=Essence&page=5","MAGIC FILTER glow booster, 60 Deep","Essence","https://phorcys-static.ewg.org/cdn-cgi/image/width=480,height=480,quality=60/https://phorcys-static.ewg.org/image/contents/856852/original.","Essence
         MAGIC FILTER glow booster, 60 Deep
      
      
        
            
              
                LOW HAZARD
              Data Availability: Fair","https://www.ewg.org/skindeep/products/1554765-Essence_MAGIC_FILTER_glow_booster_60_Deep/",": AQUA (WATER), OCTYLDODECANOL, ETHYLHEXYL POLYHYDROXYSTEARATE, ISOAMYL LAURATE, POLYGLYCERYL-4 DIISOSTEARATE/POLYHYDROXYSTEARATE/SEBACATE, GLYCERIN, HYDROGENATED CASTOR OIL, MAGNESIUM SULFATE, RICINUS COMMUNIS (CASTOR) SEED OIL, SODIUM HYALURONATE, MICA, DISTEARDIMONIUM HECTORITE, PROPYLENE CARBONATE, ISOSTEARYL SEBACATE, SORBITAN OLIVATE, DISODIUM STEAROYL GLUTAMATE, CAPROIC ACID, PHENOXYETHANOL, BENZOIC ACID, DEHYDROACETIC ACID, ALUMINUM HYDROXIDE, CI 77491 (IRON OXIDES), CI 77492 (IRON OXIDES), CI 77499 (IRON OXIDES), CI 77891 (TITANIUM DIOXIDE).","Foundation","Essence","https://phorcys-static.ewg.org/cdn-cgi/image/width=560,height=800,quality=60/https://phorcys-static.ewg.org/image/contents/856852/original."
"1773504475-349","https://www.ewg.org/skindeep/browse/brands/12717-essence/","https://www.ewg.org/skindeep/browse/brands/12717-essence/?brand=Essence&page=5","Magic Filter Glow Booster, 10 Light","Essence","https://phorcys-static.ewg.org/cdn-cgi/image/width=480,height=480,quality=60/https://phorcys-static.ewg.org/image/contents/856847/original.","Essence
         Magic Filter Glow Booster, 10 Light
      
      
        
            
              
                LOW HAZARD
              Data Availability: Fair","https://www.ewg.org/skindeep/products/1638613-Essence_Magic_Filter_Glow_Booster_10_Light/",": AQUA (WATER), OCTYLDODECANOL, ETHYLHEXYL POLYHYDROXYSTEARATE, ISOAMYL LAURATE, GLYCERIN, POLYGLYCERYL-4 DIISOSTEARATE/POLYHYDROXYSTEARATE/SEBACATE, MICA, MAGNESIUM SULFATE, HYDROGENATED CASTOR OIL, RICINUS COMMUNIS (CASTOR) SEED OIL, SODIUM HYALURONATE, DISTEARDIMONIUM HECTORITE, PROPYLENE CARBONATE, SORBITAN OLIVATE, CAPROIC ACID, PHENOXYETHANOL, BENZOIC ACID, DEHYDROACETIC ACID, CI 77491 (IRON OXIDES), CI 77891 (TITANIUM DIOXIDE).","Bronzer/Highlighter","Essence","https://phorcys-static.ewg.org/cdn-cgi/image/width=560,height=800,quality=60/https://phorcys-static.ewg.org/image/contents/856847/original."
"1773504477-350","https://www.ewg.org/skindeep/browse/brands/12717-essence/","https://www.ewg.org/skindeep/browse/brands/12717-essence/?brand=Essence&page=5","Quick Wing! stamp eyeliner, 01 black","Essence","https://phorcys-static.ewg.org/cdn-cgi/image/width=480,height=480,quality=60/https://phorcys-static.ewg.org/image/contents/820208/original.","Essence
         Quick Wing! stamp eyeliner, 01 black
      
      
        
            
              
                LOW HAZARD
              Data Availability: Fair","https://www.ewg.org/skindeep/products/3333736-Essence_Quick_Wing_stamp_eyeliner_01_black/","AQUA (WATER), ACRYLATES COPOLYMER, PROPYLENE GLYCOL, CAPRYLYL GLYCOL, HYDROXYETHYLCELLULOSE, DISODIUM PHOSPHATE, SODIUM PHOSPHATE, PHENOXYETHANOL, CI 77266 (BLACK 2) (NANO).","Eye Liner","Essence","https://phorcys-static.ewg.org/cdn-cgi/image/width=560,height=800,quality=60/https://phorcys-static.ewg.org/image/contents/820208/original."
"1773504480-351","https://www.ewg.org/skindeep/browse/brands/12717-essence/","https://www.ewg.org/skindeep/browse/brands/12717-essence/?brand=Essence&page=5","soft & precise lip pencil, 203| My Advice","Essence","https://phorcys-static.ewg.org/cdn-cgi/image/width=480,height=480,quality=60/https://phorcys-static.ewg.org/image/contents/856771/original.","Essence
         soft & precise lip pencil, 203| My Advice
      
      
        
            
              
                LOW HAZARD
              Data Availability: Fair","https://www.ewg.org/skindeep/products/2208516-Essence_soft__precise_lip_pencil_203_My_Advice/",": C10-18 TRIGLYCERIDES, MICA, HYDROGENATED VEGETABLE OIL, CAPRYLIC/CAPRIC TRIGLYCERIDE, SYNTHETIC JAPAN WAX, TOCOPHEROL, ASCORBYL PALMITATE, CI 15850 (RED 7), CI 77491 (IRON OXIDES), CI 77492 (IRON OXIDES), CI 77499 (IRON OXIDES), CI 77891 (TITANIUM DIOXIDE).","Lip Liner","Essence","https://phorcys-static.ewg.org/cdn-cgi/image/width=560,height=800,quality=60/https://phorcys-static.ewg.org/image/contents/856771/original."
"1773504483-352","https://www.ewg.org/skindeep/browse/brands/12717-essence/","https://www.ewg.org/skindeep/browse/brands/12717-essence/?brand=Essence&page=5","Stay & Play Gel Eyeliner, Mystic Blue 10","Essence","https://phorcys-static.ewg.org/cdn-cgi/image/width=480,height=480,quality=60/https://phorcys-static.ewg.org/image/contents/856717/original.","Essence
         Stay & Play Gel Eyeliner, Mystic Blue 10
      
      
        
            
              
                LOW HAZARD
              Data Availability: Fair","https://www.ewg.org/skindeep/products/8090445-Essence_Stay__Play_Gel_Eyeliner_Mystic_Blue_10/","ISODODECANE, SYNTHETIC WAX, TRIMETHYLSILOXYSILICATE, DIMETHICONE, MICA, POLYBUTENE, SYNTHETIC FLUORPHLOGOPITE, CAPRYLIC/CAPRIC TRIGLYCERIDE, POLYGLYCERYL-4 DIISOSTEARATE/POLYHYDROXYSTEARATE/SEBACATE, STEARALKONIUM HECTORITE, PROPYLENE CARBONATE, MAGNESIUM OXIDE, ALUMINA, TIN OXIDE, CI 77491 (IRON OXIDES), CI 77499 (IRON OXIDES), CI 77510 (FERRIC AMMONIUM FERROCYANIDE), CI 77510 (FERRIC FERROCYANIDE), CI 77891 (TITANIUM DIOXIDE).","Eye Liner","Essence","https://phorcys-static.ewg.org/cdn-cgi/image/width=560,height=800,quality=60/https://phorcys-static.ewg.org/image/contents/856717/original."
"1773504485-353","https://www.ewg.org/skindeep/browse/brands/12717-essence/","https://www.ewg.org/skindeep/browse/brands/12717-essence/?brand=Essence&page=5","CONTOURING duo stick, tan 40","Essence","https://phorcys-static.ewg.org/cdn-cgi/image/width=480,height=480,quality=60/https://phorcys-static.ewg.org/image/contents/820217/original.","Essence
         CONTOURING duo stick, tan 40
      
      
        
            
              
                LOW HAZARD
              Data Availability: Fair","https://www.ewg.org/skindeep/products/2948231-Essence_CONTOURING_duo_stick_tan_40/","CAPRYLIC/CAPRIC TRIGLYCERIDE, EUPHORBIA CERIFERA CERA (EUPHORBIA CERIFERA (CANDELILLA) WAX), POLYBUTENE, ETHYLHEXYL PALMITATE, DIISOSTEARYL MALATE, HELIANTHUS ANNUUS (SUNFLOWER) SEED WAX, BIS-DIGLYCERYL POLYACYLADIPATE-2, SILICA, ALUMINUM STARCH OCTENYLSUCCINATE, TOCOPHERYL ACETATE, ETHYLHEXYLGLYCERIN, PHENOXYETHANOL, MAY CONTAIN/[+/-]: CI 77491, CI 77492, CI 77499 (IRON OXIDE), CI 77891 (TITANIUM DIOXIDE).","Bronzer/Highlighter","Essence","https://phorcys-static.ewg.org/cdn-cgi/image/width=560,height=800,quality=60/https://phorcys-static.ewg.org/image/contents/820217/original."
"1773504488-354","https://www.ewg.org/skindeep/browse/brands/12717-essence/","https://www.ewg.org/skindeep/browse/brands/12717-essence/?brand=Essence&page=4","BLUSH crush!, 10 Caramel Latte","Essence","https://phorcys-static.ewg.org/cdn-cgi/image/width=480,height=480,quality=60/https://phorcys-static.ewg.org/image/contents/856869/original.","Essence
         BLUSH crush!, 10 Caramel Latte
      
      
        
            
              
                LOW HAZARD
              Data Availability: Fair","https://www.ewg.org/skindeep/products/1569809-Essence_BLUSH_crush_10_Caramel_Latte/",": MICA, DIMETHICONE, ETHYLHEXYL PALMITATE, TOCOPHERYL ACETATE, C10-18 TRIGLYCERIDES, ETHYLHEXYLGLYCERIN, PHENOXYETHANOL, ALUMINUM HYDROXIDE, CI 77491, CI 77492, CI 77499 (IRON OXIDES), CI 77891 (TITANIUM DIOXIDE).","Blush","Essence","https://phorcys-static.ewg.org/cdn-cgi/image/width=560,height=800,quality=60/https://phorcys-static.ewg.org/image/contents/856869/original."
"1773504490-355","https://www.ewg.org/skindeep/browse/brands/12717-essence/","https://www.ewg.org/skindeep/browse/brands/12717-essence/?brand=Essence&page=4","Wow What a Brow Pen, Light Brown 01","Essence","https://phorcys-static.ewg.org/cdn-cgi/image/width=480,height=480,quality=60/https://static.ewg.org/skindeep/img/missing_images/sd_logo.png","Essence
         Wow What a Brow Pen, Light Brown 01
      
      
        
            
              
                LOW HAZARD
              Data Availability: Fair","https://www.ewg.org/skindeep/products/1043925-Essence_Wow_What_a_Brow_Pen_Light_Brown_01/","EUPHORBIA CERIFERA (CANDELILLA) WAX, RICINUS COMMUNIS (CASTOR) SEED OIL, OCTYLDODECANOL, CALCIUM CARBONATE, COPERNICIA CERIFERA (CARNAUBA) WAX, SYNTHETIC FLUORPHLOGOPITE, OLEA EUROPAEA (OLIVE) OIL UNSAPONIFIABLES, OLEA EUROPAEA (OLIVE) FRUIT OIL, HYDROGENATED OLIVE OIL, GLYCERYL CAPRYLATE, SYNTHETIC BEESWAX, PENTAERYTHRITYL TETRA-DI-T-BUTYL HYDROXYHYDROCINNAMATE, ALUMINUM HYDROXIDE, BENZYL ALCOHOL, CI 77491, CI 77492, CI 77499 (IRON OXIDES), CI 77891 (TITANIUM DIOXIDE)","Brow Liner","Essence","https://phorcys-static.ewg.org/cdn-cgi/image/width=560,height=800,quality=60/https://static.ewg.org/skindeep/img/missing_images/sd_logo.png"
"1773504493-356","https://www.ewg.org/skindeep/browse/brands/12717-essence/","https://www.ewg.org/skindeep/browse/brands/12717-essence/?brand=Essence&page=4","NATURAL MATTE MOUSSE FOUNDATION, 03","Essence","https://phorcys-static.ewg.org/cdn-cgi/image/width=480,height=480,quality=60/https://phorcys-static.ewg.org/image/contents/856836/original.","Essence
         NATURAL MATTE MOUSSE FOUNDATION, 03
      
      
        
            
              
                LOW HAZARD
              Data Availability: Fair","https://www.ewg.org/skindeep/products/7905573-Essence_NATURAL_MATTE_MOUSSE_FOUNDATION_03/",": DIMETHICONE, ISODODECANE, DIMETHICONE CROSSPOLYMER, CETYL DIGLYCERYL TRIS(TRIMETHYLSILOXY)SILYLETHYL DIMETHICONE, HYDROGENATED CASTOR OIL, SILICA, TRIMETHYLSILOXYSILICATE, CALCIUM CARBONATE, MICA, C30-45 ALKYL DIMETHICONE, TOCOPHEROL, HELIANTHUS ANNUUS (SUNFLOWER) SEED OIL, STEARYL DIMETHICONE, DISTEARDIMONIUM HECTORITE, METHICONE, ETHYLHEXYLGLYCERIN, OCTADECENE, PROPYLENE CARBONATE, HEXADECENE, TALC, CI 77491 (IRON OXIDES), CI 77492 (IRON OXIDES), CI 77499 (IRON OXIDES), CI 77891 (TITANIUM DIOXIDE).","Foundation","Essence","https://phorcys-static.ewg.org/cdn-cgi/image/width=560,height=800,quality=60/https://phorcys-static.ewg.org/image/contents/856836/original."
"1773504496-357","https://www.ewg.org/skindeep/browse/brands/12717-essence/","https://www.ewg.org/skindeep/browse/brands/12717-essence/?brand=Essence&page=4","fix & LAST instant MATTE MAKE-UP FIXING SPRAY","Essence","https://phorcys-static.ewg.org/cdn-cgi/image/width=480,height=480,quality=60/https://phorcys-static.ewg.org/image/contents/820232/original.","Essence
         fix & LAST instant MATTE MAKE-UP FIXING SPRAY
      
      
        
            
              
                LOW HAZARD
              Data Availability: Fair","https://www.ewg.org/skindeep/products/1324338-Essence_fix__LAST_instant_MATTE_MAKEUP_FIXING_SPRAY/","AQUA (WATER), PROPYLENE GLYCOL, BUTYLENE GLYCOL, ENANTIA CHLORANTHA BARK EXTRACT, TOCOPHEROL, ETHYLHEXYLGLYCERIN, OLEANOLIC ACID, PHENOXYETHANOL.","Setting Powder/Spray","Essence","https://phorcys-static.ewg.org/cdn-cgi/image/width=560,height=800,quality=60/https://phorcys-static.ewg.org/image/contents/820232/original."
"1773504499-358","https://www.ewg.org/skindeep/browse/brands/12717-essence/","https://www.ewg.org/skindeep/browse/brands/12717-essence/?brand=Essence&page=4","Brow Lifting Gel Set","Essence","https://phorcys-static.ewg.org/cdn-cgi/image/width=480,height=480,quality=60/https://phorcys-static.ewg.org/image/contents/803106/original.","Essence
         Brow Lifting Gel Set
      
      
        
            
              
                LOW HAZARD
              Data Availability: Good","https://www.ewg.org/skindeep/products/1113286-Essence_Brow_Lifting_Gel_Set/","AQUA (WATER), CETEARETH-30, GLYCERIN, SORBITOL, PROPYLENE GLYCOL, ETHYLHEXYLGLYCERIN, PHENOXYETHANOL.","Brow Liner","Essence","https://phorcys-static.ewg.org/cdn-cgi/image/width=560,height=800,quality=60/https://phorcys-static.ewg.org/image/contents/803106/original."
"1773504502-359","https://www.ewg.org/skindeep/browse/brands/12717-essence/","https://www.ewg.org/skindeep/browse/brands/12717-essence/?brand=Essence&page=4","call me Queen dramatic false lash effect mascara","Essence","https://phorcys-static.ewg.org/cdn-cgi/image/width=480,height=480,quality=60/https://phorcys-static.ewg.org/image/contents/856745/original.","Essence
         call me Queen dramatic false lash effect mascara
      
      
        
            
              
                LOW HAZARD
              Data Availability: Fair","https://www.ewg.org/skindeep/products/4714878-Essence_call_me_Queen_dramatic_false_lash_effect_mascara/","AQUA (WATER), PARAFFIN, GLYCERYL STEARATE, SYNTHETIC BEESWAX, STEARIC ACID, ACACIA SENEGAL GUM, BUTYLENE GLYCOL, PALMITIC ACID, POLYBUTENE, ORYZA SATIVA CERA (ORYZA SATIVA (RICE) BRAN WAX), VP/EICOSENE COPOLYMER, OZOKERITE, AMINOMETHYL PROPANOL, TROPOLONE, HYDROGENATED VEGETABLE OIL, STEARYL STEARATE, HYDROXYETHYLCELLULOSE, DISODIUM PHOSPHATE, POLYSORBATE 60, SODIUM PHOSPHATE, PHENOXYETHANOL, CI 77499 (IRON OXIDES).","Mascara","Essence","https://phorcys-static.ewg.org/cdn-cgi/image/width=560,height=800,quality=60/https://phorcys-static.ewg.org/image/contents/856745/original."
"1773504505-360","https://www.ewg.org/skindeep/browse/brands/12717-essence/","https://www.ewg.org/skindeep/browse/brands/12717-essence/?brand=Essence&page=4","Stay & Play Gel Eyeliner, Verry Berry 05","Essence","https://phorcys-static.ewg.org/cdn-cgi/image/width=480,height=480,quality=60/https://phorcys-static.ewg.org/image/contents/856712/original.","Essence
         Stay & Play Gel Eyeliner, Verry Berry 05
      
      
        
            
              
                LOW HAZARD
              Data Availability: Fair","https://www.ewg.org/skindeep/products/8522164-Essence_Stay__Play_Gel_Eyeliner_Verry_Berry_05/","ISODODECANE, SYNTHETIC WAX, TRIMETHYLSILOXYSILICATE, DIMETHICONE, SYNTHETIC FLUORPHLOGOPITE, POLYBUTENE, MICA, POLYGLYCERYL-4 DIISOSTEARATE/POLYHYDROXYSTEARATE/SEBACATE, CAPRYLIC/CAPRIC TRIGLYCERIDE, STEARALKONIUM HECTORITE, KAOLIN, PROPYLENE CARBONATE, TIN OXIDE, MAGNESIUM OXIDE, ALUMINA, CI 16035 (RED 40 LAKE), CI 77491 (IRON OXIDES), CI 77499 (IRON OXIDES), CI 77510 (FERRIC FERROCYANIDE), CI 77742 (MANGANESE VIOLET), CI 77891 (TITANIUM DIOXIDE).","Eye Liner","Essence","https://phorcys-static.ewg.org/cdn-cgi/image/width=560,height=800,quality=60/https://phorcys-static.ewg.org/image/contents/856712/original."
"1773504507-361","https://www.ewg.org/skindeep/browse/brands/12717-essence/","https://www.ewg.org/skindeep/browse/brands/12717-essence/?brand=Essence&page=4","Cosmetics #Lashes of the Day Super Volume Mascara","Essence","https://phorcys-static.ewg.org/cdn-cgi/image/width=480,height=480,quality=60/https://phorcys-static.ewg.org/image/contents/572508/original.","Essence
         Cosmetics #Lashes of the Day Super Volume Mascara
      
      
        
            
              
                LOW HAZARD
              Data Availability: Fair","https://www.ewg.org/skindeep/products/956209-Essence_Cosmetics_Lashes_of_the_Day_Super_Volume_Mascara/","AQUA (WATER), CERA ALBA (BEESWAX), PARAFFIN, GLYCERYL STEARATE, ORYZA SATIVA (RICE) BRAN WAX, BUTYLENE GLYCOL, PALMITIC ACID, ACACIA SENEGAL GUM , POLYBUTENE, COPERNICIA CERIFERA (CARNAUBA) WAX, AMINOMETHYL PROPANOL, STEARIC ACID, VP/EICOSENE COPOLYMER, TOCOPHEROL, HYDROXYETHYLCELLULOSE, DIMETHICONE, POLYESTER-4, ETHYLHEXYLGLYCERIN, SODIUM NITRATE, PHENOXYETHANOL, POTASSIUM SORBATE, CI 77499 (IRON OXIDES)","Mascara","Essence","https://phorcys-static.ewg.org/cdn-cgi/image/width=560,height=800,quality=60/https://phorcys-static.ewg.org/image/contents/572508/original."
"1773504510-362","https://www.ewg.org/skindeep/browse/brands/12717-essence/","https://www.ewg.org/skindeep/browse/brands/12717-essence/?brand=Essence&page=4","Cosmetics I love Extreme Volume Mascara","Essence","https://phorcys-static.ewg.org/cdn-cgi/image/width=480,height=480,quality=60/https://phorcys-static.ewg.org/image/contents/572498/original.","Essence
         Cosmetics I love Extreme Volume Mascara
      
      
        
            
              
                LOW HAZARD
              Data Availability: Fair","https://www.ewg.org/skindeep/products/956199-Essence_Cosmetics_I_love_Extreme_Volume_Mascara/","AQUA (WATER), PARAFFIN, GLYCERYL STEARATE, SYNTHETIC BEESWAX, STEARIC ACID, ACACIA SENEGAL GUM , BUTYLENE GLYCOL, PALMITIC ACID, POLYBUTENE, ORYZA SATIVA (RICE) BRAN WAX, VP/EICOSENE COPOLYMER, OZOKERITE, AMINOMETHYL PROPANOL, TROPOLONE, HYDROGENATED VEGETABLE OIL, STEARYL STEARATE, HYDROXYETHYLCELLULOSE, PHENOXYETHANOL, CI 77499 (IRON OXIDES)","Mascara","Essence","https://phorcys-static.ewg.org/cdn-cgi/image/width=560,height=800,quality=60/https://phorcys-static.ewg.org/image/contents/572498/original."
"1773504513-363","https://www.ewg.org/skindeep/browse/brands/12717-essence/","https://www.ewg.org/skindeep/browse/brands/12717-essence/?brand=Essence&page=4","eyebrow designer, 02| brown","Essence","https://phorcys-static.ewg.org/cdn-cgi/image/width=480,height=480,quality=60/https://phorcys-static.ewg.org/image/contents/856731/original.","Essence
         eyebrow designer, 02| brown
      
      
        
            
              
                LOW HAZARD
              Data Availability: Fair","https://www.ewg.org/skindeep/products/9326229-Essence_eyebrow_designer_02_brown/","TALC, HYDROGENATED COCO-GLYCERIDES, MICA, HYDROGENATED CASTOR OIL, GLYCERYL RICINOLEATE, HYDROGENATED VEGETABLE OIL, SYNTHETIC WAX, RICINUS COMMUNIS (CASTOR) SEED OIL, TOCOPHEROL, CI 77491 (IRON OXIDES), CI 77499 (IRON OXIDES), CI 77891 (TITANIUM DIOXIDE).","Brow Liner","Essence","https://phorcys-static.ewg.org/cdn-cgi/image/width=560,height=800,quality=60/https://phorcys-static.ewg.org/image/contents/856731/original."
"1773504516-364","https://www.ewg.org/skindeep/browse/brands/12717-essence/","https://www.ewg.org/skindeep/browse/brands/12717-essence/?brand=Essence&page=4","make me brow eyebrow gel mascara, ashy brows 04","Essence","https://phorcys-static.ewg.org/cdn-cgi/image/width=480,height=480,quality=60/https://phorcys-static.ewg.org/image/contents/698899/original.","Essence
         make me brow eyebrow gel mascara, ashy brows 04
      
      
        
            
              
                LOW HAZARD
              Data Availability: Fair","https://www.ewg.org/skindeep/products/4177110-Essence_make_me_brow_eyebrow_gel_mascara_ashy_brows_04/",": Aqua (Water), Alcohol Denat., Vp/Va Copolymer, Carbomer, Glycerin, Tropolone, Butylene Glycol, Cellulose, Caprylyl Glycol, 1,2-Hexanediol, Galactoarabinan, Hydroxyacetophenone, Sodium Hydroxide, Ci 77007 (Ultramarines), Ci 77491 (Iron Oxides), Ci 77492 (Iron Oxides), Ci 77499 (Iron Oxides), Ci 77891 (Titanium Dioxide)","Brow Liner","Essence","https://phorcys-static.ewg.org/cdn-cgi/image/width=560,height=800,quality=60/https://phorcys-static.ewg.org/image/contents/698899/original."
"1773504518-365","https://www.ewg.org/skindeep/browse/brands/12717-essence/","https://www.ewg.org/skindeep/browse/brands/12717-essence/?brand=Essence&page=4","Cosmetics I Love Extreme Volume Brown Mascara","Essence","https://phorcys-static.ewg.org/cdn-cgi/image/width=480,height=480,quality=60/https://phorcys-static.ewg.org/image/contents/572499/original.","Essence
         Cosmetics I Love Extreme Volume Brown Mascara
      
      
        
            
              
                LOW HAZARD
              Data Availability: Fair","https://www.ewg.org/skindeep/products/956200-Essence_Cosmetics_I_Love_Extreme_Volume_Brown_Mascara/","AQUA (WATER), PARAFFIN, GLYCERYL STEARATE, SYNTHETIC BEESWAX, STEARIC ACID, ACACIA SENEGAL GUM, BUTYLENE GLYCOL, PALMITIC ACID, ORYZA SATIVA (RICE) CERA, POLYBUTENE, VP/EICOSENE COPOLYMER, OZOKERITE, AMINOMETHYL PROPANOL, TROPOLONE, HYDROGENATED VEGETABLE OIL, STEARYL STEARATE, HYDROXYETHYLCELLULOSE, PHENOXYETHANOL, CI 77491, CI 77499 (IRON OXIDES), CI 77891 (TITANIUM DIOXIDE).","Mascara","Essence","https://phorcys-static.ewg.org/cdn-cgi/image/width=560,height=800,quality=60/https://phorcys-static.ewg.org/image/contents/572499/original."
"1773504521-366","https://www.ewg.org/skindeep/browse/brands/12717-essence/","https://www.ewg.org/skindeep/browse/brands/12717-essence/?brand=Essence&page=3","META GLOW duo-chrome eye pencil, Chromatic Love","Essence","https://phorcys-static.ewg.org/cdn-cgi/image/width=480,height=480,quality=60/https://phorcys-static.ewg.org/image/contents/856748/original.","Essence
         META GLOW duo-chrome eye pencil, Chromatic Love
      
      
        
            
              
                LOW HAZARD
              Data Availability: Fair","https://www.ewg.org/skindeep/products/7165608-Essence_META_GLOW_duochrome_eye_pencil_Chromatic_Love/","CALCIUM ALUMINUM BOROSILICATE, DIMETHICONE, ISODODECANE, POLYISOBUTENE, HYDROGENATED STYRENE/METHYLSTYRENE/INDENE COPOLYMER, HYDROGENATED POLYCYCLOPENTADIENE, SYNTHETIC WAX, ETHYLHEXYL PALMITATE, TOCOPHERYL ACETATE, ETHYLHEXYLGLYCERIN, PHENOXYETHANOL, TIN OXIDE, CI 77492 (IRON OXIDES), CI 77891 (TITANIUM DIOXIDE).","Eye Liner","Essence","https://phorcys-static.ewg.org/cdn-cgi/image/width=560,height=800,quality=60/https://phorcys-static.ewg.org/image/contents/856748/original."
"1773504524-367","https://www.ewg.org/skindeep/browse/brands/12717-essence/","https://www.ewg.org/skindeep/browse/brands/12717-essence/?brand=Essence&page=3","NATURAL MATTE MOUSSE FOUNDATION, 13","Essence","https://phorcys-static.ewg.org/cdn-cgi/image/width=480,height=480,quality=60/https://phorcys-static.ewg.org/image/contents/856838/original.","Essence
         NATURAL MATTE MOUSSE FOUNDATION, 13
      
      
        
            
              
                LOW HAZARD
              Data Availability: Fair","https://www.ewg.org/skindeep/products/8167634-Essence_NATURAL_MATTE_MOUSSE_FOUNDATION_13/",": DIMETHICONE, ISODODECANE, DIMETHICONE CROSSPOLYMER, CETYL DIGLYCERYL TRIS(TRIMETHYLSILOXY)SILYLETHYL DIMETHICONE, HYDROGENATED CASTOR OIL, SILICA, TRIMETHYLSILOXYSILICATE, CALCIUM CARBONATE, MICA, C30-45 ALKYL DIMETHICONE, TOCOPHEROL, HELIANTHUS ANNUUS (SUNFLOWER) SEED OIL, STEARYL DIMETHICONE, DISTEARDIMONIUM HECTORITE, METHICONE, ETHYLHEXYLGLYCERIN, OCTADECENE, PROPYLENE CARBONATE, HEXADECENE, TALC, CI 77491 (IRON OXIDES), CI 77492 (IRON OXIDES), CI 77499 (IRON OXIDES), CI 77891 (TITANIUM DIOXIDE).","Foundation","Essence","https://phorcys-static.ewg.org/cdn-cgi/image/width=560,height=800,quality=60/https://phorcys-static.ewg.org/image/contents/856838/original."
"1773504527-368","https://www.ewg.org/skindeep/browse/brands/12717-essence/","https://www.ewg.org/skindeep/browse/brands/12717-essence/?brand=Essence&page=3","soft & precise lip pencil, 05| legendary","Essence","https://phorcys-static.ewg.org/cdn-cgi/image/width=480,height=480,quality=60/https://phorcys-static.ewg.org/image/contents/856766/original.","Essence
         soft & precise lip pencil, 05| legendary
      
      
        
            
              
                LOW HAZARD
              Data Availability: Fair","https://www.ewg.org/skindeep/products/6173007-Essence_soft__precise_lip_pencil_05_legendary/",": C10-18 TRIGLYCERIDES, HYDROGENATED VEGETABLE OIL, TALC, CAPRYLIC/CAPRIC TRIGLYCERIDE, SYNTHETIC JAPAN WAX, TOCOPHEROL, MICA, ASCORBYL PALMITATE, CI 77491 (IRON OXIDES), CI 77492 (IRON OXIDES), CI 77499 (IRON OXIDES), CI 77891 (TITANIUM DIOXIDE).","Lip Liner","Essence","https://phorcys-static.ewg.org/cdn-cgi/image/width=560,height=800,quality=60/https://phorcys-static.ewg.org/image/contents/856766/original."
"1773504529-369","https://www.ewg.org/skindeep/browse/brands/12717-essence/","https://www.ewg.org/skindeep/browse/brands/12717-essence/?brand=Essence&page=3","Cosmetics Super Curl Volume Eye-Opening Mascara","Essence","https://phorcys-static.ewg.org/cdn-cgi/image/width=480,height=480,quality=60/https://phorcys-static.ewg.org/image/contents/572510/original.","Essence
         Cosmetics Super Curl Volume Eye-Opening Mascara
      
      
        
            
              
                LOW HAZARD
              Data Availability: Fair","https://www.ewg.org/skindeep/products/956211-Essence_Cosmetics_Super_Curl_Volume_EyeOpening_Mascara/","AQUA (WATER), PARAFFIN, GLYCERYL STEARATE, SYNTHETIC BEESWAX, STEARIC ACID, ACACIA SENEGAL GUM, BUTYLENE GLYCOL, PALMITIC ACID, POLYBUTENE, ORYZA SATIVA (RICE) BRAN WAX, VP/EICOSENE COPOLYMER, OZOKERITE, AMINOMETHYL PROPANOL, TROPOLONE, HYDROGENATED VEGETABLE OIL, STEARYL STEARATE, HYDROXYETHYLCELLULOSE, PHENOXYETHANOL, CI 77499 (IRON OXIDES).","Mascara","Essence","https://phorcys-static.ewg.org/cdn-cgi/image/width=560,height=800,quality=60/https://phorcys-static.ewg.org/image/contents/572510/original."
"1773504532-370","https://www.ewg.org/skindeep/browse/brands/12717-essence/","https://www.ewg.org/skindeep/browse/brands/12717-essence/?brand=Essence&page=3","CORRECT & CONCEAL under eye brightening concealer, 20 Medium","Essence","https://phorcys-static.ewg.org/cdn-cgi/image/width=480,height=480,quality=60/https://phorcys-static.ewg.org/image/contents/820210/original.","Essence
         CORRECT & CONCEAL under eye brightening concealer, 20 Medium
      
      
        
            
              
                LOW HAZARD
              Data Availability: Fair","https://www.ewg.org/skindeep/products/3606573-Essence_CORRECT__CONCEAL_under_eye_brightening_concealer_20_Medium/","AQUA (WATER), ISONONYL ISONONANOATE, COCONUT ALKANES, GLYCERIN, TRIETHYLHEXANOIN, MAGNESIUM SULFATE, POLYGLYCERYL-4 DIISOSTEARATE/POLYHYDROXYSTEARATE/SEBACATE, DIISOSTEAROYL POLYGLYCERYL-3 DIMER DILINOLEATE, DISTEARDIMONIUM HECTORITE, ALOE BARBADENSIS LEAF JUICE, STEAROYL INULIN, PROPYLENE CARBONATE, ETHYLHEXYLGLYCERIN, HYDROGENATED LECITHIN, PHENOXYETHANOL, POTASSIUM SORBATE, SODIUM BENZOATE, ALUMINUM HYDROXIDE, CI 77491 (IRON OXIDES), CI 77492 (IRON OXIDES), CI 77499 (IRON OXIDES), CI 77891 (TITANIUM DIOXIDE).","Concealer","Essence","https://phorcys-static.ewg.org/cdn-cgi/image/width=560,height=800,quality=60/https://phorcys-static.ewg.org/image/contents/820210/original."
"1773504535-371","https://www.ewg.org/skindeep/browse/brands/12717-essence/","https://www.ewg.org/skindeep/browse/brands/12717-essence/?brand=Essence&page=3","Stay & Play Gel Eyeliner, Ice Ice Baby 04","Essence","https://phorcys-static.ewg.org/cdn-cgi/image/width=480,height=480,quality=60/https://phorcys-static.ewg.org/image/contents/856711/original.","Essence
         Stay & Play Gel Eyeliner, Ice Ice Baby 04
      
      
        
            
              
                LOW HAZARD
              Data Availability: Limited","https://www.ewg.org/skindeep/products/6276735-Essence_Stay__Play_Gel_Eyeliner_Ice_Ice_Baby_04/","ISODODECANE, SYNTHETIC WAX, TRIMETHYLSILOXYSILICATE, MICA, DIMETHICONE, POLYBUTENE, CAPRYLIC/CAPRIC TRIGLYCERIDE, SYNTHETIC FLUORPHLOGOPITE, POLYGLYCERYL-4 DIISOSTEARATE/POLYHYDROXYSTEARATE/SEBACATE, STEARALKONIUM HECTORITE, TIN OXIDE, PROPYLENE CARBONATE, CI 77891 (TITANIUM DIOXIDE).","Eye Liner","Essence","https://phorcys-static.ewg.org/cdn-cgi/image/width=560,height=800,quality=60/https://phorcys-static.ewg.org/image/contents/856711/original."
"1773504537-372","https://www.ewg.org/skindeep/browse/brands/12717-essence/","https://www.ewg.org/skindeep/browse/brands/12717-essence/?brand=Essence&page=3","I Love Extreme Volume Mascara - Waterproof Black","Essence","https://phorcys-static.ewg.org/cdn-cgi/image/width=480,height=480,quality=60/https://phorcys-static.ewg.org/image/contents/659287/original.","Essence
         I Love Extreme Volume Mascara - Waterproof Black
      
      
        
            
              
                LOW HAZARD
              Data Availability: Fair","https://www.ewg.org/skindeep/products/1051722-Essence_I_Love_Extreme_Volume_Mascara__Waterproof_Black/","ISODODECANE, CERA MICROCRISTALLINA (MICROCRYSTALLINE WAX), AQUA (WATER), KAOLIN, EUPHORBIA CERIFERA (CANDELILLA) WAX, TRIMETHYLSILOXYSILICATE, VP/EICOSENE COPOLYMER, COPERNICIA CERIFERA (CARNAUBA) WAX, DISTEARDIMONIUM HECTORITE, SORBITAN ISOSTEARATE, SIMMONDSIA CHINENSIS (JOJOBA) SEED OIL, TOCOPHEROL, BUTYLENE GLYCOL, PROPYLENE CARBONATE, TRIMETHYL PENTANYL DIISOBUTYRATE, ETHYLHEXYLGLYCERIN, PHENOXYETHANOL, POTASSIUM SORBATE, CI 77499 (IRON OXIDES)","Mascara","Essence","https://phorcys-static.ewg.org/cdn-cgi/image/width=560,height=800,quality=60/https://phorcys-static.ewg.org/image/contents/659287/original."
"1773504540-373","https://www.ewg.org/skindeep/browse/brands/12717-essence/","https://www.ewg.org/skindeep/browse/brands/12717-essence/?brand=Essence&page=3","Blend & Line Eyeshadow Stick, Full of Beans 04","Essence","https://phorcys-static.ewg.org/cdn-cgi/image/width=480,height=480,quality=60/https://phorcys-static.ewg.org/image/contents/856700/original.","Essence
         Blend & Line Eyeshadow Stick, Full of Beans 04
      
      
        
            
              
                LOW HAZARD
              Data Availability: Limited","https://www.ewg.org/skindeep/products/5332437-Essence_Blend__Line_Eyeshadow_Stick_Full_of_Beans_04/","METHYL TRIMETHICONE, MICA, TRIMETHYLSILOXYSILICATE, ORYZA SATIVA (RICE) BRAN WAX, OCTYLDODECANOL, SYNTHETIC FLUORPHLOGOPITE, JOJOBA ESTERS, ACRYLATES/DIMETHICONE COPOLYMER, TOCOPHEROL, DISTEARDIMONIUM HECTORITE, PENTAERYTHRITYL TETRA-DI-T-BUTYL HYDROXYHYDROCINNAMATE, PROPYLENE CARBONATE, CI 77491 (IRON OXIDES), CI 77499 (IRON OXIDES).","Eye Shadow","Essence","https://phorcys-static.ewg.org/cdn-cgi/image/width=560,height=800,quality=60/https://phorcys-static.ewg.org/image/contents/856700/original."
"1773504543-374","https://www.ewg.org/skindeep/browse/brands/12717-essence/","https://www.ewg.org/skindeep/browse/brands/12717-essence/?brand=Essence&page=3","Pure Nude Baked Blush, Pretty Peach 05","Essence","https://phorcys-static.ewg.org/cdn-cgi/image/width=480,height=480,quality=60/https://static.ewg.org/skindeep/img/missing_images/sd_logo.png","Essence
         Pure Nude Baked Blush, Pretty Peach 05
      
      
        
            
              
                LOW HAZARD
              Data Availability: Fair","https://www.ewg.org/skindeep/products/1040065-Essence_Pure_Nude_Baked_Blush_Pretty_Peach_05/","MICA, ZEA MAYS (CORN) STARCH, OCTYLDODECANOL, OCTYLDODECYL STEAROYL STEARATE, CETEARYL ETHYLHEXANOATE, TROPOLONE, CAPRYLYL GLYCOL, 1,2-HEXANEDIOL, TIN OXIDE, XANTHAN GUM, CI 15850 (RED 7 LAKE), CI 77491 (IRON OXIDES), CI 77492 (IRON OXIDES), CI 77891 (TITANIUM DIOXIDE)","Blush","Essence","https://phorcys-static.ewg.org/cdn-cgi/image/width=560,height=800,quality=60/https://static.ewg.org/skindeep/img/missing_images/sd_logo.png"
"1773504545-375","https://www.ewg.org/skindeep/browse/brands/12717-essence/","https://www.ewg.org/skindeep/browse/brands/12717-essence/?brand=Essence&page=3","BABY GOT DIAMOND highlighter stick","Essence","https://phorcys-static.ewg.org/cdn-cgi/image/width=480,height=480,quality=60/https://phorcys-static.ewg.org/image/contents/820144/original.","Essence
         BABY GOT DIAMOND highlighter stick
      
      
        
            
              
                LOW HAZARD
              Data Availability: Fair","https://www.ewg.org/skindeep/products/3601977-Essence_BABY_GOT_DIAMOND_highlighter_stick/","COCO-CAPRYLATE, STEARYL ALCOHOL, CETYL PALMITATE, DICAPRYLYL ETHER, CALCIUM SODIUM BOROSILICATE, HYDROGENATED CASTOR OIL, TOCOPHEROL, GLYCERYL CAPRYLATE, TIN OXIDE, CI 77891 (TITANIUM DIOXIDE).","Bronzer/Highlighter","Essence","https://phorcys-static.ewg.org/cdn-cgi/image/width=560,height=800,quality=60/https://phorcys-static.ewg.org/image/contents/820144/original."
"1773504548-376","https://www.ewg.org/skindeep/browse/brands/12717-essence/","https://www.ewg.org/skindeep/browse/brands/12717-essence/?brand=Essence&page=3","Pure Nude Baked Blush, berry cheeks 08","Essence","https://phorcys-static.ewg.org/cdn-cgi/image/width=480,height=480,quality=60/https://phorcys-static.ewg.org/image/contents/856868/original.","Essence
         Pure Nude Baked Blush, berry cheeks 08
      
      
        
            
              
                LOW HAZARD
              Data Availability: Fair","https://www.ewg.org/skindeep/products/474714-Essence_Pure_Nude_Baked_Blush_berry_cheeks_08/",": MICA, ZEA MAYS (CORN) STARCH, OCTYLDODECANOL, OCTYLDODECYL STEAROYL STEARATE, CETEARYL ETHYLHEXANOATE, TROPOLONE, CAPRYLYL GLYCOL, 1,2-HEXANEDIOL, TIN OXIDE, XANTHAN GUM, CI 15850 (RED 7 LAKE), CI 77491 (IRON OXIDES), CI 77891 (TITANIUM DIOXIDE).","Blush","Essence","https://phorcys-static.ewg.org/cdn-cgi/image/width=560,height=800,quality=60/https://phorcys-static.ewg.org/image/contents/856868/original."
"1773504551-377","https://www.ewg.org/skindeep/browse/brands/12717-essence/","https://www.ewg.org/skindeep/browse/brands/12717-essence/?brand=Essence&page=3","Stay & Play Gel Eyeliner, But First Espresso 02","Essence","https://phorcys-static.ewg.org/cdn-cgi/image/width=480,height=480,quality=60/https://phorcys-static.ewg.org/image/contents/856709/original.","Essence
         Stay & Play Gel Eyeliner, But First Espresso 02
      
      
        
            
              
                LOW HAZARD
              Data Availability: Fair","https://www.ewg.org/skindeep/products/4527433-Essence_Stay__Play_Gel_Eyeliner_But_First_Espresso_02/","ISODODECANE, SYNTHETIC WAX, TRIMETHYLSILOXYSILICATE, DIMETHICONE, POLYBUTENE, SYNTHETIC FLUORPHLOGOPITE, POLYGLYCERYL-4 DIISOSTEARATE/POLYHYDROXYSTEARATE/SEBACATE, CAPRYLIC/CAPRIC TRIGLYCERIDE, STEARALKONIUM HECTORITE, MAGNESIUM OXIDE, PROPYLENE CARBONATE, ALUMINA, CI 77491 (IRON OXIDES), CI 77492 (IRON OXIDES), CI 77499 (IRON OXIDES).","Eye Liner","Essence","https://phorcys-static.ewg.org/cdn-cgi/image/width=560,height=800,quality=60/https://phorcys-static.ewg.org/image/contents/856709/original."
"1773504553-378","https://www.ewg.org/skindeep/browse/brands/12717-essence/","https://www.ewg.org/skindeep/browse/brands/12717-essence/?brand=Essence&page=2","long lasting eye pencil, black fever 01","Essence","https://phorcys-static.ewg.org/cdn-cgi/image/width=480,height=480,quality=60/https://phorcys-static.ewg.org/image/contents/684515/original.","Essence
         long lasting eye pencil, black fever 01
      
      
        
            
              
                LOW HAZARD
              Data Availability: Fair","https://www.ewg.org/skindeep/products/3544-Essence_long_lasting_eye_pencil_black_fever_01/",": Methyl Trimethicone, Oryza Sativa (Rice) Bran Wax, Trimethylsiloxysilicate, Octyldodecanol, Acrylates/Dimethicone Copolymer, Disteardimonium Hectorite, Propylene Carbonate, Pentaerythrityl Tetra-Di-T-Butyl Hydroxyhydrocinnamate, Ci 77499 (Iron Oxides), Ci 77510 (Ferric Ammonium Ferrocyanide)","Eye Liner","Essence","https://phorcys-static.ewg.org/cdn-cgi/image/width=560,height=800,quality=60/https://phorcys-static.ewg.org/image/contents/684515/original."
"1773504556-379","https://www.ewg.org/skindeep/browse/brands/12717-essence/","https://www.ewg.org/skindeep/browse/brands/12717-essence/?brand=Essence&page=2","fix & LAST keep it PERFECT MAKE-UP FIXING SPRAY","Essence","https://phorcys-static.ewg.org/cdn-cgi/image/width=480,height=480,quality=60/https://phorcys-static.ewg.org/image/contents/820230/original.","Essence
         fix & LAST keep it PERFECT MAKE-UP FIXING SPRAY
      
      
        
            
              
                LOW HAZARD
              Data Availability: Fair","https://www.ewg.org/skindeep/products/9494572-Essence_fix__LAST_keep_it_PERFECT_MAKEUP_FIXING_SPRAY/","AQUA (WATER), PROPYLENE GLYCOL, PVP, SODIUM HYALURONATE, ETHYLHEXYLGLYCERIN, PHENOXYETHANOL.","Setting Powder/Spray","Essence","https://phorcys-static.ewg.org/cdn-cgi/image/width=560,height=800,quality=60/https://phorcys-static.ewg.org/image/contents/820230/original."
"1773504558-380","https://www.ewg.org/skindeep/browse/brands/12717-essence/","https://www.ewg.org/skindeep/browse/brands/12717-essence/?brand=Essence&page=2","kajal pencil, 08 Teddy","Essence","https://phorcys-static.ewg.org/cdn-cgi/image/width=480,height=480,quality=60/https://phorcys-static.ewg.org/image/contents/856740/original.","Essence
         kajal pencil, 08 Teddy
      
      
        
            
              
                LOW HAZARD
              Data Availability: Limited","https://www.ewg.org/skindeep/products/2763740-Essence_kajal_pencil_08_Teddy/","HYDROGENATED COCO-GLYCERIDES, MICA, OZOKERITE, OCTYLDODECANOL, TRIMYRISTIN, HYDROGENATED CASTOR OIL, BUTYROSPERMUM PARKII (SHEA) BUTTER, JOJOBA ESTERS, HYDROGENATED SOYBEAN OIL, TOCOPHEROL, SILICA, CAPRYLYL GLYCOL, PENTAERYTHRITYL TETRA-DI-T-BUTYL HYDROXYHYDROCINNAMATE, CI 77491 (IRON OXIDES), CI 77499 (IRON OXIDES), CI 77891 (TITANIUM DIOXIDE).","Eye Liner","Essence","https://phorcys-static.ewg.org/cdn-cgi/image/width=560,height=800,quality=60/https://phorcys-static.ewg.org/image/contents/856740/original."
"1773504561-381","https://www.ewg.org/skindeep/browse/brands/12717-essence/","https://www.ewg.org/skindeep/browse/brands/12717-essence/?brand=Essence&page=2","Pure Nude Baked Blush, Pink Flush 02","Essence","https://phorcys-static.ewg.org/cdn-cgi/image/width=480,height=480,quality=60/https://phorcys-static.ewg.org/image/contents/803108/original.","Essence
         Pure Nude Baked Blush, Pink Flush 02
      
      
        
            
              
                LOW HAZARD
              Data Availability: Fair","https://www.ewg.org/skindeep/products/3410242-Essence_Pure_Nude_Baked_Blush_Pink_Flush_02/","MICA, ZEA MAYS (CORN) STARCH, SYNTHETIC FLUORPHLOGOPITE, OCTYLDODECANOL, OCTYLDODECYL STEAROYL STEARATE, CETEARYL ETHYLHEXANOATE, TROPOLONE, CAPRYLYL GLYCOL, 1,2-HEXANEDIOL, XANTHAN GUM, TIN OXIDE, CI 15850 (RED 7 LAKE), CI 77491 (IRON OXIDES), CI 77492 (IRON OXIDES), CI 77891 (TITANIUM DIOXIDE).","Blush","Essence","https://phorcys-static.ewg.org/cdn-cgi/image/width=560,height=800,quality=60/https://phorcys-static.ewg.org/image/contents/803108/original."
"1773504564-382","https://www.ewg.org/skindeep/browse/brands/12717-essence/","https://www.ewg.org/skindeep/browse/brands/12717-essence/?brand=Essence&page=2","Blend & Line Eyeshadow Stick, Diamonds in the Sky 05","Essence","https://phorcys-static.ewg.org/cdn-cgi/image/width=480,height=480,quality=60/https://phorcys-static.ewg.org/image/contents/856702/original.","Essence
         Blend & Line Eyeshadow Stick, Diamonds in the Sky 05
      
      
        
            
              
                LOW HAZARD
              Data Availability: Fair","https://www.ewg.org/skindeep/products/3365138-Essence_Blend__Line_Eyeshadow_Stick_Diamonds_in_the_Sky_05/","METHYL TRIMETHICONE, ORYZA SATIVA BRAN CERA (ORYZA SATIVA (RICE) BRAN WAX), SYNTHETIC FLUORPHLOGOPITE, CALCIUM SODIUM BOROSILICATE, TRIMETHYLSILOXYSILICATE, OCTYLDODECANOL, ACRYLATES/DIMETHICONE COPOLYMER, JOJOBA ESTERS, TOCOPHEROL, DISTEARDIMONIUM HECTORITE, PROPYLENE CARBONATE, MICA, PENTAERYTHRITYL TETRA-DI-T-BUTYL HYDROXYHYDROCINNAMATE, TIN OXIDE, CI 77499 (IRON OXIDES), CI 77891 (TITANIUM DIOXIDE).","Eye Shadow","Essence","https://phorcys-static.ewg.org/cdn-cgi/image/width=560,height=800,quality=60/https://phorcys-static.ewg.org/image/contents/856702/original."
"1773504566-383","https://www.ewg.org/skindeep/browse/brands/12717-essence/","https://www.ewg.org/skindeep/browse/brands/12717-essence/?brand=Essence&page=2","Pure Nude Baked Blush, shimmery rose 01","Essence","https://phorcys-static.ewg.org/cdn-cgi/image/width=480,height=480,quality=60/https://phorcys-static.ewg.org/image/contents/856864/original.","Essence
         Pure Nude Baked Blush, shimmery rose 01
      
      
        
            
              
                LOW HAZARD
              Data Availability: Fair","https://www.ewg.org/skindeep/products/4419129-Essence_Pure_Nude_Baked_Blush_shimmery_rose_01/",": MICA, ZEA MAYS (CORN) STARCH, OCTYLDODECANOL, OCTYLDODECYL STEAROYL STEARATE, CETEARYL ETHYLHEXANOATE, TROPOLONE, CAPRYLYL GLYCOL, 1,2-HEXANEDIOL, XANTHAN GUM, TIN OXIDE, CI 15850 (RED 7 LAKE), CI 77492 (IRON OXIDES), CI 77891 (TITANIUM DIOXIDE).","Blush","Essence","https://phorcys-static.ewg.org/cdn-cgi/image/width=560,height=800,quality=60/https://phorcys-static.ewg.org/image/contents/856864/original."
"1773504569-384","https://www.ewg.org/skindeep/browse/brands/12717-essence/","https://www.ewg.org/skindeep/browse/brands/12717-essence/?brand=Essence&page=2","Long-Lasting Eye Pencil, 02 Hot Chocolate","Essence","https://phorcys-static.ewg.org/cdn-cgi/image/width=480,height=480,quality=60/https://phorcys-static.ewg.org/image/contents/864224/original.","Essence
         Long-Lasting Eye Pencil, 02 Hot Chocolate
      
      
        
            
              
                LOW HAZARD
              Data Availability: Fair","https://www.ewg.org/skindeep/products/5947919-Essence_LongLasting_Eye_Pencil_02_Hot_Chocolate/","METHYL TRIMETHICONE, ORYZA SATIVA (RICE) BRAN WAX, TRIMETHYLSILOXYSILICATE, OCTYLDODECANOL, ACRYLATES/DIMETHICONE COPOLYMER, DISTEARDIMONIUM HECTORITE, PROPYLENE CARBONATE, PENTAERYTHRITYL TETRA-DI-T-BUTYL HYDROXYHYDROCINNAMATE, CI 77499 (IRON OXIDES), CI 77510 (FERRIC AMMONIUM FERROCYANIDE).","Eye Liner","Essence","https://phorcys-static.ewg.org/cdn-cgi/image/width=560,height=800,quality=60/https://phorcys-static.ewg.org/image/contents/864224/original."
"1773504572-385","https://www.ewg.org/skindeep/browse/brands/12717-essence/","https://www.ewg.org/skindeep/browse/brands/12717-essence/?brand=Essence&page=2","Pure Nude Baked Blush, rosy rosewood 06","Essence","https://phorcys-static.ewg.org/cdn-cgi/image/width=480,height=480,quality=60/https://phorcys-static.ewg.org/image/contents/856867/original.","Essence
         Pure Nude Baked Blush, rosy rosewood 06
      
      
        
            
              
                LOW HAZARD
              Data Availability: Fair","https://www.ewg.org/skindeep/products/7179334-Essence_Pure_Nude_Baked_Blush_rosy_rosewood_06/",": MICA, SYNTHETIC FLUORPHLOGOPITE, ZEA MAYS (CORN) STARCH, OCTYLDODECANOL, OCTYLDODECYL STEAROYL STEARATE, CETEARYL ETHYLHEXANOATE, TROPOLONE, CAPRYLYL GLYCOL, 1,2-HEXANEDIOL, XANTHAN GUM, CI 15850 (RED 7 LAKE), CI 77491 (IRON OXIDES), CI 77492 (IRON OXIDES).","Blush","Essence","https://phorcys-static.ewg.org/cdn-cgi/image/width=560,height=800,quality=60/https://phorcys-static.ewg.org/image/contents/856867/original."
"1773504574-386","https://www.ewg.org/skindeep/browse/brands/12717-essence/","https://www.ewg.org/skindeep/browse/brands/12717-essence/?brand=Essence&page=2","Blend & Line Eyeshadow Stick, Feeling Leafy 03","Essence","https://phorcys-static.ewg.org/cdn-cgi/image/width=480,height=480,quality=60/https://phorcys-static.ewg.org/image/contents/856701/original.","Essence
         Blend & Line Eyeshadow Stick, Feeling Leafy 03
      
      
        
            
              
                LOW HAZARD
              Data Availability: Limited","https://www.ewg.org/skindeep/products/1408515-Essence_Blend__Line_Eyeshadow_Stick_Feeling_Leafy_03/","METHYL TRIMETHICONE, MICA, TRIMETHYLSILOXYSILICATE, ORYZA SATIVA (RICE) BRAN WAX, OCTYLDODECANOL, SYNTHETIC FLUORPHLOGOPITE, JOJOBA ESTERS, ACRYLATES/DIMETHICONE COPOLYMER, TOCOPHEROL, DISTEARDIMONIUM HECTORITE, PENTAERYTHRITYL TETRA-DI-T-BUTYL HYDROXYHYDROCINNAMATE, PROPYLENE CARBONATE, CI 77491 (IRON OXIDES), CI 77499 (IRON OXIDES).","Eye Shadow","Essence","https://phorcys-static.ewg.org/cdn-cgi/image/width=560,height=800,quality=60/https://phorcys-static.ewg.org/image/contents/856701/original."
"1773504577-387","https://www.ewg.org/skindeep/browse/brands/12717-essence/","https://www.ewg.org/skindeep/browse/brands/12717-essence/?brand=Essence&page=2","Pure Nude Baked Blush, bold heart 04","Essence","https://phorcys-static.ewg.org/cdn-cgi/image/width=480,height=480,quality=60/https://phorcys-static.ewg.org/image/contents/856866/original.","Essence
         Pure Nude Baked Blush, bold heart 04
      
      
        
            
              
                LOW HAZARD
              Data Availability: Fair","https://www.ewg.org/skindeep/products/5090431-Essence_Pure_Nude_Baked_Blush_bold_heart_04/",": MICA, SYNTHETIC FLUORPHLOGOPITE, ZEA MAYS (CORN) STARCH, OCTYLDODECANOL, CETEARYL ETHYLHEXANOATE, OCTYLDODECYL STEAROYL STEARATE, TROPOLONE, CAPRYLYL GLYCOL, 1,2-HEXANEDIOL, XANTHAN GUM, CI 15850 (RED 7 LAKE), CI 77492 (IRON OXIDES).","Blush","Essence","https://phorcys-static.ewg.org/cdn-cgi/image/width=560,height=800,quality=60/https://phorcys-static.ewg.org/image/contents/856866/original."
"1773504580-388","https://www.ewg.org/skindeep/browse/brands/12717-essence/","https://www.ewg.org/skindeep/browse/brands/12717-essence/?brand=Essence&page=2","Eyebrow Pencil , 20 Brunette","Essence","https://phorcys-static.ewg.org/cdn-cgi/image/width=480,height=480,quality=60/https://phorcys-static.ewg.org/image/contents/699492/original.","Essence
         Eyebrow Pencil , 20 Brunette
      
      
        
            
              
                LOW HAZARD
              Data Availability: Fair","https://www.ewg.org/skindeep/products/1057310-Essence_Eyebrow_Pencil__20_Brunette/","Diisostearyl Malate, Triethylhexanoin, C20-40 Acid, C20-40 Alcohols, Polyethylene, Synthetic Wax, Glyceryl Behenate, Ethylene/Propylene Copolymer, Ethylcellulose, Boron Nitride, Tocopherol, Mica, Vp/Eicosene Copolymer, Ascorbyl Palmitate, Ci 77491 (Iron Oxides), Ci 77492 (Iron Oxides), Ci 77499 (Iron Oxides)","Brow Liner","Essence","https://phorcys-static.ewg.org/cdn-cgi/image/width=560,height=800,quality=60/https://phorcys-static.ewg.org/image/contents/699492/original."
"1773504582-389","https://www.ewg.org/skindeep/browse/brands/12717-essence/","https://www.ewg.org/skindeep/browse/brands/12717-essence/?brand=Essence&page=2","Stay and Play Gel Eyeliner, 06 Silky Nude","Essence","https://phorcys-static.ewg.org/cdn-cgi/image/width=480,height=480,quality=60/https://phorcys-static.ewg.org/image/contents/759689/original.","Essence
         Stay and Play Gel Eyeliner, 06 Silky Nude
      
      
        
            
              
                LOW HAZARD
              Data Availability: Limited","https://www.ewg.org/skindeep/products/1800565-Essence_Stay_and_Play_Gel_Eyeliner_06_Silky_Nude/","Isododecane, Synthetic Wax, Trimethylsiloxysilicate, Dimethicone, Polybutene, Synthetic Fluorphlogopite, Polyglyceryl-4 Diisostearate/Polyhydroxystearate/Sebacate, Caprylic/Capric Triglyceride, Stearalkonium Hectorite, Mica, Propylene Carbonate, CI 77491 (Iron Oxides), CI 77492 (Iron Oxides), CI 77499 (Iron Oxides), CI 77891 (Titanium Dioxide)","Eye Liner","Essence","https://phorcys-static.ewg.org/cdn-cgi/image/width=560,height=800,quality=60/https://phorcys-static.ewg.org/image/contents/759689/original."
"1773504585-390","https://www.ewg.org/skindeep/browse/brands/12717-essence/","","Stay & Play Gel Eyeliner, Black Raven 01","Essence","https://phorcys-static.ewg.org/cdn-cgi/image/width=480,height=480,quality=60/https://phorcys-static.ewg.org/image/contents/856707/original.","Essence
         Stay & Play Gel Eyeliner, Black Raven 01
      
      
        
            
              
                LOW HAZARD
              Data Availability: Limited","https://www.ewg.org/skindeep/products/4558949-Essence_Stay__Play_Gel_Eyeliner_Black_Raven_01/","ISODODECANE, TRIMETHYLSILOXYSILICATE, SYNTHETIC WAX, DIMETHICONE, POLYBUTENE, SYNTHETIC FLUORPHLOGOPITE, POLYGLYCERYL-4 DIISOSTEARATE/POLYHYDROXYSTEARATE/SEBACATE, CAPRYLIC/CAPRIC TRIGLYCERIDE, STEARALKONIUM HECTORITE, PROPYLENE CARBONATE, CI 77499 (IRON OXIDES), CI 77510 (FERRIC AMMONIUM FERROCYANIDE).","Eye Liner","Essence","https://phorcys-static.ewg.org/cdn-cgi/image/width=560,height=800,quality=60/https://phorcys-static.ewg.org/image/contents/856707/original."
"1773504587-391","https://www.ewg.org/skindeep/browse/brands/12717-essence/","","kajal pencil, 04 white","Essence","https://phorcys-static.ewg.org/cdn-cgi/image/width=480,height=480,quality=60/https://phorcys-static.ewg.org/image/contents/856739/original.","Essence
         kajal pencil, 04 white
      
      
        
            
              
                LOW HAZARD
              Data Availability: Limited","https://www.ewg.org/skindeep/products/385901-Essence_kajal_pencil_04_white/","HYDROGENATED COCO-GLYCERIDES, OZOKERITE, OCTYLDODECANOL, TRIMYRISTIN, HYDROGENATED CASTOR OIL, BUTYROSPERMUM PARKII (SHEA) BUTTER, MICA, JOJOBA ESTERS, HYDROGENATED SOYBEAN OIL, SILICA, TOCOPHEROL, CAPRYLYL GLYCOL, PENTAERYTHRITYL TETRA-DI-T-BUTYL HYDROXYHYDROCINNAMATE, CI 77891 (TITANIUM DIOXIDE).","Eye Liner","Essence","https://phorcys-static.ewg.org/cdn-cgi/image/width=560,height=800,quality=60/https://phorcys-static.ewg.org/image/contents/856739/original."
"1773504590-392","https://www.ewg.org/skindeep/browse/brands/12717-essence/","","FaBOWlous gel eyeshadow topper, 01 Bow So Dazzling!","Essence","https://phorcys-static.ewg.org/cdn-cgi/image/width=480,height=480,quality=60/https://phorcys-static.ewg.org/image/contents/820194/original.","Essence
         FaBOWlous gel eyeshadow topper, 01 Bow So Dazzling!
      
      
        
            
              
                LOW HAZARD
              Data Availability: Fair","https://www.ewg.org/skindeep/products/4355969-Essence_FaBOWlous_gel_eyeshadow_topper_01_Bow_So_Dazzling/","ETHYLHEXYL PALMITATE, POLYBUTENE, HYDROGENATED POLYISOBUTENE, CALCIUM SODIUM BOROSILICATE, ARGANIA SPINOSA KERNEL OIL, SILICA DIMETHYL SILYLATE, HYDROXYSTEARIC ACID, TIN OXIDE, CI 16035 (RED 40 LAKE), CI 77891 (TITANIUM DIOXIDE).","Brow Liner","Essence","https://phorcys-static.ewg.org/cdn-cgi/image/width=560,height=800,quality=60/https://phorcys-static.ewg.org/image/contents/820194/original."
"1773504593-393","https://www.ewg.org/skindeep/browse/brands/12717-essence/","","Long Lasting Eye Pencil, Sparkling Black 34","Essence","https://phorcys-static.ewg.org/cdn-cgi/image/width=480,height=480,quality=60/https://phorcys-static.ewg.org/image/contents/856730/original.","Essence
         Long Lasting Eye Pencil, Sparkling Black 34
      
      
        
            
              
                LOW HAZARD
              Data Availability: Fair","https://www.ewg.org/skindeep/products/5742937-Essence_Long_Lasting_Eye_Pencil_Sparkling_Black_34/","METHYL TRIMETHICONE, ORYZA SATIVA (RICE) BRAN WAX, TRIMETHYLSILOXYSILICATE, OCTYLDODECANOL, CALCIUM SODIUM BOROSILICATE, ACRYLATES/DIMETHICONE COPOLYMER, SYNTHETIC FLUORPHLOGOPITE, DISTEARDIMONIUM HECTORITE, PENTAERYTHRITYL TETRA-DI-T-BUTYL HYDROXYHYDROCINNAMATE, TIN OXIDE, PROPYLENE CARBONATE, CI 77499 (IRON OXIDES), CI 77891 (TITANIUM DIOXIDE).","Eye Liner","Essence","https://phorcys-static.ewg.org/cdn-cgi/image/width=560,height=800,quality=60/https://phorcys-static.ewg.org/image/contents/856730/original."
"1773504595-394","https://www.ewg.org/skindeep/browse/brands/12717-essence/","","Blend & Line Eyeshadow Stick, OH MY RUBY 02","Essence","https://phorcys-static.ewg.org/cdn-cgi/image/width=480,height=480,quality=60/https://phorcys-static.ewg.org/image/contents/856698/original.","Essence
         Blend & Line Eyeshadow Stick, OH MY RUBY 02
      
      
        
            
              
                LOW HAZARD
              Data Availability: Limited","https://www.ewg.org/skindeep/products/4387615-Essence_Blend__Line_Eyeshadow_Stick_OH_MY_RUBY_02/","METHYL TRIMETHICONE, MICA, TRIMETHYLSILOXYSILICATE, ORYZA SATIVA (RICE) BRAN WAX, OCTYLDODECANOL, SYNTHETIC FLUORPHLOGOPITE, JOJOBA ESTERS, ACRYLATES/DIMETHICONE COPOLYMER, TOCOPHEROL, DISTEARDIMONIUM HECTORITE, PENTAERYTHRITYL TETRA-DI-T-BUTYL HYDROXYHYDROCINNAMATE, PROPYLENE CARBONATE, CI 77491 (IRON OXIDES), CI 77499 (IRON OXIDES).","Eye Shadow","Essence","https://phorcys-static.ewg.org/cdn-cgi/image/width=560,height=800,quality=60/https://phorcys-static.ewg.org/image/contents/856698/original."
"1773504598-395","https://www.ewg.org/skindeep/browse/brands/12717-essence/","","Eyebrow Pencil , 10 Light Brunette","Essence","https://phorcys-static.ewg.org/cdn-cgi/image/width=480,height=480,quality=60/https://phorcys-static.ewg.org/image/contents/699466/original.","Essence
          Eyebrow Pencil , 10 Light Brunette
      
      
        
            
              
                LOW HAZARD
              Data Availability: Fair","https://www.ewg.org/skindeep/products/1057315-Essence__Eyebrow_Pencil__10_Light_Brunette/","Diisostearyl Malate, Triethylhexanoin, C20-40 Acid, C20-40 Alcohols, Mica, Synthetic Wax, Polyethylene, Glyceryl Behenate/Eicosadioate, Ethylene/Propylene Copolymer, Ethylcellulose, Boron Nitride, Tocopherol, Vp/Eicosene Copolymer, Ascorbyl Palmitate, Ci 77491 (Iron Oxides), Ci 77492 (Iron Oxides), Ci 77499 (Iron Oxides), Ci 77891 (Titanium Dioxide)","Brow Liner","Essence","https://phorcys-static.ewg.org/cdn-cgi/image/width=560,height=800,quality=60/https://phorcys-static.ewg.org/image/contents/699466/original."
"1773504601-396","https://www.ewg.org/skindeep/browse/brands/12717-essence/","","PRIME LIKE A PRO EYESHADOW BASE","Essence","https://phorcys-static.ewg.org/cdn-cgi/image/width=480,height=480,quality=60/https://phorcys-static.ewg.org/image/contents/820226/original.","Essence
         PRIME LIKE A PRO EYESHADOW BASE
      
      
        
            
              
                LOW HAZARD
              Data Availability: Fair","https://www.ewg.org/skindeep/products/1874396-Essence_PRIME_LIKE_A_PRO_EYESHADOW_BASE/","ISODODECANE, TRIMETHYLSILOXYSILICATE, MICA, BUTYROSPERMUM PARKII (SHEA) BUTTER, SHOREA ROBUSTA RESIN, CAPRYLIC/CAPRIC TRIGLYCERIDE, TAPIOCA STARCH, TRIHYDROXYSTEARIN, TRIBEHENIN, SORBITAN SESQUIOLEATE, SILICA, HELIANTHUS ANNUUS (SUNFLOWER) SEED OIL, ALUMINUM STARCH OCTENYLSUCCINATE, STEARALKONIUM HECTORITE, TOCOPHEROL, PROPYLENE CARBONATE, AQUA (WATER).","Eye Shadow","Essence","https://phorcys-static.ewg.org/cdn-cgi/image/width=560,height=800,quality=60/https://phorcys-static.ewg.org/image/contents/820226/original."
"1773504603-397","https://www.ewg.org/skindeep/browse/brands/12717-essence/","","Eyebrow Pencil , 30 Dark Brunette","Essence","https://phorcys-static.ewg.org/cdn-cgi/image/width=480,height=480,quality=60/https://phorcys-static.ewg.org/image/contents/699502/original.","Essence
          Eyebrow Pencil , 30 Dark Brunette
      
      
        
            
              
                LOW HAZARD
              Data Availability: Fair","https://www.ewg.org/skindeep/products/1057311-Essence__Eyebrow_Pencil__30_Dark_Brunette/","Diisostearyl Malate, Triethylhexanoin, C20-40 Acid, C20-40 Alcohols, Polyethylene, Synthetic Wax, Glyceryl Behenate/Eicosadioate, Ethylene/Propylene Copolymer, Ethylcellulose, Boron Nitride, Tocopherol, Mica, Vp/Eicosene Copolymer, Ascorbyl Palmitate, Ci 77491 (Iron Oxides), Ci 77499 (Iron Oxides), Ci 77891 (Titanium Dioxide)","Brow Liner","Essence","https://phorcys-static.ewg.org/cdn-cgi/image/width=560,height=800,quality=60/https://phorcys-static.ewg.org/image/contents/699502/original."
"1773504606-398","https://www.ewg.org/skindeep/browse/brands/12717-essence/","","Pure Nude Baked Blush, Cool Coral 07","Essence","https://phorcys-static.ewg.org/cdn-cgi/image/width=480,height=480,quality=60/https://phorcys-static.ewg.org/image/contents/811923/original.","Essence
         Pure Nude Baked Blush, Cool Coral 07
      
      
        
            
              
                LOW HAZARD
              Data Availability: Fair","https://www.ewg.org/skindeep/products/1144260-Essence_Pure_Nude_Baked_Blush_Cool_Coral_07/","MICA, ZEA MAYS (CORN) STARCH, OCTYLDODECANOL, OCTYLDODECYL STEAROYL STEARATE, CETEARYL ETHYLHEXANOATE, TROPOLONE, CAPRYLYL GLYCOL, 1,2-HEXANEDIOL, XANTHAN GUM, TIN OXIDE, CI 15850 (RED 7 LAKE), CI 77492 (IRON OXIDES), CI 77891 (TITANIUM DIOXIDE).","Blush","Essence","https://phorcys-static.ewg.org/cdn-cgi/image/width=560,height=800,quality=60/https://phorcys-static.ewg.org/image/contents/811923/original."
"1773504609-399","https://www.ewg.org/skindeep/browse/brands/12717-essence/","","nail polish #101 color and go (clear) (old formulation)","Essence","https://phorcys-static.ewg.org/cdn-cgi/image/width=480,height=480,quality=60/https://static.ewg.org/skindeep/img/missing_images/sd_logo.png","Essence
         nail polish #101 color and go (clear) (old formulation)
      
      
        
            
              
                LOW HAZARD
              Data Availability: Limited","https://www.ewg.org/skindeep/products/510052-Essence_nail_polish_101_color_and_go_clear_old_formulation/","Ethyl acetate, butyl acetate, isopropyl alcohol, cellulose acetate butyrate, sucrose benzoate, phthalic anhydride/trimellitic anhydride/glycols copolymer, camphor","Nail Polish","Essence","https://phorcys-static.ewg.org/cdn-cgi/image/width=560,height=800,quality=60/https://static.ewg.org/skindeep/img/missing_images/sd_logo.png"
"1773504612-400","https://www.ewg.org/skindeep/browse/brands/12717-essence/","","Blend & Line Eyeshadow Stick, Copper Feels 01","Essence","https://phorcys-static.ewg.org/cdn-cgi/image/width=480,height=480,quality=60/https://phorcys-static.ewg.org/image/contents/856699/original.","Essence
         Blend & Line Eyeshadow Stick, Copper Feels 01
      
      
        
            
              
                LOW HAZARD
              Data Availability: Limited","https://www.ewg.org/skindeep/products/1618499-Essence_Blend__Line_Eyeshadow_Stick_Copper_Feels_01/","METHYL TRIMETHICONE, MICA, TRIMETHYLSILOXYSILICATE, ORYZA SATIVA (RICE) BRAN WAX, OCTYLDODECANOL, SYNTHETIC FLUORPHLOGOPITE, JOJOBA ESTERS, ACRYLATES/DIMETHICONE COPOLYMER, TOCOPHEROL, DISTEARDIMONIUM HECTORITE, PENTAERYTHRITYL TETRA-DI-T-BUTYL HYDROXYHYDROCINNAMATE, PROPYLENE CARBONATE, CI 77491 (IRON OXIDES), CI 77499 (IRON OXIDES).","Eye Shadow","Essence","https://phorcys-static.ewg.org/cdn-cgi/image/width=560,height=800,quality=60/https://phorcys-static.ewg.org/image/contents/856699/original."
"1773504614-401","https://www.ewg.org/skindeep/browse/brands/12717-essence/","","Benvenuti A Roma Eyeshadow Palette","Essence","https://phorcys-static.ewg.org/cdn-cgi/image/width=480,height=480,quality=60/https://phorcys-static.ewg.org/image/contents/856724/original.?1765028307","Essence
         Benvenuti A Roma Eyeshadow Palette
      
      
        
            
              
                LOW HAZARD
              Data Availability: None","https://www.ewg.org/skindeep/products/7779428-Essence_Benvenuti_A_Roma_Eyeshadow_Palette/","""INGREDIENTS NO 1, 4, 8, 10, 11, 12: TALC, MICA, MAGNESIUM STEARATE, SILICA, DIMETHICONE, ETHYLHEXYL PALMITATE, METHYL HYDROGENATED ROSINATE, PETROLATUM, PHENOXYETHANOL, MAY CONTAIN/[+/-]: CI 16035 (RED 40), CI 19140 (YELLOW 5), CI 42090 (BLUE 1), CI 77491, CI 77492, CI 77499 (IRON OXIDES), CI 77891 (TITANIUM DIOXIDE). INGREDIENTS NO 2, 5, 6, 7, 9: MICA, TALC, DIMETHICONE, ETHYLHEXYL PALMITATE, MAGNESIUM STEARATE, SILICA, METHYL HYDROGENATED ROSINATE, PETROLATUM, PHENOXYETHANOL, MAY CONTAIN/[+/-]: CI 16035 (RED 40), CI 77491, CI 77492, CI 77499 (IRON OXIDES), CI 77891 (TITANIUM DIOXIDE). INGREDIENTS NO 3: MICA, TALC, MAGNESIUM STEARATE, SILICA, DIMETHICONE, ETHYLHEXYL PALMITATE, METHYL HYDROGENATED ROSINATE, PETROLATUM, PHENOXYETHANOL, CI 77491, CI 77492, CI 77499 (IRON OXIDES), CI 77891 (TITANIUM DIOXIDE).""","Eye Shadow","Essence","https://phorcys-static.ewg.org/cdn-cgi/image/width=560,height=800,quality=60/https://phorcys-static.ewg.org/image/contents/856724/original.?1765028307"
